<?xml version="1.0" encoding="UTF-8"?>

<!-- generated on vie 27 sep 2019 17:10:17 CDT by Eclipse SUMO GUI Version 1.1.0
<configuration xmlns:xsi="http://www.w3.org/2001/XMLSchema-instance" xsi:noNamespaceSchemaLocation="http://sumo.dlr.de/xsd/sumoConfiguration.xsd">

    <input>
        <net-file value="generator/irregular_grid/net.net.xml"/>
        <route-files value="generator/irregular_grid/routes.rou.xml"/>
    </input>

    <output>
        <save-state.period value="10"/>
        <save-state.suffix value=".xml"/>
    </output>

    <time>
        <begin value="0"/>
        <end value="50000"/>
        <step-length value="0.2"/>
    </time>

    <traci_server>
        <remote-port value="55083"/>
    </traci_server>

    <gui_only>
        <tracker-interval value="0.2"/>
    </gui_only>

</configuration>
-->

<snapshot xmlns:xsi="http://www.w3.org/2001/XMLSchema-instance" xsi:noNamespaceSchemaLocation="http://sumo.dlr.de/xsd/state_file.xsd" version="1.1.0" time="1760.00">
    <route id="!v746" state="0" edges="e5 e8 e6 e22 e28 e29 e32 e31 e30 e33 e48 e45 e47 e44"/>
    <route id="!v746!var#1" state="0" edges="e5 e8 e7 e1 e11 e22 e23 e25 e26 e29 e32 e31 e30 e33 e39 e40 e46 e45 e47 e44"/>
    <route id="!v749" state="0" edges="e5 e9 e12 e13 e14 e15 e16 e17 e18 e19 e20 e21 e33 e48 e45 e47 e44"/>
    <route id="!v749!var#1" state="0" edges="e5 e8 e7 e1 e11 e22 e23 e25 e26 e29 e32 e31 e30 e33 e39 e40 e46 e45 e47 e44"/>
    <route id="!v750" state="0" edges="e5 e8 e6 e22 e23 e25 e26 e29 e32 e31 e30 e33 e39 e40 e46 e45 e47 e44"/>
    <route id="!v750!var#1" state="0" edges="e5 e8 e7 e1 e11 e22 e23 e25 e26 e29 e32 e31 e30 e33 e39 e40 e46 e45 e47 e44"/>
    <route id="!v752" state="0" edges="e5 e8 e6 e2 e12 e27 e28 e29 e32 e31 e30 e33 e48 e45 e47 e44"/>
    <route id="!v752!var#1" state="0" edges="e5 e8 e7 e1 e11 e22 e23 e25 e26 e29 e32 e31 e30 e33 e39 e40 e46 e45 e47 e44"/>
    <route id="!v753" state="0" edges="e5 e8 e6 e2 e12 e13 e14 e15 e16 e17 e18 e19 e20 e21 e33 e39 e40 e41 e44"/>
    <route id="!v753!var#1" state="0" edges="e5 e8 e7 e1 e11 e22 e23 e25 e26 e29 e32 e31 e30 e33 e39 e40 e46 e45 e47 e44"/>
    <route id="!v763" state="0" edges="e5 e9 e12 e13 e14 e15 e16 e17 e18 e19 e20 e21 e33 e48 e45 e47 e44"/>
    <route id="!v763!var#1" state="0" edges="e5 e8 e7 e1 e11 e22 e23 e25 e26 e29 e32 e31 e30 e33 e39 e40 e46 e45 e47 e44"/>
    <route id="!v767" state="0" edges="e5 e8 e7 e1 e24 e29 e37 e49 e43"/>
    <route id="!v767!var#1" state="0" edges="e5 e8 e7 e1 e11 e22 e23 e25 e26 e29 e32 e31 e30 e33 e39 e40 e46 e45 e47 e44"/>
    <route id="!v773" state="0" edges="e5 e8 e6 e22 e23 e25 e26 e29 e32 e31 e30 e33 e48 e45 e47 e44"/>
    <route id="!v773!var#1" state="0" edges="e5 e8 e7 e1 e11 e22 e23 e25 e26 e29 e32 e31 e30 e33 e39 e40 e46 e45 e47 e44"/>
    <route id="!v775" state="0" edges="e5 e8 e7 e1 e11 e2 e12 e27 e28 e29 e34 e36 e38 e49 e42 e46 e45 e47 e44"/>
    <route id="!v775!var#1" state="0" edges="e5 e8 e7 e1 e11 e22 e23 e25 e26 e29 e32 e31 e30 e33 e39 e40 e46 e45 e47 e44"/>
    <route id="!v780" state="0" edges="e5 e8 e7 e1 e11 e22 e23 e25 e26 e29 e34 e36 e40 e46 e45 e47 e44"/>
    <route id="!v780!var#1" state="0" edges="e5 e8 e7 e1 e11 e22 e23 e25 e26 e29 e32 e31 e30 e33 e39 e40 e46 e45 e47 e44"/>
    <route id="!v781" state="0" edges="e5 e9 e12 e13 e14 e15 e16 e17 e18 e19 e20 e21 e33 e48 e45 e47 e44"/>
    <route id="!v781!var#1" state="0" edges="e5 e8 e7 e1 e11 e22 e23 e25 e26 e29 e32 e31 e30 e33 e39 e40 e46 e45 e47 e44"/>
    <route id="!v782" state="0" edges="e5 e9 e12 e27 e28 e29 e34 e36 e40 e46 e45 e47 e44"/>
    <route id="!v782!var#1" state="0" edges="e5 e8 e7 e1 e11 e22 e23 e25 e26 e29 e32 e31 e30 e33 e39 e40 e46 e45 e47 e44"/>
    <route id="!v785" state="0" edges="e5 e9 e12 e27 e23 e25 e26 e29 e37 e49 e42 e41 e44"/>
    <route id="!v785!var#1" state="0" edges="e5 e8 e7 e1 e11 e22 e23 e25 e26 e29 e32 e31 e30 e33 e39 e40 e46 e45 e47 e44"/>
    <route id="!v788" state="0" edges="e5 e9 e12 e13 e14 e15 e16 e17 e18 e19 e20 e21 e33 e48 e45 e47 e44"/>
    <route id="!v788!var#1" state="0" edges="e5 e8 e7 e1 e11 e22 e23 e25 e26 e29 e32 e31 e30 e33 e39 e40 e46 e45 e47 e44"/>
    <route id="!v792" state="0" edges="e5 e8 e7 e1 e24 e29 e32 e31 e30 e33 e39 e38 e49 e43"/>
    <route id="!v792!var#1" state="0" edges="e5 e8 e7 e1 e11 e22 e23 e25 e26 e29 e32 e31 e30 e33 e39 e40 e46 e45 e47 e44"/>
    <route id="!v811" state="0" edges="e5 e9 e12 e27 e23 e25 e26 e29 e34 e35 e33 e48 e45 e47 e44"/>
    <route id="!v811!var#1" state="0" edges="e5 e8 e7 e1 e11 e22 e23 e25 e26 e29 e32 e31 e30 e33 e39 e40 e46 e45 e47 e44"/>
    <route id="!v814" state="0" edges="e5 e8 e6 e2 e12 e27 e28 e29 e37 e49 e43"/>
    <route id="!v814!var#1" state="0" edges="e5 e8 e7 e1 e11 e22 e23 e25 e26 e29 e32 e31 e30 e33 e39 e40 e46 e45 e47 e44"/>
    <route id="!v817" state="0" edges="e5 e8 e7 e1 e24 e29 e32 e31 e30 e33 e39 e40 e46 e45 e47 e44"/>
    <route id="!v817!var#1" state="0" edges="e5 e8 e7 e1 e11 e22 e23 e25 e26 e29 e32 e31 e30 e33 e39 e40 e46 e45 e47 e44"/>
    <route id="!v821" state="0" edges="e5 e9 e12 e13 e14 e15 e16 e17 e18 e19 e20 e21 e33 e39 e38 e49 e42 e46 e45 e47 e44"/>
    <route id="!v821!var#1" state="0" edges="e5 e8 e7 e1 e11 e22 e23 e25 e26 e29 e32 e31 e30 e33 e39 e40 e46 e45 e47 e44"/>
    <route id="!v822" state="0" edges="e5 e9 e12 e13 e14 e15 e16 e17 e18 e19 e20 e21 e33 e39 e40 e46 e45 e47 e44"/>
    <route id="!v822!var#1" state="0" edges="e5 e8 e7 e1 e11 e22 e23 e25 e26 e29 e32 e31 e30 e33 e39 e40 e46 e45 e47 e44"/>
    <route id="!v823" state="0" edges="e5 e9 e12 e27 e28 e29 e34 e36 e38 e49 e43"/>
    <route id="!v823!var#1" state="0" edges="e5 e8 e7 e1 e11 e22 e23 e25 e26 e29 e32 e31 e30 e33 e39 e40 e46 e45 e47 e44"/>
    <route id="!v824" state="0" edges="e5 e9 e12 e27 e28 e29 e37 e49 e43"/>
    <route id="!v824!var#1" state="0" edges="e5 e8 e7 e1 e11 e22 e23 e25 e26 e29 e32 e31 e30 e33 e39 e40 e46 e45 e47 e44"/>
    <route id="!v825" state="0" edges="e5 e9 e12 e13 e14 e15 e16 e17 e18 e19 e20 e21 e33 e48 e45 e47 e44"/>
    <route id="!v825!var#1" state="0" edges="e5 e8 e7 e1 e11 e22 e23 e25 e26 e29 e32 e31 e30 e33 e39 e40 e46 e45 e47 e44"/>
    <route id="!v828" state="0" edges="e5 e8 e6 e2 e12 e27 e23 e25 e26 e29 e32 e31 e30 e33 e39 e38 e49 e42 e41 e44"/>
    <route id="!v828!var#1" state="0" edges="e5 e8 e7 e1 e11 e22 e23 e25 e26 e29 e32 e31 e30 e33 e39 e40 e46 e45 e47 e44"/>
    <route id="!v831" state="0" edges="e5 e8 e6 e2 e12 e27 e28 e29 e34 e36 e38 e49 e43"/>
    <route id="!v831!var#1" state="0" edges="e5 e8 e7 e1 e11 e22 e23 e25 e26 e29 e32 e31 e30 e33 e39 e40 e46 e45 e47 e44"/>
    <route id="!v842" state="0" edges="e5 e8 e7 e1 e24 e29 e37 e49 e43"/>
    <route id="!v842!var#1" state="0" edges="e5 e8 e7 e1 e11 e22 e23 e25 e26 e29 e32 e31 e30 e33 e39 e40 e46 e45 e47 e44"/>
    <route id="!v846" state="0" edges="e5 e9 e12 e27 e23 e25 e26 e29 e37 e49 e43"/>
    <route id="!v846!var#1" state="0" edges="e5 e8 e7 e1 e11 e22 e23 e25 e26 e29 e32 e31 e30 e33 e39 e40 e46 e45 e47 e44"/>
    <route id="!v849" state="0" edges="e5 e8 e7 e1 e11 e2 e12 e27 e28 e29 e32 e31 e30 e33 e48 e45 e47 e44"/>
    <route id="!v849!var#1" state="0" edges="e5 e8 e7 e1 e11 e22 e23 e25 e26 e29 e32 e31 e30 e33 e39 e40 e46 e45 e47 e44"/>
    <route id="!v852" state="0" edges="e5 e9 e12 e27 e23 e25 e26 e29 e32 e31 e30 e33 e39 e40 e41 e44"/>
    <route id="!v852!var#1" state="0" edges="e5 e8 e7 e1 e11 e22 e23 e25 e26 e29 e32 e31 e30 e33 e39 e40 e46 e45 e47 e44"/>
    <route id="!v858" state="0" edges="e5 e9 e12 e27 e23 e25 e26 e29 e32 e31 e30 e33 e48 e45 e47 e44"/>
    <route id="!v858!var#1" state="0" edges="e5 e8 e7 e1 e11 e22 e23 e25 e26 e29 e32 e31 e30 e33 e39 e40 e46 e45 e47 e44"/>
    <route id="!v865" state="0" edges="e5 e8 e6 e22 e23 e25 e26 e29 e34 e35 e33 e48 e45 e47 e44"/>
    <route id="!v865!var#1" state="0" edges="e5 e8 e7 e1 e11 e22 e23 e25 e26 e29 e32 e31 e30 e33 e39 e40 e46 e45 e47 e44"/>
    <route id="!v873" state="0" edges="e5 e9 e12 e13 e14 e15 e16 e17 e18 e19 e20 e21 e33 e48 e45 e47 e44"/>
    <route id="!v873!var#1" state="0" edges="e5 e8 e7 e1 e11 e22 e23 e25 e26 e29 e32 e31 e30 e33 e39 e40 e46 e45 e47 e44"/>
    <route id="!v877" state="0" edges="e5 e9 e12 e27 e23 e25 e26 e29 e34 e35 e33 e39 e38 e49 e43"/>
    <route id="!v877!var#1" state="0" edges="e5 e8 e7 e1 e11 e22 e23 e25 e26 e29 e32 e31 e30 e33 e39 e40 e46 e45 e47 e44"/>
    <route id="!v879" state="0" edges="e5 e8 e7 e1 e11 e22 e23 e25 e26 e29 e32 e31 e30 e33 e39 e38 e49 e43"/>
    <route id="!v879!var#1" state="0" edges="e5 e8 e7 e1 e11 e22 e23 e25 e26 e29 e32 e31 e30 e33 e39 e40 e46 e45 e47 e44"/>
    <route id="!v880" state="0" edges="e5 e8 e7 e1 e24 e29 e34 e36 e40 e46 e45 e47 e44"/>
    <route id="!v880!var#1" state="0" edges="e5 e8 e7 e1 e11 e22 e23 e25 e26 e29 e32 e31 e30 e33 e39 e40 e46 e45 e47 e44"/>
    <route id="!v881" state="0" edges="e5 e9 e12 e27 e28 e29 e37 e49 e43"/>
    <route id="!v881!var#1" state="0" edges="e5 e8 e7 e1 e11 e22 e23 e25 e26 e29 e32 e31 e30 e33 e39 e40 e46 e45 e47 e44"/>
    <route id="!v884" state="0" edges="e5 e9 e12 e13 e14 e15 e16 e17 e18 e19 e20 e21 e33 e39 e38 e49 e43"/>
    <route id="!v884!var#1" state="0" edges="e5 e8 e7 e1 e11 e22 e23 e25 e26 e29 e32 e31 e30 e33 e39 e40 e46 e45 e47 e44"/>
    <route id="!v889" state="0" edges="e5 e8 e7 e1 e24 e29 e34 e35 e33 e48 e45 e47 e44"/>
    <route id="!v889!var#1" state="0" edges="e5 e8 e7 e1 e11 e22 e23 e25 e26 e29 e32 e31 e30 e33 e39 e40 e46 e45 e47 e44"/>
    <route id="!v890" state="0" edges="e5 e8 e6 e2 e12 e13 e14 e15 e16 e17 e18 e19 e20 e21 e33 e39 e40 e41 e44"/>
    <route id="!v890!var#1" state="0" edges="e5 e8 e7 e1 e11 e22 e23 e25 e26 e29 e32 e31 e30 e33 e39 e40 e46 e45 e47 e44"/>
    <route id="!v894" state="0" edges="e5 e9 e12 e27 e28 e29 e32 e31 e30 e33 e39 e40 e41 e44"/>
    <route id="!v894!var#1" state="0" edges="e5 e8 e7 e1 e11 e22 e23 e25 e26 e29 e32 e31 e30 e33 e39 e40 e46 e45 e47 e44"/>
    <route id="!v895" state="0" edges="e5 e8 e6 e2 e12 e27 e28 e29 e37 e49 e43"/>
    <route id="!v895!var#1" state="0" edges="e5 e8 e7 e1 e11 e22 e23 e25 e26 e29 e32 e31 e30 e33 e39 e40 e46 e45 e47 e44"/>
    <route id="!v898" state="0" edges="e5 e8 e6 e22 e23 e25 e26 e29 e37 e49 e43"/>
    <route id="!v898!var#1" state="0" edges="e5 e8 e7 e1 e11 e22 e23 e25 e26 e29 e32 e31 e30 e33 e39 e40 e46 e45 e47 e44"/>
    <route id="!v912" state="0" edges="e5 e9 e12 e13 e14 e15 e16 e17 e18 e19 e20 e21 e33 e48 e45 e47 e44"/>
    <route id="!v912!var#1" state="0" edges="e5 e8 e7 e1 e11 e22 e23 e25 e26 e29 e32 e31 e30 e33 e39 e40 e46 e45 e47 e44"/>
    <route id="!v914" state="0" edges="e5 e8 e6 e2 e12 e13 e14 e15 e16 e17 e18 e19 e20 e21 e33 e39 e38 e49 e43"/>
    <route id="!v914!var#1" state="0" edges="e5 e8 e7 e1 e11 e22 e23 e25 e26 e29 e32 e31 e30 e33 e39 e40 e46 e45 e47 e44"/>
    <route id="!v916" state="0" edges="e5 e8 e7 e1 e24 e29 e34 e36 e38 e49 e43"/>
    <route id="!v916!var#1" state="0" edges="e5 e8 e7 e1 e11 e22 e23 e25 e26 e29 e32 e31 e30 e33 e39 e40 e46 e45 e47 e44"/>
    <route id="!v921" state="0" edges="e5 e8 e7 e1 e11 e22 e23 e25 e26 e29 e37 e49 e43"/>
    <route id="!v921!var#1" state="0" edges="e5 e8 e7 e1 e11 e22 e23 e25 e26 e29 e32 e31 e30 e33 e39 e40 e46 e45 e47 e44"/>
    <route id="!v925" state="0" edges="e5 e8 e7 e1 e24 e29 e34 e36 e38 e49 e43"/>
    <route id="!v925!var#1" state="0" edges="e5 e8 e7 e1 e11 e22 e23 e25 e26 e29 e32 e31 e30 e33 e39 e40 e46 e45 e47 e44"/>
    <route id="!v927" state="0" edges="e5 e9 e12 e27 e23 e25 e26 e29 e32 e31 e30 e33 e48 e45 e47 e44"/>
    <route id="!v927!var#1" state="0" edges="e5 e8 e7 e1 e11 e22 e23 e25 e26 e29 e32 e31 e30 e33 e39 e40 e46 e45 e47 e44"/>
    <route id="!v932" state="0" edges="e5 e8 e7 e1 e11 e2 e12 e27 e28 e29 e32 e31 e30 e33 e48 e45 e47 e44"/>
    <route id="!v932!var#1" state="0" edges="e5 e8 e7 e1 e11 e22 e23 e25 e26 e29 e32 e31 e30 e33 e39 e40 e46 e45 e47 e44"/>
    <route id="!v934" state="0" edges="e5 e8 e6 e22 e23 e25 e26 e29 e34 e36 e38 e49 e42 e46 e45 e47 e44"/>
    <route id="!v934!var#1" state="0" edges="e5 e8 e7 e1 e11 e22 e23 e25 e26 e29 e32 e31 e30 e33 e39 e40 e46 e45 e47 e44"/>
    <route id="!v936" state="0" edges="e5 e8 e7 e1 e11 e22 e28 e29 e34 e35 e33 e48 e45 e47 e44"/>
    <route id="!v936!var#1" state="0" edges="e5 e8 e7 e1 e11 e22 e23 e25 e26 e29 e32 e31 e30 e33 e39 e40 e46 e45 e47 e44"/>
    <route id="!v937" state="0" edges="e5 e8 e7 e1 e24 e29 e32 e31 e30 e33 e39 e40 e46 e45 e47 e44"/>
    <route id="!v937!var#1" state="0" edges="e5 e8 e7 e1 e11 e22 e23 e25 e26 e29 e32 e31 e30 e33 e39 e40 e46 e45 e47 e44"/>
    <route id="!v943" state="0" edges="e5 e9 e12 e27 e28 e29 e32 e31 e30 e33 e39 e38 e49 e43"/>
    <route id="!v943!var#1" state="0" edges="e5 e8 e7 e1 e11 e22 e23 e25 e26 e29 e32 e31 e30 e33 e39 e40 e46 e45 e47 e44"/>
    <route id="!v946" state="0" edges="e5 e8 e7 e1 e24 e29 e37 e49 e43"/>
    <route id="!v946!var#1" state="0" edges="e5 e8 e7 e1 e11 e22 e23 e25 e26 e29 e32 e31 e30 e33 e39 e40 e46 e45 e47 e44"/>
    <route id="!v947" state="0" edges="e5 e8 e7 e1 e11 e22 e28 e29 e34 e36 e38 e49 e42 e46 e45 e47 e44"/>
    <route id="!v947!var#1" state="0" edges="e5 e8 e7 e1 e11 e22 e23 e25 e26 e29 e32 e31 e30 e33 e39 e40 e46 e45 e47 e44"/>
    <route id="!v953" state="0" edges="e5 e9 e12 e13 e14 e15 e16 e17 e18 e19 e20 e21 e33 e39 e40 e41 e44"/>
    <route id="!v953!var#1" state="0" edges="e5 e8 e7 e1 e11 e22 e23 e25 e26 e29 e32 e31 e30 e33 e39 e40 e46 e45 e47 e44"/>
    <route id="!v955" state="0" edges="e5 e9 e12 e27 e28 e29 e32 e31 e30 e33 e48 e45 e47 e44"/>
    <route id="!v955!var#1" state="0" edges="e5 e8 e7 e1 e11 e22 e23 e25 e26 e29 e32 e31 e30 e33 e39 e40 e46 e45 e47 e44"/>
    <route id="!v956" state="0" edges="e5 e8 e6 e2 e12 e27 e28 e29 e32 e31 e30 e33 e39 e38 e49 e43"/>
    <route id="!v956!var#1" state="0" edges="e5 e8 e7 e1 e11 e22 e23 e25 e26 e29 e32 e31 e30 e33 e39 e40 e46 e45 e47 e44"/>
    <route id="!v959" state="0" edges="e5 e9 e12 e13 e14 e15 e16 e17 e18 e19 e20 e21 e33 e39 e38 e49 e43"/>
    <route id="!v959!var#1" state="0" edges="e5 e8 e7 e1 e11 e22 e23 e25 e26 e29 e32 e31 e30 e33 e39 e40 e46 e45 e47 e44"/>
    <route id="!v960" state="0" edges="e5 e9 e12 e27 e23 e25 e26 e29 e37 e49 e42 e41 e44"/>
    <route id="!v960!var#1" state="0" edges="e5 e8 e7 e1 e11 e22 e23 e25 e26 e29 e32 e31 e30 e33 e39 e40 e46 e45 e47 e44"/>
    <route id="!v963" state="0" edges="e5 e9 e12 e13 e14 e15 e16 e17 e18 e19 e20 e21 e33 e48 e45 e47 e44"/>
    <route id="!v963!var#1" state="0" edges="e5 e8 e7 e1 e11 e22 e23 e25 e26 e29 e32 e31 e30 e33 e39 e40 e46 e45 e47 e44"/>
    <route id="!v969" state="0" edges="e5 e8 e6 e22 e28 e29 e37 e49 e43"/>
    <route id="!v969!var#1" state="0" edges="e5 e8 e7 e1 e11 e22 e23 e25 e26 e29 e32 e31 e30 e33 e39 e40 e46 e45 e47 e44"/>
    <route id="!v972" state="0" edges="e5 e8 e6 e2 e12 e13 e14 e15 e16 e17 e18 e19 e20 e21 e33 e39 e38 e49 e42 e46 e45 e47 e44"/>
    <route id="!v972!var#1" state="0" edges="e5 e8 e7 e1 e11 e22 e23 e25 e26 e29 e32 e31 e30 e33 e39 e40 e46 e45 e47 e44"/>
    <route id="!v975" state="0" edges="e5 e8 e7 e1 e11 e2 e12 e27 e28 e29 e32 e31 e30 e33 e39 e40 e41 e44"/>
    <route id="!v975!var#1" state="0" edges="e5 e8 e7 e1 e11 e22 e23 e25 e26 e29 e32 e31 e30 e33 e39 e40 e46 e45 e47 e44"/>
    <route id="!v976" state="0" edges="e5 e9 e12 e27 e23 e25 e26 e29 e37 e49 e43"/>
    <route id="!v976!var#1" state="0" edges="e5 e8 e7 e1 e11 e22 e23 e25 e26 e29 e32 e31 e30 e33 e39 e40 e46 e45 e47 e44"/>
    <route id="!v977" state="0" edges="e5 e8 e7 e1 e11 e22 e23 e25 e26 e29 e34 e35 e33 e39 e40 e41 e44"/>
    <route id="!v977!var#1" state="0" edges="e5 e8 e7 e1 e11 e22 e23 e25 e26 e29 e32 e31 e30 e33 e39 e40 e46 e45 e47 e44"/>
    <route id="!v979" state="0" edges="e5 e9 e12 e27 e28 e29 e32 e31 e30 e33 e39 e40 e41 e44"/>
    <route id="!v979!var#1" state="0" edges="e5 e8 e7 e1 e11 e22 e23 e25 e26 e29 e32 e31 e30 e33 e39 e40 e46 e45 e47 e44"/>
    <route id="!v984" state="0" edges="e5 e8 e6 e22 e23 e25 e26 e29 e37 e49 e42 e41 e44"/>
    <route id="!v984!var#1" state="0" edges="e5 e8 e7 e1 e11 e22 e23 e25 e26 e29 e32 e31 e30 e33 e39 e40 e46 e45 e47 e44"/>
    <route id="!v997" state="0" edges="e5 e8 e6 e22 e28 e29 e34 e36 e38 e49 e42 e46 e45 e47 e44"/>
    <route id="!v997!var#1" state="0" edges="e5 e8 e7 e1 e11 e22 e23 e25 e26 e29 e32 e31 e30 e33 e39 e40 e46 e45 e47 e44"/>
    <route id="!v999" state="0" edges="e5 e8 e7 e1 e11 e22 e28 e29 e34 e36 e38 e49 e43"/>
    <route id="!v999!var#1" state="0" edges="e5 e8 e7 e1 e11 e22 e23 e25 e26 e29 e32 e31 e30 e33 e39 e40 e46 e45 e47 e44"/>
    <delay number="70" begin="1000" end="930" depart="204717.00" time="239651.00"/>
    <vType id="DEFAULT_BIKETYPE" vClass="bicycle"/>
    <vType id="DEFAULT_PEDTYPE" vClass="pedestrian"/>
    <vType id="DEFAULT_VEHTYPE"/>
    <vehicle id="v746" type="DEFAULT_VEHTYPE" depart="746.00" route="!v746!var#1" speedFactor="0.95" state="1476400 19 5.10 0 1759800" pos="64.53" speed="13.04" posLat="0.00"/>
    <vehicle id="v749" type="DEFAULT_VEHTYPE" depart="749.00" route="!v749!var#1" speedFactor="0.95" state="1479200 19 5.10 0 1759800" pos="30.43" speed="13.10" posLat="0.00"/>
    <vehicle id="v750" type="DEFAULT_VEHTYPE" depart="750.00" route="!v750!var#1" speedFactor="1.14" state="1481800 19 5.10 0 1759800" pos="4.58" speed="14.25" posLat="0.00"/>
    <vehicle id="v752" type="DEFAULT_VEHTYPE" depart="752.00" route="!v752!var#1" speedFactor="0.88" state="1484400 18 5.10 0 1759800" pos="37.26" speed="12.18" posLat="0.00"/>
    <vehicle id="v753" type="DEFAULT_VEHTYPE" depart="753.00" route="!v753!var#1" speedFactor="1.03" state="1487000 18 5.10 0 1759800" pos="12.16" speed="7.68" posLat="0.00"/>
    <vehicle id="v763" type="DEFAULT_VEHTYPE" depart="763.00" route="!v763!var#1" speedFactor="1.05" state="1489800 17 5.10 0 1759800" pos="89.45" speed="4.98" posLat="0.00"/>
    <vehicle id="v767" type="DEFAULT_VEHTYPE" depart="767.00" route="!v767!var#1" speedFactor="1.14" state="1492400 17 5.10 0 1759800" pos="76.65" speed="5.26" posLat="0.00"/>
    <vehicle id="v773" type="DEFAULT_VEHTYPE" depart="773.00" route="!v773!var#1" speedFactor="1.14" state="1495000 17 5.10 0 1759800" pos="63.87" speed="5.36" posLat="0.00"/>
    <vehicle id="v775" type="DEFAULT_VEHTYPE" depart="775.00" route="!v775!var#1" speedFactor="1.14" state="1497600 17 5.10 0 1759800" pos="51.20" speed="4.83" posLat="0.00"/>
    <vehicle id="v780" type="DEFAULT_VEHTYPE" depart="780.00" route="!v780!var#1" speedFactor="1.07" state="1500200 17 5.10 0 1759800" pos="38.61" speed="4.95" posLat="0.00"/>
    <vehicle id="v781" type="DEFAULT_VEHTYPE" depart="781.00" route="!v781!var#1" speedFactor="1.00" state="1502800 17 5.10 0 1759800" pos="26.04" speed="4.69" posLat="0.00"/>
    <vehicle id="v782" type="DEFAULT_VEHTYPE" depart="782.00" route="!v782!var#1" speedFactor="0.77" state="1505400 17 5.10 0 1759800" pos="13.42" speed="4.91" posLat="0.00"/>
    <vehicle id="v785" type="DEFAULT_VEHTYPE" depart="785.00" route="!v785!var#1" speedFactor="0.75" state="1508000 16 5.10 0 1759800" pos="8.82" speed="4.50" posLat="0.00"/>
    <vehicle id="v788" type="DEFAULT_VEHTYPE" depart="788.00" route="!v788!var#1" speedFactor="0.98" state="1510600 16 5.10 0 1759800" pos="72.52" speed="4.52" posLat="0.00"/>
    <vehicle id="v792" type="DEFAULT_VEHTYPE" depart="792.00" route="!v792!var#1" speedFactor="0.99" state="1513200 16 5.10 0 1759800" pos="60.13" speed="4.60" posLat="0.00"/>
    <vehicle id="v811" type="DEFAULT_VEHTYPE" depart="811.00" route="!v811!var#1" speedFactor="0.84" state="1515800 16 5.10 0 1759800" pos="47.80" speed="4.63" posLat="0.00"/>
    <vehicle id="v814" type="DEFAULT_VEHTYPE" depart="814.00" route="!v814!var#1" speedFactor="1.19" state="1518400 16 5.10 0 1759800" pos="35.34" speed="4.78" posLat="0.00"/>
    <vehicle id="v817" type="DEFAULT_VEHTYPE" depart="817.00" route="!v817!var#1" speedFactor="1.05" state="1521000 16 5.10 0 1759800" pos="22.76" speed="4.58" posLat="0.00"/>
    <vehicle id="v821" type="DEFAULT_VEHTYPE" depart="821.00" route="!v821!var#1" speedFactor="0.92" state="1523600 16 5.10 0 1759800" pos="10.16" speed="4.83" posLat="0.00"/>
    <vehicle id="v822" type="DEFAULT_VEHTYPE" depart="822.00" route="!v822!var#1" speedFactor="1.03" state="1526200 15 5.10 0 1759800" pos="6.47" speed="4.92" posLat="0.00"/>
    <vehicle id="v823" type="DEFAULT_VEHTYPE" depart="823.00" route="!v823!var#1" speedFactor="0.95" state="1528800 15 5.10 0 1759800" pos="127.48" speed="5.05" posLat="0.00"/>
    <vehicle id="v824" type="DEFAULT_VEHTYPE" depart="824.00" route="!v824!var#1" speedFactor="1.06" state="1531400 15 5.10 0 1759800" pos="114.13" speed="5.34" posLat="0.00"/>
    <vehicle id="v825" type="DEFAULT_VEHTYPE" depart="825.00" route="!v825!var#1" speedFactor="1.11" state="1534000 15 5.10 0 1759800" pos="100.12" speed="6.02" posLat="0.00"/>
    <vehicle id="v828" type="DEFAULT_VEHTYPE" depart="828.00" route="!v828!var#1" speedFactor="0.81" state="1536600 15 5.10 0 1759800" pos="82.87" speed="7.52" posLat="0.00"/>
    <vehicle id="v831" type="DEFAULT_VEHTYPE" depart="831.00" route="!v831!var#1" speedFactor="1.00" state="1539200 15 5.10 0 1759800" pos="65.25" speed="8.48" posLat="0.00"/>
    <vehicle id="v842" type="DEFAULT_VEHTYPE" depart="842.00" route="!v842!var#1" speedFactor="0.79" state="1541800 15 5.10 0 1759800" pos="32.11" speed="10.91" posLat="0.00"/>
    <vehicle id="v846" type="DEFAULT_VEHTYPE" depart="846.00" route="!v846!var#1" speedFactor="0.76" state="1544400 14 5.10 0 1759800" pos="2.45" speed="4.85" posLat="0.00"/>
    <vehicle id="v849" type="DEFAULT_VEHTYPE" depart="849.00" route="!v849!var#1" speedFactor="0.86" state="1547000 14 5.10 0 1759800" pos="75.26" speed="7.10" posLat="0.00"/>
    <vehicle id="v852" type="DEFAULT_VEHTYPE" depart="852.00" route="!v852!var#1" speedFactor="0.96" state="1549600 14 5.10 0 1759800" pos="55.67" speed="9.21" posLat="0.00"/>
    <vehicle id="v858" type="DEFAULT_VEHTYPE" depart="858.00" route="!v858!var#1" speedFactor="0.84" state="1552400 14 5.10 0 1759800" pos="25.80" speed="10.91" posLat="0.00"/>
    <vehicle id="v865" type="DEFAULT_VEHTYPE" depart="865.00" route="!v865!var#1" speedFactor="1.17" state="1555000 14 5.10 0 1759800" pos="8.87" speed="9.43" posLat="0.00"/>
    <vehicle id="v873" type="DEFAULT_VEHTYPE" depart="873.00" route="!v873!var#1" speedFactor="1.05" state="1557800 13 5.10 0 1759800" pos="1.38" speed="6.96" posLat="0.00"/>
    <vehicle id="v877" type="DEFAULT_VEHTYPE" depart="877.00" route="!v877!var#1" speedFactor="0.91" state="1560400 13 5.10 0 1759800" pos="154.55" speed="7.38" posLat="0.00"/>
    <vehicle id="v879" type="DEFAULT_VEHTYPE" depart="879.00" route="!v879!var#1" speedFactor="1.06" state="1563000 13 5.10 0 1759800" pos="139.58" speed="7.59" posLat="0.00"/>
    <vehicle id="v880" type="DEFAULT_VEHTYPE" depart="880.00" route="!v880!var#1" speedFactor="0.98" state="1565800 13 5.10 0 1759800" pos="124.48" speed="7.16" posLat="0.00"/>
    <vehicle id="v881" type="DEFAULT_VEHTYPE" depart="881.00" route="!v881!var#1" speedFactor="0.96" state="1568400 13 5.10 0 1759800" pos="109.23" speed="7.43" posLat="0.00"/>
    <vehicle id="v884" type="DEFAULT_VEHTYPE" depart="884.00" route="!v884!var#1" speedFactor="1.01" state="1571000 13 5.10 0 1759800" pos="93.63" speed="7.54" posLat="0.00"/>
    <vehicle id="v889" type="DEFAULT_VEHTYPE" depart="889.00" route="!v889!var#1" speedFactor="1.05" state="1573600 13 5.10 0 1759800" pos="77.68" speed="7.75" posLat="0.00"/>
    <vehicle id="v890" type="DEFAULT_VEHTYPE" depart="890.00" route="!v890!var#1" speedFactor="1.06" state="1576400 13 5.10 0 1759800" pos="61.36" speed="8.03" posLat="0.00"/>
    <vehicle id="v894" type="DEFAULT_VEHTYPE" depart="894.00" route="!v894!var#1" speedFactor="1.08" state="1579000 13 5.10 0 1759800" pos="44.82" speed="8.42" posLat="0.00"/>
    <vehicle id="v895" type="DEFAULT_VEHTYPE" depart="895.00" route="!v895!var#1" speedFactor="1.02" state="1581600 13 5.10 0 1759800" pos="28.00" speed="8.59" posLat="0.00"/>
    <vehicle id="v898" type="DEFAULT_VEHTYPE" depart="898.00" route="!v898!var#1" speedFactor="0.81" state="1584200 12 5.10 0 1759800" pos="45.93" speed="11.01" posLat="0.00"/>
    <vehicle id="v912" type="DEFAULT_VEHTYPE" depart="912.00" route="!v912!var#1" speedFactor="1.01" state="1586800 12 5.10 0 1759800" pos="26.95" speed="11.07" posLat="0.00"/>
    <vehicle id="v914" type="DEFAULT_VEHTYPE" depart="914.00" route="!v914!var#1" speedFactor="0.92" state="1589400 12 5.10 0 1759800" pos="7.83" speed="11.34" posLat="0.00"/>
    <vehicle id="v916" type="DEFAULT_VEHTYPE" depart="916.00" route="!v916!var#1" speedFactor="0.91" state="1592000 11 5.10 0 1759800" pos="89.09" speed="11.48" posLat="0.00"/>
    <vehicle id="v921" type="DEFAULT_VEHTYPE" depart="921.00" route="!v921!var#1" speedFactor="0.91" state="1594800 11 5.10 0 1759800" pos="65.45" speed="12.51" posLat="0.00"/>
    <vehicle id="v925" type="DEFAULT_VEHTYPE" depart="925.00" route="!v925!var#1" speedFactor="0.97" state="1597400 11 5.10 0 1759800" pos="44.65" speed="12.47" posLat="0.00"/>
    <vehicle id="v927" type="DEFAULT_VEHTYPE" depart="927.00" route="!v927!var#1" speedFactor="0.90" state="1600000 11 5.10 0 1759800" pos="7.05" speed="12.23" posLat="0.00"/>
    <vehicle id="v932" type="DEFAULT_VEHTYPE" depart="932.00" route="!v932!var#1" speedFactor="0.92" state="1602600 10 5.10 0 1759800" pos="68.08" speed="12.70" posLat="0.00"/>
    <vehicle id="v934" type="DEFAULT_VEHTYPE" depart="934.00" route="!v934!var#1" speedFactor="1.02" state="1605200 10 5.10 0 1759800" pos="44.62" speed="13.35" posLat="0.00"/>
    <vehicle id="v936" type="DEFAULT_VEHTYPE" depart="936.00" route="!v936!var#1" speedFactor="1.11" state="1607800 10 5.10 0 1759800" pos="22.29" speed="12.81" posLat="0.00"/>
    <vehicle id="v937" type="DEFAULT_VEHTYPE" depart="937.00" route="!v937!var#1" speedFactor="1.00" state="1610400 9 5.10 0 1759800" pos="8.45" speed="7.67" posLat="0.00"/>
    <vehicle id="v943" type="DEFAULT_VEHTYPE" depart="943.00" route="!v943!var#1" speedFactor="0.92" state="1613000 9 5.10 0 1759800" pos="339.29" speed="11.82" posLat="0.00"/>
    <vehicle id="v946" type="DEFAULT_VEHTYPE" depart="946.00" route="!v946!var#1" speedFactor="1.08" state="1615600 9 5.10 0 1759800" pos="318.80" speed="12.22" posLat="0.00"/>
    <vehicle id="v947" type="DEFAULT_VEHTYPE" depart="947.00" route="!v947!var#1" speedFactor="1.04" state="1618400 9 5.10 0 1759800" pos="297.98" speed="12.58" posLat="0.00"/>
    <vehicle id="v953" type="DEFAULT_VEHTYPE" depart="953.00" route="!v953!var#1" speedFactor="1.03" state="1621000 9 5.10 0 1759800" pos="274.60" speed="13.65" posLat="0.00"/>
    <vehicle id="v955" type="DEFAULT_VEHTYPE" depart="955.00" route="!v955!var#1" speedFactor="0.91" state="1623800 9 5.10 0 1759800" pos="207.64" speed="12.67" posLat="0.00"/>
    <vehicle id="v956" type="DEFAULT_VEHTYPE" depart="956.00" route="!v956!var#1" speedFactor="0.98" state="1626400 9 5.10 0 1759800" pos="186.35" speed="12.64" posLat="0.00"/>
    <vehicle id="v959" type="DEFAULT_VEHTYPE" depart="959.00" route="!v959!var#1" speedFactor="1.11" state="1629000 9 5.10 0 1759800" pos="164.51" speed="12.89" posLat="0.00"/>
    <vehicle id="v960" type="DEFAULT_VEHTYPE" depart="960.00" route="!v960!var#1" speedFactor="1.09" state="1631600 9 5.10 0 1759800" pos="139.11" speed="14.20" posLat="0.00"/>
    <vehicle id="v963" type="DEFAULT_VEHTYPE" depart="963.00" route="!v963!var#1" speedFactor="1.23" state="1634200 9 5.10 0 1759800" pos="113.34" speed="15.14" posLat="0.00"/>
    <vehicle id="v969" type="DEFAULT_VEHTYPE" depart="969.00" route="!v969!var#1" speedFactor="1.09" state="1636800 9 5.10 0 1759800" pos="70.21" speed="15.13" posLat="0.00"/>
    <vehicle id="v972" type="DEFAULT_VEHTYPE" depart="972.00" route="!v972!var#1" speedFactor="0.98" state="1639400 9 5.10 0 1759800" pos="27.26" speed="12.04" posLat="0.00"/>
    <vehicle id="v975" type="DEFAULT_VEHTYPE" depart="975.00" route="!v975!var#1" speedFactor="0.96" state="1642000 9 5.10 0 1759800" pos="0.88" speed="6.37" posLat="0.00"/>
    <vehicle id="v976" type="DEFAULT_VEHTYPE" depart="976.00" route="!v976!var#1" speedFactor="0.85" state="1644600 8 5.10 0 1759800" pos="77.79" speed="9.21" posLat="0.00"/>
    <vehicle id="v977" type="DEFAULT_VEHTYPE" depart="977.00" route="!v977!var#1" speedFactor="1.07" state="1647200 8 5.10 0 1759800" pos="54.75" speed="11.53" posLat="0.00"/>
    <vehicle id="v979" type="DEFAULT_VEHTYPE" depart="979.00" route="!v979!var#1" speedFactor="0.97" state="1649800 8 5.10 0 1759800" pos="20.98" speed="9.45" posLat="0.00"/>
    <vehicle id="v984" type="DEFAULT_VEHTYPE" depart="984.00" route="!v984!var#1" speedFactor="1.20" state="1652600 8 5.10 0 1759800" pos="3.50" speed="5.80" posLat="0.00"/>
    <vehicle id="v997" type="DEFAULT_VEHTYPE" depart="997.00" route="!v997!var#1" speedFactor="1.17" state="1655200 7 5.10 0 1759800" pos="59.15" speed="5.34" posLat="0.00"/>
    <vehicle id="v999" type="DEFAULT_VEHTYPE" depart="999.00" route="!v999!var#1" speedFactor="0.93" state="1657800 7 5.10 0 1759800" pos="46.24" speed="4.99" posLat="0.00"/>
    <lane id=":n0_0_0">
        <vehicles value=""/>
    </lane>
    <lane id=":n1_0_0">
        <vehicles value=""/>
    </lane>
    <lane id=":n1_1_0">
        <vehicles value=""/>
    </lane>
    <lane id=":n10_0_0">
        <vehicles value=""/>
    </lane>
    <lane id=":n10_1_0">
        <vehicles value=""/>
    </lane>
    <lane id=":n10_2_0">
        <vehicles value=""/>
    </lane>
    <lane id=":n10_3_0">
        <vehicles value=""/>
    </lane>
    <lane id=":n11_0_0">
        <vehicles value=""/>
    </lane>
    <lane id=":n11_1_0">
        <vehicles value=""/>
    </lane>
    <lane id=":n11_2_0">
        <vehicles value=""/>
    </lane>
    <lane id=":n12_0_0">
        <vehicles value=""/>
    </lane>
    <lane id=":n13_0_0">
        <vehicles value=""/>
    </lane>
    <lane id=":n14_0_0">
        <vehicles value=""/>
    </lane>
    <lane id=":n15_0_0">
        <vehicles value=""/>
    </lane>
    <lane id=":n16_0_0">
        <vehicles value=""/>
    </lane>
    <lane id=":n17_0_0">
        <vehicles value=""/>
    </lane>
    <lane id=":n18_0_0">
        <vehicles value=""/>
    </lane>
    <lane id=":n19_0_0">
        <vehicles value=""/>
    </lane>
    <lane id=":n20_0_0">
        <vehicles value=""/>
    </lane>
    <lane id=":n21_0_0">
        <vehicles value=""/>
    </lane>
    <lane id=":n22_0_0">
        <vehicles value=""/>
    </lane>
    <lane id=":n22_1_0">
        <vehicles value=""/>
    </lane>
    <lane id=":n22_2_0">
        <vehicles value=""/>
    </lane>
    <lane id=":n23_0_0">
        <vehicles value=""/>
    </lane>
    <lane id=":n24_0_0">
        <vehicles value=""/>
    </lane>
    <lane id=":n25_0_0">
        <vehicles value="v937"/>
    </lane>
    <lane id=":n25_1_0">
        <vehicles value=""/>
    </lane>
    <lane id=":n25_2_0">
        <vehicles value=""/>
    </lane>
    <lane id=":n26_0_0">
        <vehicles value=""/>
    </lane>
    <lane id=":n26_1_0">
        <vehicles value=""/>
    </lane>
    <lane id=":n27_0_0">
        <vehicles value=""/>
    </lane>
    <lane id=":n27_1_0">
        <vehicles value=""/>
    </lane>
    <lane id=":n28_0_0">
        <vehicles value="v846"/>
    </lane>
    <lane id=":n28_1_0">
        <vehicles value=""/>
    </lane>
    <lane id=":n28_2_0">
        <vehicles value=""/>
    </lane>
    <lane id=":n28_3_0">
        <vehicles value=""/>
    </lane>
    <lane id=":n29_0_0">
        <vehicles value=""/>
    </lane>
    <lane id=":n29_1_0">
        <vehicles value="v873"/>
    </lane>
    <lane id=":n3_0_0">
        <vehicles value=""/>
    </lane>
    <lane id=":n3_1_0">
        <vehicles value=""/>
    </lane>
    <lane id=":n30_0_0">
        <vehicles value=""/>
    </lane>
    <lane id=":n30_1_0">
        <vehicles value=""/>
    </lane>
    <lane id=":n31_0_0">
        <vehicles value="v822"/>
    </lane>
    <lane id=":n31_1_0">
        <vehicles value=""/>
    </lane>
    <lane id=":n31_2_0">
        <vehicles value=""/>
    </lane>
    <lane id=":n31_3_0">
        <vehicles value=""/>
    </lane>
    <lane id=":n32_0_0">
        <vehicles value=""/>
    </lane>
    <lane id=":n32_1_0">
        <vehicles value="v785"/>
    </lane>
    <lane id=":n34_0_0">
        <vehicles value=""/>
    </lane>
    <lane id=":n34_1_0">
        <vehicles value=""/>
    </lane>
    <lane id=":n35_0_0">
        <vehicles value=""/>
    </lane>
    <lane id=":n4_0_0">
        <vehicles value=""/>
    </lane>
    <lane id=":n4_1_0">
        <vehicles value=""/>
    </lane>
    <lane id=":n4_2_0">
        <vehicles value=""/>
    </lane>
    <lane id=":n4_3_0">
        <vehicles value=""/>
    </lane>
    <lane id=":n5_0_0">
        <vehicles value=""/>
    </lane>
    <lane id=":n5_1_0">
        <vehicles value=""/>
    </lane>
    <lane id=":n6_0_0">
        <vehicles value=""/>
    </lane>
    <lane id=":n6_1_0">
        <vehicles value=""/>
    </lane>
    <lane id=":n7_0_0">
        <vehicles value=""/>
    </lane>
    <lane id=":n7_1_0">
        <vehicles value=""/>
    </lane>
    <lane id=":n7_2_0">
        <vehicles value=""/>
    </lane>
    <lane id=":n7_3_0">
        <vehicles value=""/>
    </lane>
    <lane id=":n8_0_0">
        <vehicles value=""/>
    </lane>
    <lane id=":n8_1_0">
        <vehicles value=""/>
    </lane>
    <lane id=":n9_0_0">
        <vehicles value=""/>
    </lane>
    <lane id=":n9_1_0">
        <vehicles value=""/>
    </lane>
    <lane id="e0_0">
        <vehicles value=""/>
    </lane>
    <lane id="e1_0">
        <vehicles value=""/>
    </lane>
    <lane id="e10_0">
        <vehicles value=""/>
    </lane>
    <lane id="e11_0">
        <vehicles value=""/>
    </lane>
    <lane id="e12_0">
        <vehicles value=""/>
    </lane>
    <lane id="e13_0">
        <vehicles value=""/>
    </lane>
    <lane id="e14_0">
        <vehicles value=""/>
    </lane>
    <lane id="e15_0">
        <vehicles value=""/>
    </lane>
    <lane id="e16_0">
        <vehicles value=""/>
    </lane>
    <lane id="e17_0">
        <vehicles value=""/>
    </lane>
    <lane id="e18_0">
        <vehicles value=""/>
    </lane>
    <lane id="e19_0">
        <vehicles value=""/>
    </lane>
    <lane id="e2_0">
        <vehicles value=""/>
    </lane>
    <lane id="e20_0">
        <vehicles value=""/>
    </lane>
    <lane id="e21_0">
        <vehicles value=""/>
    </lane>
    <lane id="e22_0">
        <vehicles value=""/>
    </lane>
    <lane id="e23_0">
        <vehicles value=""/>
    </lane>
    <lane id="e24_0">
        <vehicles value=""/>
    </lane>
    <lane id="e25_0">
        <vehicles value="v999 v997"/>
    </lane>
    <lane id="e26_0">
        <vehicles value="v984 v979 v977 v976"/>
    </lane>
    <lane id="e27_0">
        <vehicles value=""/>
    </lane>
    <lane id="e28_0">
        <vehicles value=""/>
    </lane>
    <lane id="e29_0">
        <vehicles value="v975 v972 v969 v963 v960 v959 v956 v955 v953 v947 v946 v943"/>
    </lane>
    <lane id="e3_0">
        <vehicles value=""/>
    </lane>
    <lane id="e30_0">
        <vehicles value="v914 v912 v898"/>
    </lane>
    <lane id="e31_0">
        <vehicles value="v927 v925 v921 v916"/>
    </lane>
    <lane id="e32_0">
        <vehicles value="v936 v934 v932"/>
    </lane>
    <lane id="e33_0">
        <vehicles value="v895 v894 v890 v889 v884 v881 v880 v879 v877"/>
    </lane>
    <lane id="e34_0">
        <vehicles value=""/>
    </lane>
    <lane id="e35_0">
        <vehicles value=""/>
    </lane>
    <lane id="e36_0">
        <vehicles value=""/>
    </lane>
    <lane id="e37_0">
        <vehicles value=""/>
    </lane>
    <lane id="e38_0">
        <vehicles value=""/>
    </lane>
    <lane id="e39_0">
        <vehicles value="v865 v858 v852 v849"/>
    </lane>
    <lane id="e4_0">
        <vehicles value=""/>
    </lane>
    <lane id="e40_0">
        <vehicles value="v842 v831 v828 v825 v824 v823"/>
    </lane>
    <lane id="e41_0">
        <vehicles value=""/>
    </lane>
    <lane id="e42_0">
        <vehicles value=""/>
    </lane>
    <lane id="e43_0">
        <vehicles value=""/>
    </lane>
    <lane id="e44_0">
        <vehicles value="v750 v749 v746"/>
    </lane>
    <lane id="e45_0">
        <vehicles value="v782 v781 v780 v775 v773 v767 v763"/>
    </lane>
    <lane id="e46_0">
        <vehicles value="v821 v817 v814 v811 v792 v788"/>
    </lane>
    <lane id="e47_0">
        <vehicles value="v753 v752"/>
    </lane>
    <lane id="e48_0">
        <vehicles value=""/>
    </lane>
    <lane id="e49_0">
        <vehicles value=""/>
    </lane>
    <lane id="e5_0">
        <vehicles value=""/>
    </lane>
    <lane id="e6_0">
        <vehicles value=""/>
    </lane>
    <lane id="e7_0">
        <vehicles value=""/>
    </lane>
    <lane id="e8_0">
        <vehicles value=""/>
    </lane>
    <lane id="e9_0">
        <vehicles value=""/>
    </lane>
</snapshot>
