<?xml version="1.0" encoding="UTF-8"?>

<!-- generated on vie 27 sep 2019 13:48:54 CDT by Eclipse SUMO GUI Version 1.1.0
<configuration xmlns:xsi="http://www.w3.org/2001/XMLSchema-instance" xsi:noNamespaceSchemaLocation="http://sumo.dlr.de/xsd/sumoConfiguration.xsd">

    <input>
        <net-file value="generator/irregular_grid/net.net.xml"/>
        <route-files value="generator/irregular_grid/routes.rou.xml"/>
    </input>

    <output>
        <save-state.period value="10"/>
        <save-state.suffix value=".xml"/>
    </output>

    <time>
        <begin value="0"/>
        <end value="50000"/>
        <step-length value="0.2"/>
    </time>

    <traci_server>
        <remote-port value="55083"/>
    </traci_server>

    <gui_only>
        <tracker-interval value="0.2"/>
    </gui_only>

</configuration>
-->

<snapshot xmlns:xsi="http://www.w3.org/2001/XMLSchema-instance" xsi:noNamespaceSchemaLocation="http://sumo.dlr.de/xsd/state_file.xsd" version="1.1.0" time="380.00">
    <route id="!v100" state="0" edges="e5 e9 e12 e13 e14 e15 e16 e17 e18 e19 e20 e21 e33 e48 e45 e47 e44"/>
    <route id="!v100!var#15" state="0" edges="e5 e8 e7 e1 e11 e2 e12 e27 e23 e25 e26 e29 e37 e49 e43"/>
    <route id="!v109" state="0" edges="e5 e8 e6 e22 e23 e25 e26 e29 e32 e31 e30 e33 e39 e40 e41 e44"/>
    <route id="!v109!var#14" state="0" edges="e5 e8 e6 e2 e12 e13 e14 e15 e16 e17 e18 e19 e20 e21 e33 e39 e38 e49 e43"/>
    <route id="!v110" state="0" edges="e5 e8 e7 e1 e24 e29 e34 e35 e33 e48 e45 e47 e44"/>
    <route id="!v110!var#16" state="0" edges="e5 e8 e6 e2 e12 e13 e14 e15 e16 e17 e18 e19 e20 e21 e33 e39 e38 e49 e43"/>
    <route id="!v111" state="0" edges="e5 e9 e12 e13 e14 e15 e16 e17 e18 e19 e20 e21 e33 e39 e38 e49 e42 e41 e44"/>
    <route id="!v111!var#14" state="0" edges="e5 e8 e6 e22 e23 e25 e26 e29 e37 e49 e43"/>
    <route id="!v112" state="0" edges="e5 e9 e12 e13 e14 e15 e16 e17 e18 e19 e20 e21 e33 e39 e40 e41 e44"/>
    <route id="!v112!var#14" state="0" edges="e5 e8 e7 e1 e11 e22 e28 e29 e37 e49 e43"/>
    <route id="!v113" state="0" edges="e5 e8 e7 e1 e24 e29 e32 e31 e30 e33 e39 e38 e49 e42 e46 e45 e47 e44"/>
    <route id="!v113!var#13" state="0" edges="e5 e8 e7 e1 e11 e2 e12 e13 e14 e15 e16 e17 e18 e19 e20 e21 e33 e39 e38 e49 e43"/>
    <route id="!v116" state="0" edges="e5 e8 e7 e1 e11 e22 e23 e25 e26 e29 e34 e36 e38 e49 e43"/>
    <route id="!v116!var#11" state="0" edges="e5 e9 e12 e27 e23 e25 e26 e29 e32 e31 e30 e33 e39 e38 e49 e43"/>
    <route id="!v119" state="0" edges="e5 e8 e6 e2 e12 e13 e14 e15 e16 e17 e18 e19 e20 e21 e33 e39 e38 e49 e42 e46 e45 e47 e44"/>
    <route id="!v119!var#10" state="0" edges="e5 e9 e12 e27 e23 e25 e26 e29 e32 e31 e30 e33 e39 e38 e49 e43"/>
    <route id="!v122" state="0" edges="e5 e8 e6 e22 e23 e25 e26 e29 e37 e49 e42 e41 e44"/>
    <route id="!v123" state="0" edges="e5 e9 e12 e13 e14 e15 e16 e17 e18 e19 e20 e21 e33 e39 e40 e46 e45 e47 e44"/>
    <route id="!v126" state="0" edges="e5 e9 e12 e27 e23 e25 e26 e29 e32 e31 e30 e33 e39 e40 e41 e44"/>
    <route id="!v131" state="0" edges="e5 e9 e12 e13 e14 e15 e16 e17 e18 e19 e20 e21 e33 e39 e40 e46 e45 e47 e44"/>
    <route id="!v134" state="0" edges="e5 e9 e12 e13 e14 e15 e16 e17 e18 e19 e20 e21 e33 e48 e45 e47 e44"/>
    <route id="!v135" state="0" edges="e10 e3 e5 e8 e7 e1 e11 e22 e28 e29 e32 e31 e30 e33 e48 e45 e47 e44"/>
    <route id="!v135!var#18" state="0" edges="e10 e3 e5 e9 e12 e13 e14 e15 e16 e17 e18 e19 e20 e21 e33 e39 e38 e49 e42 e41 e44"/>
    <route id="!v136" state="0" edges="e5 e8 e7 e1 e24 e29 e32 e31 e30 e33 e39 e40 e41 e44"/>
    <route id="!v139" state="0" edges="e5 e8 e7 e1 e24 e29 e32 e31 e30 e33 e48 e45 e47 e44"/>
    <route id="!v141" state="0" edges="e5 e9 e12 e27 e23 e25 e26 e29 e32 e31 e30 e33 e39 e40 e41 e44"/>
    <route id="!v143" state="0" edges="e5 e9 e12 e27 e28 e29 e32 e31 e30 e33 e48 e45 e47 e44"/>
    <route id="!v144" state="0" edges="e10 e4 e7 e1 e11 e2 e12 e27 e28 e29 e34 e36 e38 e49 e43"/>
    <route id="!v144!var#22" state="0" edges="e10 e3 e5 e9 e12 e27 e23 e25 e26 e29 e32 e31 e30 e33 e39 e40 e41 e44"/>
    <route id="!v145" state="0" edges="e5 e8 e7 e1 e11 e2 e12 e27 e28 e29 e37 e49 e43"/>
    <route id="!v148" state="0" edges="e10 e4 e6 e22 e28 e29 e37 e49 e42 e41 e44"/>
    <route id="!v148!var#21" state="0" edges="e10 e3 e5 e9 e12 e27 e23 e25 e26 e29 e34 e35 e33 e39 e38 e49 e42 e46 e45 e47 e44"/>
    <route id="!v149" state="0" edges="e3 e5 e9 e12 e27 e28 e29 e32 e31 e30 e33 e48 e45 e47 e44"/>
    <route id="!v149!var#16" state="0" edges="e3 e5 e9 e12 e13 e14 e15 e16 e17 e18 e19 e20 e21 e33 e39 e38 e49 e42 e41 e44"/>
    <route id="!v150" state="0" edges="e5 e8 e7 e1 e11 e22 e23 e25 e26 e29 e32 e31 e30 e33 e48 e45 e47 e44"/>
    <route id="!v151" state="0" edges="e5 e8 e6 e2 e12 e27 e23 e25 e26 e29 e34 e35 e33 e48 e45 e47 e44"/>
    <route id="!v152" state="0" edges="e5 e8 e6 e2 e12 e13 e14 e15 e16 e17 e18 e19 e20 e21 e33 e48 e45 e47 e44"/>
    <route id="!v153" state="0" edges="e5 e8 e7 e1 e11 e22 e28 e29 e37 e49 e43"/>
    <route id="!v154" state="0" edges="e5 e8 e7 e1 e11 e2 e12 e27 e28 e29 e37 e49 e42 e46 e45 e47 e44"/>
    <route id="!v157" state="0" edges="e5 e8 e6 e2 e12 e27 e23 e25 e26 e29 e37 e49 e43"/>
    <route id="!v158" state="0" edges="e5 e8 e6 e2 e12 e13 e14 e15 e16 e17 e18 e19 e20 e21 e33 e39 e40 e46 e45 e47 e44"/>
    <route id="!v161" state="0" edges="e4 e7 e1 e11 e2 e12 e13 e14 e15 e16 e17 e18 e19 e20 e21 e33 e48 e45 e47 e44"/>
    <route id="!v161!var#22" state="0" edges="e4 e7 e1 e11 e2 e12 e13 e14 e15 e16 e17 e18 e19 e20 e21 e33 e39 e38 e49 e42 e46 e45 e47 e44"/>
    <route id="!v162" state="0" edges="e3 e5 e8 e7 e1 e24 e29 e34 e36 e38 e49 e42 e41 e44"/>
    <route id="!v162!var#18" state="0" edges="e3 e5 e8 e7 e1 e24 e29 e34 e35 e33 e39 e38 e49 e42 e46 e45 e47 e44"/>
    <route id="!v165" state="0" edges="e4 e7 e1 e11 e22 e23 e25 e26 e29 e37 e49 e42 e41 e44"/>
    <route id="!v165!var#23" state="0" edges="e4 e7 e1 e11 e2 e12 e13 e14 e15 e16 e17 e18 e19 e20 e21 e33 e39 e38 e49 e43"/>
    <route id="!v166" state="0" edges="e5 e9 e12 e27 e23 e25 e26 e29 e32 e31 e30 e33 e48 e45 e47 e44"/>
    <route id="!v167" state="0" edges="e5 e8 e7 e1 e11 e22 e28 e29 e34 e36 e38 e49 e42 e46 e45 e47 e44"/>
    <route id="!v168" state="0" edges="e5 e9 e12 e27 e28 e29 e32 e31 e30 e33 e39 e38 e49 e42 e46 e45 e47 e44"/>
    <route id="!v169" state="0" edges="e5 e9 e12 e27 e28 e29 e32 e31 e30 e33 e39 e38 e49 e42 e41 e44"/>
    <route id="!v171" state="0" edges="e5 e9 e12 e27 e23 e25 e26 e29 e32 e31 e30 e33 e39 e38 e49 e42 e41 e44"/>
    <route id="!v172" state="0" edges="e4 e6 e22 e28 e29 e37 e49 e43"/>
    <route id="!v172!var#19" state="0" edges="e4 e7 e1 e24 e29 e34 e35 e33 e39 e38 e49 e42 e41 e44"/>
    <route id="!v173" state="0" edges="e5 e9 e12 e13 e14 e15 e16 e17 e18 e19 e20 e21 e33 e39 e38 e49 e43"/>
    <route id="!v177" state="0" edges="e5 e8 e7 e1 e11 e22 e23 e25 e26 e29 e37 e49 e42 e41 e44"/>
    <route id="!v178" state="0" edges="e10 e4 e7 e1 e11 e2 e12 e27 e28 e29 e37 e49 e43"/>
    <route id="!v178!var#21" state="0" edges="e10 e4 e7 e1 e24 e29 e32 e31 e30 e33 e39 e38 e49 e42 e46 e45 e47 e44"/>
    <route id="!v182" state="0" edges="e0 e1 e11 e22 e23 e25 e26 e29 e37 e49 e42 e41 e44"/>
    <route id="!v182!var#16" state="0" edges="e0 e1 e11 e22 e23 e25 e26 e29 e34 e36 e38 e49 e42 e46 e45 e47 e44"/>
    <route id="!v185" state="0" edges="e5 e9 e12 e27 e23 e25 e26 e29 e32 e31 e30 e33 e48 e45 e47 e44"/>
    <route id="!v188" state="0" edges="e5 e9 e12 e27 e23 e25 e26 e29 e32 e31 e30 e33 e48 e45 e47 e44"/>
    <route id="!v189" state="0" edges="e5 e9 e12 e13 e14 e15 e16 e17 e18 e19 e20 e21 e33 e48 e45 e47 e44"/>
    <route id="!v190" state="0" edges="e3 e5 e8 e6 e2 e12 e13 e14 e15 e16 e17 e18 e19 e20 e21 e33 e39 e40 e46 e45 e47 e44"/>
    <route id="!v190!var#16" state="0" edges="e3 e5 e9 e12 e13 e14 e15 e16 e17 e18 e19 e20 e21 e33 e39 e40 e41 e44"/>
    <route id="!v193" state="0" edges="e5 e9 e12 e13 e14 e15 e16 e17 e18 e19 e20 e21 e33 e48 e45 e47 e44"/>
    <route id="!v195" state="0" edges="e4 e7 e1 e24 e29 e34 e35 e33 e39 e38 e49 e43"/>
    <route id="!v195!var#16" state="0" edges="e4 e6 e22 e23 e25 e26 e29 e34 e35 e33 e48 e45 e47 e44"/>
    <route id="!v196" state="0" edges="e5 e8 e6 e2 e12 e13 e14 e15 e16 e17 e18 e19 e20 e21 e33 e39 e38 e49 e43"/>
    <route id="!v197" state="0" edges="e3 e5 e8 e7 e1 e11 e2 e12 e27 e23 e25 e26 e29 e34 e35 e33 e48 e45 e47 e44"/>
    <route id="!v197!var#19" state="0" edges="e3 e5 e9 e12 e27 e28 e29 e32 e31 e30 e33 e39 e40 e41 e44"/>
    <route id="!v198" state="0" edges="e5 e9 e12 e13 e14 e15 e16 e17 e18 e19 e20 e21 e33 e39 e40 e46 e45 e47 e44"/>
    <route id="!v199" state="0" edges="e10 e3 e5 e8 e6 e22 e28 e29 e37 e49 e43"/>
    <route id="!v199!var#20" state="0" edges="e10 e4 e6 e22 e28 e29 e34 e35 e33 e39 e40 e41 e44"/>
    <route id="!v201" state="0" edges="e5 e9 e12 e27 e23 e25 e26 e29 e34 e35 e33 e48 e45 e47 e44"/>
    <route id="!v202" state="0" edges="e5 e9 e12 e13 e14 e15 e16 e17 e18 e19 e20 e21 e33 e39 e40 e41 e44"/>
    <route id="!v203" state="0" edges="e0 e1 e24 e29 e37 e49 e43"/>
    <route id="!v203!var#18" state="0" edges="e0 e1 e11 e22 e23 e25 e26 e29 e34 e35 e33 e39 e38 e49 e43"/>
    <route id="!v205" state="0" edges="e0 e1 e11 e2 e12 e13 e14 e15 e16 e17 e18 e19 e20 e21 e33 e48 e45 e47 e44"/>
    <route id="!v205!var#20" state="0" edges="e0 e1 e11 e22 e28 e29 e34 e35 e33 e39 e38 e49 e43"/>
    <route id="!v206" state="0" edges="e3 e5 e8 e6 e2 e12 e13 e14 e15 e16 e17 e18 e19 e20 e21 e33 e39 e40 e41 e44"/>
    <route id="!v206!var#20" state="0" edges="e3 e5 e8 e6 e22 e28 e29 e32 e31 e30 e33 e39 e38 e49 e43"/>
    <route id="!v208" state="0" edges="e3 e5 e8 e7 e1 e24 e29 e32 e31 e30 e33 e39 e38 e49 e43"/>
    <route id="!v208!var#21" state="0" edges="e3 e5 e8 e6 e22 e28 e29 e32 e31 e30 e33 e39 e38 e49 e43"/>
    <route id="!v210" state="0" edges="e4 e6 e22 e28 e29 e37 e49 e43"/>
    <route id="!v210!var#18" state="0" edges="e4 e6 e22 e28 e29 e34 e35 e33 e39 e40 e46 e45 e47 e44"/>
    <route id="!v211" state="0" edges="e5 e8 e6 e22 e28 e29 e37 e49 e42 e41 e44"/>
    <route id="!v212" state="0" edges="e0 e1 e24 e29 e37 e49 e42 e41 e44"/>
    <route id="!v212!var#19" state="0" edges="e0 e1 e11 e22 e28 e29 e32 e31 e30 e33 e39 e40 e46 e45 e47 e44"/>
    <route id="!v213" state="0" edges="e5 e8 e7 e1 e11 e22 e28 e29 e37 e49 e42 e41 e44"/>
    <route id="!v214" state="0" edges="e3 e5 e9 e12 e27 e23 e25 e26 e29 e37 e49 e43"/>
    <route id="!v214!var#17" state="0" edges="e3 e5 e8 e7 e1 e24 e29 e32 e31 e30 e33 e39 e40 e46 e45 e47 e44"/>
    <route id="!v215" state="0" edges="e0 e1 e24 e29 e32 e31 e30 e33 e48 e45 e47 e44"/>
    <route id="!v215!var#17" state="0" edges="e0 e1 e11 e22 e28 e29 e32 e31 e30 e33 e39 e40 e46 e45 e47 e44"/>
    <route id="!v216" state="0" edges="e10 e3 e5 e9 e12 e27 e23 e25 e26 e29 e37 e49 e42 e46 e45 e47 e44"/>
    <route id="!v216!var#15" state="0" edges="e10 e4 e6 e22 e28 e29 e32 e31 e30 e33 e39 e38 e49 e42 e46 e45 e47 e44"/>
    <route id="!v217" state="0" edges="e0 e1 e24 e29 e37 e49 e42 e41 e44"/>
    <route id="!v217!var#20" state="0" edges="e0 e1 e11 e22 e28 e29 e32 e31 e30 e33 e39 e38 e49 e43"/>
    <route id="!v218" state="0" edges="e5 e8 e7 e1 e24 e29 e32 e31 e30 e33 e48 e45 e47 e44"/>
    <route id="!v219" state="0" edges="e5 e9 e12 e27 e23 e25 e26 e29 e37 e49 e43"/>
    <route id="!v220" state="0" edges="e0 e1 e24 e29 e34 e36 e38 e49 e42 e46 e45 e47 e44"/>
    <route id="!v220!var#19" state="0" edges="e0 e1 e11 e22 e23 e25 e26 e29 e34 e36 e40 e41 e44"/>
    <route id="!v221" state="0" edges="e3 e5 e9 e12 e27 e28 e29 e32 e31 e30 e33 e39 e40 e41 e44"/>
    <route id="!v221!var#17" state="0" edges="e3 e5 e8 e7 e1 e24 e29 e32 e31 e30 e33 e39 e40 e46 e45 e47 e44"/>
    <route id="!v222" state="0" edges="e0 e1 e24 e29 e34 e36 e38 e49 e42 e46 e45 e47 e44"/>
    <route id="!v222!var#18" state="0" edges="e0 e1 e11 e22 e23 e25 e26 e29 e34 e36 e40 e46 e45 e47 e44"/>
    <route id="!v223" state="0" edges="e5 e8 e6 e22 e28 e29 e34 e36 e40 e41 e44"/>
    <route id="!v224" state="0" edges="e5 e8 e6 e2 e12 e13 e14 e15 e16 e17 e18 e19 e20 e21 e33 e39 e40 e41 e44"/>
    <route id="!v225" state="0" edges="e4 e7 e1 e11 e2 e12 e27 e23 e25 e26 e29 e34 e35 e33 e48 e45 e47 e44"/>
    <route id="!v225!var#8" state="0" edges="e4 e6 e22 e28 e29 e32 e31 e30 e33 e48 e45 e47 e44"/>
    <route id="!v226" state="0" edges="e0 e1 e24 e29 e32 e31 e30 e33 e39 e38 e49 e42 e46 e45 e47 e44"/>
    <route id="!v226!var#17" state="0" edges="e0 e1 e11 e22 e23 e25 e26 e29 e34 e36 e40 e46 e45 e47 e44"/>
    <route id="!v227" state="0" edges="e0 e1 e11 e2 e12 e27 e23 e25 e26 e29 e37 e49 e42 e41 e44"/>
    <route id="!v227!var#16" state="0" edges="e0 e1 e24 e29 e34 e35 e33 e39 e38 e49 e43"/>
    <route id="!v228" state="0" edges="e5 e9 e12 e13 e14 e15 e16 e17 e18 e19 e20 e21 e33 e48 e45 e47 e44"/>
    <route id="!v229" state="0" edges="e0 e1 e24 e29 e34 e35 e33 e48 e45 e47 e44"/>
    <route id="!v229!var#16" state="0" edges="e0 e1 e24 e29 e32 e31 e30 e33 e39 e40 e46 e45 e47 e44"/>
    <route id="!v231" state="0" edges="e0 e1 e11 e2 e12 e13 e14 e15 e16 e17 e18 e19 e20 e21 e33 e48 e45 e47 e44"/>
    <route id="!v231!var#17" state="0" edges="e0 e1 e24 e29 e32 e31 e30 e33 e39 e38 e49 e43"/>
    <route id="!v233" state="0" edges="e3 e5 e9 e12 e13 e14 e15 e16 e17 e18 e19 e20 e21 e33 e48 e45 e47 e44"/>
    <route id="!v233!var#20" state="0" edges="e3 e5 e9 e12 e27 e23 e25 e26 e29 e34 e35 e33 e39 e38 e49 e43"/>
    <route id="!v234" state="0" edges="e0 e1 e11 e22 e28 e29 e32 e31 e30 e33 e39 e40 e46 e45 e47 e44"/>
    <route id="!v234!var#13" state="0" edges="e0 e1 e24 e29 e32 e31 e30 e33 e39 e40 e46 e45 e47 e44"/>
    <route id="!v235" state="0" edges="e5 e9 e12 e13 e14 e15 e16 e17 e18 e19 e20 e21 e33 e39 e38 e49 e43"/>
    <route id="!v236" state="0" edges="e3 e5 e9 e12 e27 e23 e25 e26 e29 e32 e31 e30 e33 e39 e40 e41 e44"/>
    <route id="!v236!var#21" state="0" edges="e3 e5 e9 e12 e27 e23 e25 e26 e29 e37 e49 e43"/>
    <route id="!v237" state="0" edges="e0 e1 e24 e29 e32 e31 e30 e33 e48 e45 e47 e44"/>
    <route id="!v237!var#15" state="0" edges="e0 e1 e24 e29 e32 e31 e30 e33 e39 e38 e49 e43"/>
    <route id="!v238" state="0" edges="e3 e5 e8 e6 e2 e12 e13 e14 e15 e16 e17 e18 e19 e20 e21 e33 e48 e45 e47 e44"/>
    <route id="!v238!var#22" state="0" edges="e3 e5 e8 e6 e2 e12 e27 e28 e29 e37 e49 e43"/>
    <route id="!v239" state="0" edges="e5 e9 e12 e27 e23 e25 e26 e29 e37 e49 e42 e41 e44"/>
    <route id="!v240" state="0" edges="e0 e1 e11 e2 e12 e27 e23 e25 e26 e29 e32 e31 e30 e33 e48 e45 e47 e44"/>
    <route id="!v240!var#16" state="0" edges="e0 e1 e24 e29 e32 e31 e30 e33 e39 e38 e49 e43"/>
    <route id="!v241" state="0" edges="e4 e6 e22 e23 e25 e26 e29 e34 e36 e38 e49 e43"/>
    <route id="!v241!var#17" state="0" edges="e4 e6 e22 e23 e25 e26 e29 e34 e36 e38 e49 e43"/>
    <route id="!v242" state="0" edges="e10 e4 e6 e2 e12 e13 e14 e15 e16 e17 e18 e19 e20 e21 e33 e39 e38 e49 e43"/>
    <route id="!v242!var#18" state="0" edges="e10 e4 e6 e2 e12 e27 e28 e29 e34 e36 e40 e46 e45 e47 e44"/>
    <route id="!v243" state="0" edges="e4 e7 e1 e24 e29 e37 e49 e42 e46 e45 e47 e44"/>
    <route id="!v243!var#16" state="0" edges="e4 e6 e22 e23 e25 e26 e29 e34 e36 e40 e46 e45 e47 e44"/>
    <route id="!v244" state="0" edges="e5 e8 e7 e1 e24 e29 e34 e35 e33 e48 e45 e47 e44"/>
    <route id="!v245" state="0" edges="e3 e5 e9 e12 e27 e28 e29 e32 e31 e30 e33 e48 e45 e47 e44"/>
    <route id="!v245!var#18" state="0" edges="e3 e5 e8 e6 e2 e12 e13 e14 e15 e16 e17 e18 e19 e20 e21 e33 e39 e38 e49 e43"/>
    <route id="!v246" state="0" edges="e5 e8 e7 e1 e24 e29 e37 e49 e42 e41 e44"/>
    <route id="!v247" state="0" edges="e3 e5 e8 e6 e2 e12 e27 e28 e29 e34 e36 e40 e46 e45 e47 e44"/>
    <route id="!v247!var#19" state="0" edges="e3 e5 e8 e6 e2 e12 e27 e28 e29 e32 e31 e30 e33 e39 e38 e49 e43"/>
    <route id="!v248" state="0" edges="e5 e9 e12 e27 e23 e25 e26 e29 e32 e31 e30 e33 e39 e38 e49 e42 e41 e44"/>
    <route id="!v249" state="0" edges="e3 e5 e8 e7 e1 e11 e22 e23 e25 e26 e29 e32 e31 e30 e33 e39 e38 e49 e43"/>
    <route id="!v249!var#18" state="0" edges="e3 e5 e8 e6 e22 e23 e25 e26 e29 e37 e49 e43"/>
    <route id="!v250" state="0" edges="e0 e1 e11 e2 e12 e13 e14 e15 e16 e17 e18 e19 e20 e21 e33 e39 e38 e49 e43"/>
    <route id="!v250!var#15" state="0" edges="e0 e1 e24 e29 e34 e36 e40 e46 e45 e47 e44"/>
    <route id="!v251" state="0" edges="e5 e9 e12 e13 e14 e15 e16 e17 e18 e19 e20 e21 e33 e48 e45 e47 e44"/>
    <route id="!v252" state="0" edges="e5 e8 e6 e2 e12 e27 e23 e25 e26 e29 e32 e31 e30 e33 e39 e40 e46 e45 e47 e44"/>
    <route id="!v253" state="0" edges="e10 e3 e5 e8 e6 e2 e12 e27 e23 e25 e26 e29 e34 e36 e40 e41 e44"/>
    <route id="!v253!var#15" state="0" edges="e10 e4 e6 e2 e12 e13 e14 e15 e16 e17 e18 e19 e20 e21 e33 e39 e38 e49 e43"/>
    <route id="!v255" state="0" edges="e0 e1 e11 e22 e23 e25 e26 e29 e34 e36 e38 e49 e42 e46 e45 e47 e44"/>
    <route id="!v255!var#15" state="0" edges="e0 e1 e11 e22 e28 e29 e37 e49 e43"/>
    <route id="!v256" state="0" edges="e5 e9 e12 e13 e14 e15 e16 e17 e18 e19 e20 e21 e33 e39 e40 e46 e45 e47 e44"/>
    <route id="!v258" state="0" edges="e10 e4 e6 e2 e12 e13 e14 e15 e16 e17 e18 e19 e20 e21 e33 e48 e45 e47 e44"/>
    <route id="!v258!var#18" state="0" edges="e10 e4 e6 e22 e23 e25 e26 e29 e37 e49 e43"/>
    <route id="!v259" state="0" edges="e5 e8 e6 e2 e12 e27 e28 e29 e34 e36 e40 e41 e44"/>
    <route id="!v260" state="0" edges="e4 e7 e1 e24 e29 e32 e31 e30 e33 e48 e45 e47 e44"/>
    <route id="!v260!var#17" state="0" edges="e4 e7 e1 e11 e22 e23 e25 e26 e29 e32 e31 e30 e33 e39 e38 e49 e43"/>
    <route id="!v261" state="0" edges="e10 e4 e6 e22 e23 e25 e26 e29 e34 e36 e38 e49 e42 e41 e44"/>
    <route id="!v261!var#18" state="0" edges="e10 e4 e6 e22 e23 e25 e26 e29 e37 e49 e43"/>
    <route id="!v262" state="0" edges="e5 e9 e12 e13 e14 e15 e16 e17 e18 e19 e20 e21 e33 e48 e45 e47 e44"/>
    <route id="!v263" state="0" edges="e10 e3 e5 e9 e12 e27 e28 e29 e34 e35 e33 e39 e38 e49 e42 e41 e44"/>
    <route id="!v263!var#18" state="0" edges="e10 e4 e6 e22 e23 e25 e26 e29 e37 e49 e43"/>
    <route id="!v264" state="0" edges="e4 e6 e2 e12 e27 e23 e25 e26 e29 e32 e31 e30 e33 e48 e45 e47 e44"/>
    <route id="!v264!var#16" state="0" edges="e4 e7 e1 e11 e22 e23 e25 e26 e29 e32 e31 e30 e33 e39 e38 e49 e43"/>
    <route id="!v265" state="0" edges="e3 e5 e9 e12 e27 e28 e29 e34 e36 e40 e46 e45 e47 e44"/>
    <route id="!v265!var#14" state="0" edges="e3 e5 e9 e12 e13 e14 e15 e16 e17 e18 e19 e20 e21 e33 e39 e38 e49 e43"/>
    <route id="!v266" state="0" edges="e0 e1 e24 e29 e34 e36 e40 e46 e45 e47 e44"/>
    <route id="!v266!var#18" state="0" edges="e0 e1 e11 e22 e28 e29 e34 e36 e38 e49 e43"/>
    <route id="!v267" state="0" edges="e10 e3 e5 e9 e12 e13 e14 e15 e16 e17 e18 e19 e20 e21 e33 e39 e40 e41 e44"/>
    <route id="!v267!var#18" state="0" edges="e10 e4 e6 e22 e28 e29 e37 e49 e43"/>
    <route id="!v268" state="0" edges="e5 e8 e6 e2 e12 e13 e14 e15 e16 e17 e18 e19 e20 e21 e33 e39 e38 e49 e42 e41 e44"/>
    <route id="!v269" state="0" edges="e0 e1 e11 e22 e23 e25 e26 e29 e34 e36 e38 e49 e42 e41 e44"/>
    <route id="!v269!var#18" state="0" edges="e0 e1 e11 e22 e28 e29 e34 e36 e38 e49 e43"/>
    <route id="!v270" state="0" edges="e10 e3 e5 e9 e12 e27 e28 e29 e34 e36 e40 e46 e45 e47 e44"/>
    <route id="!v270!var#17" state="0" edges="e10 e4 e7 e1 e11 e2 e12 e13 e14 e15 e16 e17 e18 e19 e20 e21 e33 e39 e38 e49 e43"/>
    <route id="!v271" state="0" edges="e4 e7 e1 e24 e29 e34 e36 e40 e46 e45 e47 e44"/>
    <route id="!v271!var#15" state="0" edges="e4 e6 e2 e12 e27 e23 e25 e26 e29 e32 e31 e30 e33 e39 e38 e49 e43"/>
    <route id="!v272" state="0" edges="e10 e3 e5 e9 e12 e13 e14 e15 e16 e17 e18 e19 e20 e21 e33 e39 e38 e49 e42 e41 e44"/>
    <route id="!v272!var#18" state="0" edges="e10 e4 e7 e1 e11 e2 e12 e13 e14 e15 e16 e17 e18 e19 e20 e21 e33 e39 e38 e49 e43"/>
    <route id="!v273" state="0" edges="e4 e6 e22 e28 e29 e37 e49 e42 e46 e45 e47 e44"/>
    <route id="!v273!var#10" state="0" edges="e4 e6 e2 e12 e13 e14 e15 e16 e17 e18 e19 e20 e21 e33 e39 e38 e49 e43"/>
    <route id="!v274" state="0" edges="e4 e6 e2 e12 e27 e28 e29 e32 e31 e30 e33 e39 e38 e49 e43"/>
    <route id="!v274!var#12" state="0" edges="e4 e6 e2 e12 e13 e14 e15 e16 e17 e18 e19 e20 e21 e33 e39 e38 e49 e43"/>
    <route id="!v275" state="0" edges="e10 e3 e5 e9 e12 e13 e14 e15 e16 e17 e18 e19 e20 e21 e33 e48 e45 e47 e44"/>
    <route id="!v275!var#17" state="0" edges="e10 e4 e7 e1 e11 e2 e12 e13 e14 e15 e16 e17 e18 e19 e20 e21 e33 e39 e38 e49 e43"/>
    <route id="!v276" state="0" edges="e0 e1 e24 e29 e37 e49 e42 e41 e44"/>
    <route id="!v276!var#16" state="0" edges="e0 e1 e11 e2 e12 e13 e14 e15 e16 e17 e18 e19 e20 e21 e33 e39 e38 e49 e43"/>
    <route id="!v277" state="0" edges="e4 e7 e1 e11 e22 e28 e29 e37 e49 e43"/>
    <route id="!v277!var#5" state="0" edges="e4 e7 e1 e11 e2 e12 e13 e14 e15 e16 e17 e18 e19 e20 e21 e33 e39 e40 e46 e45 e47 e44"/>
    <route id="!v278" state="0" edges="e5 e8 e7 e1 e24 e29 e37 e49 e42 e46 e45 e47 e44"/>
    <route id="!v279" state="0" edges="e3 e5 e9 e12 e13 e14 e15 e16 e17 e18 e19 e20 e21 e33 e39 e40 e41 e44"/>
    <route id="!v279!var#20" state="0" edges="e3 e5 e8 e7 e1 e11 e22 e28 e29 e32 e31 e30 e33 e39 e38 e49 e43"/>
    <route id="!v280" state="0" edges="e4 e7 e1 e11 e2 e12 e13 e14 e15 e16 e17 e18 e19 e20 e21 e33 e39 e40 e41 e44"/>
    <route id="!v280!var#10" state="0" edges="e4 e7 e1 e11 e2 e12 e13 e14 e15 e16 e17 e18 e19 e20 e21 e33 e39 e38 e49 e43"/>
    <route id="!v281" state="0" edges="e5 e8 e7 e1 e24 e29 e37 e49 e42 e41 e44"/>
    <route id="!v282" state="0" edges="e4 e6 e2 e12 e13 e14 e15 e16 e17 e18 e19 e20 e21 e33 e48 e45 e47 e44"/>
    <route id="!v282!var#10" state="0" edges="e4 e7 e1 e11 e2 e12 e13 e14 e15 e16 e17 e18 e19 e20 e21 e33 e39 e38 e49 e43"/>
    <route id="!v283" state="0" edges="e3 e5 e9 e12 e27 e28 e29 e32 e31 e30 e33 e48 e45 e47 e44"/>
    <route id="!v283!var#18" state="0" edges="e3 e5 e8 e6 e2 e12 e27 e23 e25 e26 e29 e32 e31 e30 e33 e39 e38 e49 e43"/>
    <route id="!v284" state="0" edges="e0 e1 e24 e29 e32 e31 e30 e33 e39 e38 e49 e42 e41 e44"/>
    <route id="!v284!var#16" state="0" edges="e0 e1 e11 e2 e12 e27 e23 e25 e26 e29 e32 e31 e30 e33 e39 e38 e49 e43"/>
    <route id="!v285" state="0" edges="e10 e3 e5 e9 e12 e27 e28 e29 e37 e49 e43"/>
    <route id="!v285!var#17" state="0" edges="e10 e4 e7 e1 e11 e22 e28 e29 e32 e31 e30 e33 e39 e38 e49 e43"/>
    <route id="!v286" state="0" edges="e4 e6 e2 e12 e13 e14 e15 e16 e17 e18 e19 e20 e21 e33 e39 e40 e41 e44"/>
    <route id="!v286!var#10" state="0" edges="e4 e7 e1 e11 e2 e12 e13 e14 e15 e16 e17 e18 e19 e20 e21 e33 e39 e38 e49 e43"/>
    <route id="!v287" state="0" edges="e0 e1 e24 e29 e37 e49 e43"/>
    <route id="!v287!var#16" state="0" edges="e0 e1 e11 e2 e12 e13 e14 e15 e16 e17 e18 e19 e20 e21 e33 e39 e38 e49 e43"/>
    <route id="!v288" state="0" edges="e4 e6 e22 e28 e29 e34 e36 e38 e49 e43"/>
    <route id="!v288!var#11" state="0" edges="e4 e7 e1 e11 e2 e12 e13 e14 e15 e16 e17 e18 e19 e20 e21 e33 e39 e38 e49 e43"/>
    <route id="!v289" state="0" edges="e5 e8 e6 e22 e28 e29 e32 e31 e30 e33 e48 e45 e47 e44"/>
    <route id="!v290" state="0" edges="e5 e9 e12 e13 e14 e15 e16 e17 e18 e19 e20 e21 e33 e48 e45 e47 e44"/>
    <route id="!v291" state="0" edges="e10 e3 e5 e8 e7 e1 e11 e2 e12 e27 e28 e29 e34 e35 e33 e39 e38 e49 e43"/>
    <route id="!v291!var#12" state="0" edges="e10 e4 e6 e2 e12 e13 e14 e15 e16 e17 e18 e19 e20 e21 e33 e39 e38 e49 e43"/>
    <route id="!v292" state="0" edges="e5 e9 e12 e13 e14 e15 e16 e17 e18 e19 e20 e21 e33 e39 e38 e49 e42 e46 e45 e47 e44"/>
    <route id="!v293" state="0" edges="e0 e1 e11 e2 e12 e13 e14 e15 e16 e17 e18 e19 e20 e21 e33 e39 e40 e41 e44"/>
    <route id="!v293!var#12" state="0" edges="e0 e1 e11 e2 e12 e13 e14 e15 e16 e17 e18 e19 e20 e21 e33 e39 e38 e49 e43"/>
    <route id="!v294" state="0" edges="e4 e7 e1 e11 e2 e12 e27 e28 e29 e32 e31 e30 e33 e48 e45 e47 e44"/>
    <route id="!v294!var#9" state="0" edges="e4 e7 e1 e11 e2 e12 e13 e14 e15 e16 e17 e18 e19 e20 e21 e33 e39 e38 e49 e43"/>
    <route id="!v295" state="0" edges="e10 e4 e6 e2 e12 e27 e28 e29 e32 e31 e30 e33 e48 e45 e47 e44"/>
    <route id="!v295!var#14" state="0" edges="e10 e4 e6 e2 e12 e13 e14 e15 e16 e17 e18 e19 e20 e21 e33 e39 e38 e49 e43"/>
    <route id="!v296" state="0" edges="e0 e1 e11 e22 e28 e29 e34 e35 e33 e48 e45 e47 e44"/>
    <route id="!v296!var#15" state="0" edges="e0 e1 e11 e2 e12 e27 e23 e25 e26 e29 e32 e31 e30 e33 e39 e38 e49 e43"/>
    <route id="!v297" state="0" edges="e0 e1 e24 e29 e32 e31 e30 e33 e39 e38 e49 e42 e46 e45 e47 e44"/>
    <route id="!v297!var#16" state="0" edges="e0 e1 e11 e22 e23 e25 e26 e29 e32 e31 e30 e33 e39 e38 e49 e43"/>
    <route id="!v298" state="0" edges="e3 e5 e9 e12 e27 e23 e25 e26 e29 e34 e35 e33 e48 e45 e47 e44"/>
    <route id="!v298!var#16" state="0" edges="e3 e5 e9 e12 e27 e23 e25 e26 e29 e32 e31 e30 e33 e39 e38 e49 e43"/>
    <route id="!v299" state="0" edges="e5 e8 e6 e22 e28 e29 e37 e49 e43"/>
    <route id="!v300" state="0" edges="e5 e9 e12 e13 e14 e15 e16 e17 e18 e19 e20 e21 e33 e48 e45 e47 e44"/>
    <route id="!v301" state="0" edges="e4 e7 e1 e24 e29 e32 e31 e30 e33 e39 e40 e46 e45 e47 e44"/>
    <route id="!v301!var#8" state="0" edges="e4 e7 e1 e11 e2 e12 e13 e14 e15 e16 e17 e18 e19 e20 e21 e33 e39 e38 e49 e43"/>
    <route id="!v302" state="0" edges="e3 e5 e9 e12 e27 e23 e25 e26 e29 e32 e31 e30 e33 e48 e45 e47 e44"/>
    <route id="!v302!var#12" state="0" edges="e3 e5 e9 e12 e13 e14 e15 e16 e17 e18 e19 e20 e21 e33 e39 e38 e49 e43"/>
    <route id="!v303" state="0" edges="e5 e9 e12 e13 e14 e15 e16 e17 e18 e19 e20 e21 e33 e48 e45 e47 e44"/>
    <route id="!v304" state="0" edges="e4 e6 e2 e12 e27 e23 e25 e26 e29 e32 e31 e30 e33 e48 e45 e47 e44"/>
    <route id="!v304!var#6" state="0" edges="e4 e7 e1 e11 e2 e12 e13 e14 e15 e16 e17 e18 e19 e20 e21 e33 e39 e38 e49 e43"/>
    <route id="!v305" state="0" edges="e4 e7 e1 e11 e22 e23 e25 e26 e29 e34 e35 e33 e48 e45 e47 e44"/>
    <route id="!v305!var#6" state="0" edges="e4 e7 e1 e11 e2 e12 e13 e14 e15 e16 e17 e18 e19 e20 e21 e33 e39 e38 e49 e43"/>
    <route id="!v306" state="0" edges="e10 e3 e5 e8 e7 e1 e11 e22 e28 e29 e34 e36 e38 e49 e42 e46 e45 e47 e44"/>
    <route id="!v306!var#14" state="0" edges="e10 e4 e7 e1 e11 e22 e28 e29 e32 e31 e30 e33 e39 e38 e49 e43"/>
    <route id="!v307" state="0" edges="e10 e4 e7 e1 e11 e22 e23 e25 e26 e29 e37 e49 e43"/>
    <route id="!v307!var#12" state="0" edges="e10 e4 e7 e1 e11 e2 e12 e13 e14 e15 e16 e17 e18 e19 e20 e21 e33 e39 e38 e49 e43"/>
    <route id="!v308" state="0" edges="e5 e8 e6 e22 e28 e29 e32 e31 e30 e33 e39 e38 e49 e42 e46 e45 e47 e44"/>
    <route id="!v309" state="0" edges="e5 e8 e7 e1 e24 e29 e37 e49 e43"/>
    <route id="!v310" state="0" edges="e0 e1 e11 e22 e28 e29 e37 e49 e42 e46 e45 e47 e44"/>
    <route id="!v310!var#14" state="0" edges="e0 e1 e11 e22 e28 e29 e32 e31 e30 e33 e39 e38 e49 e43"/>
    <route id="!v311" state="0" edges="e10 e4 e7 e1 e11 e2 e12 e27 e23 e25 e26 e29 e32 e31 e30 e33 e48 e45 e47 e44"/>
    <route id="!v311!var#11" state="0" edges="e10 e4 e7 e1 e11 e2 e12 e13 e14 e15 e16 e17 e18 e19 e20 e21 e33 e39 e40 e46 e45 e47 e44"/>
    <route id="!v312" state="0" edges="e4 e7 e1 e11 e22 e28 e29 e34 e35 e33 e39 e40 e46 e45 e47 e44"/>
    <route id="!v312!var#5" state="0" edges="e4 e7 e1 e11 e2 e12 e13 e14 e15 e16 e17 e18 e19 e20 e21 e33 e39 e38 e49 e43"/>
    <route id="!v313" state="0" edges="e5 e8 e6 e22 e28 e29 e32 e31 e30 e33 e48 e45 e47 e44"/>
    <route id="!v314" state="0" edges="e3 e5 e8 e6 e22 e28 e29 e32 e31 e30 e33 e48 e45 e47 e44"/>
    <route id="!v314!var#12" state="0" edges="e3 e5 e8 e7 e1 e11 e2 e12 e13 e14 e15 e16 e17 e18 e19 e20 e21 e33 e39 e38 e49 e43"/>
    <route id="!v315" state="0" edges="e3 e5 e9 e12 e27 e28 e29 e34 e35 e33 e48 e45 e47 e44"/>
    <route id="!v315!var#13" state="0" edges="e3 e5 e8 e6 e22 e23 e25 e26 e29 e32 e31 e30 e33 e39 e38 e49 e43"/>
    <route id="!v316" state="0" edges="e5 e9 e12 e27 e28 e29 e32 e31 e30 e33 e39 e38 e49 e42 e46 e45 e47 e44"/>
    <route id="!v317" state="0" edges="e5 e9 e12 e13 e14 e15 e16 e17 e18 e19 e20 e21 e33 e48 e45 e47 e44"/>
    <route id="!v318" state="0" edges="e4 e6 e2 e12 e27 e28 e29 e34 e35 e33 e48 e45 e47 e44"/>
    <route id="!v318!var#4" state="0" edges="e4 e7 e1 e11 e2 e12 e13 e14 e15 e16 e17 e18 e19 e20 e21 e33 e39 e38 e49 e43"/>
    <route id="!v319" state="0" edges="e5 e8 e7 e1 e11 e2 e12 e13 e14 e15 e16 e17 e18 e19 e20 e21 e33 e48 e45 e47 e44"/>
    <route id="!v320" state="0" edges="e5 e9 e12 e13 e14 e15 e16 e17 e18 e19 e20 e21 e33 e39 e40 e41 e44"/>
    <route id="!v321" state="0" edges="e5 e9 e12 e13 e14 e15 e16 e17 e18 e19 e20 e21 e33 e48 e45 e47 e44"/>
    <route id="!v322" state="0" edges="e5 e9 e12 e27 e28 e29 e37 e49 e43"/>
    <route id="!v323" state="0" edges="e3 e5 e8 e7 e1 e24 e29 e32 e31 e30 e33 e48 e45 e47 e44"/>
    <route id="!v323!var#11" state="0" edges="e3 e5 e8 e7 e1 e11 e2 e12 e13 e14 e15 e16 e17 e18 e19 e20 e21 e33 e39 e38 e49 e43"/>
    <route id="!v324" state="0" edges="e5 e8 e6 e22 e23 e25 e26 e29 e32 e31 e30 e33 e39 e40 e46 e45 e47 e44"/>
    <route id="!v325" state="0" edges="e0 e1 e24 e29 e32 e31 e30 e33 e48 e45 e47 e44"/>
    <route id="!v325!var#10" state="0" edges="e0 e1 e11 e2 e12 e13 e14 e15 e16 e17 e18 e19 e20 e21 e33 e39 e38 e49 e43"/>
    <route id="!v326" state="0" edges="e10 e3 e5 e8 e7 e1 e11 e2 e12 e27 e23 e25 e26 e29 e34 e35 e33 e39 e38 e49 e42 e46 e45 e47 e44"/>
    <route id="!v326!var#10" state="0" edges="e10 e3 e5 e8 e7 e1 e11 e22 e23 e25 e26 e29 e37 e49 e42 e41 e44"/>
    <route id="!v327" state="0" edges="e10 e4 e7 e1 e24 e29 e32 e31 e30 e33 e48 e45 e47 e44"/>
    <route id="!v327!var#10" state="0" edges="e10 e3 e5 e8 e7 e1 e11 e22 e23 e25 e26 e29 e37 e49 e42 e41 e44"/>
    <route id="!v328" state="0" edges="e3 e5 e9 e12 e13 e14 e15 e16 e17 e18 e19 e20 e21 e33 e39 e40 e41 e44"/>
    <route id="!v328!var#13" state="0" edges="e3 e5 e8 e7 e1 e11 e2 e12 e13 e14 e15 e16 e17 e18 e19 e20 e21 e33 e39 e38 e49 e43"/>
    <route id="!v329" state="0" edges="e0 e1 e11 e2 e12 e27 e28 e29 e34 e35 e33 e48 e45 e47 e44"/>
    <route id="!v329!var#10" state="0" edges="e0 e1 e11 e2 e12 e13 e14 e15 e16 e17 e18 e19 e20 e21 e33 e39 e38 e49 e43"/>
    <route id="!v330" state="0" edges="e0 e1 e24 e29 e37 e49 e42 e46 e45 e47 e44"/>
    <route id="!v330!var#10" state="0" edges="e0 e1 e11 e2 e12 e13 e14 e15 e16 e17 e18 e19 e20 e21 e33 e39 e38 e49 e43"/>
    <route id="!v331" state="0" edges="e3 e5 e8 e6 e22 e28 e29 e34 e35 e33 e39 e38 e49 e42 e41 e44"/>
    <route id="!v331!var#12" state="0" edges="e3 e5 e8 e7 e1 e11 e2 e12 e13 e14 e15 e16 e17 e18 e19 e20 e21 e33 e39 e38 e49 e43"/>
    <route id="!v332" state="0" edges="e4 e6 e2 e12 e27 e28 e29 e34 e35 e33 e39 e38 e49 e43"/>
    <route id="!v332!var#4" state="0" edges="e4 e7 e1 e11 e2 e12 e13 e14 e15 e16 e17 e18 e19 e20 e21 e33 e39 e38 e49 e43"/>
    <route id="!v333" state="0" edges="e3 e5 e8 e7 e1 e24 e29 e34 e35 e33 e39 e40 e41 e44"/>
    <route id="!v333!var#9" state="0" edges="e3 e5 e9 e12 e13 e14 e15 e16 e17 e18 e19 e20 e21 e33 e39 e38 e49 e43"/>
    <route id="!v334" state="0" edges="e5 e8 e7 e1 e11 e2 e12 e27 e28 e29 e34 e35 e33 e39 e38 e49 e42 e46 e45 e47 e44"/>
    <route id="!v335" state="0" edges="e10 e4 e6 e2 e12 e13 e14 e15 e16 e17 e18 e19 e20 e21 e33 e39 e38 e49 e43"/>
    <route id="!v335!var#11" state="0" edges="e10 e3 e5 e9 e12 e13 e14 e15 e16 e17 e18 e19 e20 e21 e33 e39 e38 e49 e43"/>
    <route id="!v336" state="0" edges="e10 e3 e5 e9 e12 e13 e14 e15 e16 e17 e18 e19 e20 e21 e33 e48 e45 e47 e44"/>
    <route id="!v336!var#10" state="0" edges="e10 e3 e5 e9 e12 e13 e14 e15 e16 e17 e18 e19 e20 e21 e33 e39 e38 e49 e43"/>
    <route id="!v337" state="0" edges="e10 e4 e7 e1 e24 e29 e34 e35 e33 e39 e40 e41 e44"/>
    <route id="!v337!var#8" state="0" edges="e10 e3 e5 e9 e12 e13 e14 e15 e16 e17 e18 e19 e20 e21 e33 e39 e38 e49 e43"/>
    <route id="!v338" state="0" edges="e0 e1 e11 e22 e28 e29 e32 e31 e30 e33 e39 e40 e46 e45 e47 e44"/>
    <route id="!v338!var#3" state="0" edges="e0 e1 e11 e22 e23 e25 e26 e29 e34 e36 e40 e46 e45 e47 e44"/>
    <route id="!v339" state="0" edges="e5 e8 e6 e22 e28 e29 e37 e49 e42 e41 e44"/>
    <route id="!v340" state="0" edges="e10 e4 e6 e2 e12 e13 e14 e15 e16 e17 e18 e19 e20 e21 e33 e39 e40 e41 e44"/>
    <route id="!v340!var#7" state="0" edges="e10 e3 e5 e9 e12 e13 e14 e15 e16 e17 e18 e19 e20 e21 e33 e39 e38 e49 e43"/>
    <route id="!v341" state="0" edges="e3 e5 e9 e12 e13 e14 e15 e16 e17 e18 e19 e20 e21 e33 e39 e38 e49 e43"/>
    <route id="!v341!var#8" state="0" edges="e3 e5 e9 e12 e13 e14 e15 e16 e17 e18 e19 e20 e21 e33 e39 e38 e49 e43"/>
    <route id="!v342" state="0" edges="e10 e4 e7 e1 e11 e22 e23 e25 e26 e29 e34 e36 e40 e41 e44"/>
    <route id="!v342!var#9" state="0" edges="e10 e3 e5 e8 e6 e2 e12 e13 e14 e15 e16 e17 e18 e19 e20 e21 e33 e39 e38 e49 e43"/>
    <route id="!v343" state="0" edges="e0 e1 e24 e29 e32 e31 e30 e33 e39 e40 e41 e44"/>
    <route id="!v343!var#3" state="0" edges="e0 e1 e11 e22 e23 e25 e26 e29 e34 e36 e40 e41 e44"/>
    <route id="!v344" state="0" edges="e3 e5 e9 e12 e27 e28 e29 e34 e35 e33 e39 e40 e46 e45 e47 e44"/>
    <route id="!v344!var#5" state="0" edges="e3 e5 e8 e6 e2 e12 e13 e14 e15 e16 e17 e18 e19 e20 e21 e33 e39 e40 e46 e45 e47 e44"/>
    <route id="!v345" state="0" edges="e5 e9 e12 e13 e14 e15 e16 e17 e18 e19 e20 e21 e33 e48 e45 e47 e44"/>
    <route id="!v346" state="0" edges="e0 e1 e11 e22 e23 e25 e26 e29 e34 e36 e40 e41 e44"/>
    <route id="!v346!var#5" state="0" edges="e0 e1 e11 e2 e12 e13 e14 e15 e16 e17 e18 e19 e20 e21 e33 e39 e40 e46 e45 e47 e44"/>
    <route id="!v347" state="0" edges="e5 e9 e12 e27 e28 e29 e32 e31 e30 e33 e39 e38 e49 e42 e41 e44"/>
    <route id="!v348" state="0" edges="e4 e6 e22 e28 e29 e32 e31 e30 e33 e39 e40 e46 e45 e47 e44"/>
    <route id="!v348!var#3" state="0" edges="e4 e6 e2 e12 e13 e14 e15 e16 e17 e18 e19 e20 e21 e33 e39 e40 e46 e45 e47 e44"/>
    <route id="!v349" state="0" edges="e0 e1 e24 e29 e37 e49 e43"/>
    <route id="!v349!var#3" state="0" edges="e0 e1 e11 e22 e23 e25 e26 e29 e37 e49 e42 e41 e44"/>
    <route id="!v350" state="0" edges="e3 e5 e8 e6 e2 e12 e27 e23 e25 e26 e29 e37 e49 e42 e46 e45 e47 e44"/>
    <route id="!v350!var#4" state="0" edges="e3 e5 e8 e6 e2 e12 e13 e14 e15 e16 e17 e18 e19 e20 e21 e33 e39 e38 e49 e43"/>
    <route id="!v351" state="0" edges="e10 e4 e7 e1 e24 e29 e34 e35 e33 e39 e40 e46 e45 e47 e44"/>
    <route id="!v351!var#7" state="0" edges="e10 e3 e5 e8 e6 e2 e12 e13 e14 e15 e16 e17 e18 e19 e20 e21 e33 e39 e38 e49 e43"/>
    <route id="!v352" state="0" edges="e0 e1 e24 e29 e34 e35 e33 e39 e38 e49 e43"/>
    <route id="!v352!var#2" state="0" edges="e0 e1 e11 e22 e23 e25 e26 e29 e37 e49 e42 e41 e44"/>
    <route id="!v353" state="0" edges="e10 e4 e7 e1 e11 e22 e28 e29 e32 e31 e30 e33 e39 e40 e46 e45 e47 e44"/>
    <route id="!v353!var#7" state="0" edges="e10 e3 e5 e8 e6 e2 e12 e13 e14 e15 e16 e17 e18 e19 e20 e21 e33 e39 e38 e49 e43"/>
    <route id="!v354" state="0" edges="e5 e9 e12 e27 e23 e25 e26 e29 e34 e36 e38 e49 e43"/>
    <route id="!v355" state="0" edges="e4 e7 e1 e24 e29 e37 e49 e42 e41 e44"/>
    <route id="!v355!var#4" state="0" edges="e4 e6 e2 e12 e13 e14 e15 e16 e17 e18 e19 e20 e21 e33 e39 e38 e49 e43"/>
    <route id="!v356" state="0" edges="e3 e5 e8 e6 e2 e12 e13 e14 e15 e16 e17 e18 e19 e20 e21 e33 e39 e38 e49 e42 e41 e44"/>
    <route id="!v356!var#5" state="0" edges="e3 e5 e8 e6 e2 e12 e13 e14 e15 e16 e17 e18 e19 e20 e21 e33 e39 e38 e49 e43"/>
    <route id="!v357" state="0" edges="e3 e5 e9 e12 e27 e23 e25 e26 e29 e32 e31 e30 e33 e48 e45 e47 e44"/>
    <route id="!v357!var#4" state="0" edges="e3 e5 e8 e6 e2 e12 e13 e14 e15 e16 e17 e18 e19 e20 e21 e33 e39 e38 e49 e43"/>
    <route id="!v358" state="0" edges="e3 e5 e8 e7 e1 e24 e29 e32 e31 e30 e33 e48 e45 e47 e44"/>
    <route id="!v358!var#3" state="0" edges="e3 e5 e8 e6 e2 e12 e13 e14 e15 e16 e17 e18 e19 e20 e21 e33 e39 e38 e49 e43"/>
    <route id="!v359" state="0" edges="e5 e8 e6 e22 e28 e29 e34 e36 e38 e49 e43"/>
    <route id="!v360" state="0" edges="e4 e6 e2 e12 e13 e14 e15 e16 e17 e18 e19 e20 e21 e33 e48 e45 e47 e44"/>
    <route id="!v360!var#4" state="0" edges="e4 e7 e1 e11 e2 e12 e13 e14 e15 e16 e17 e18 e19 e20 e21 e33 e39 e38 e49 e43"/>
    <route id="!v361" state="0" edges="e5 e8 e6 e22 e23 e25 e26 e29 e34 e36 e38 e49 e43"/>
    <route id="!v362" state="0" edges="e3 e5 e9 e12 e27 e28 e29 e32 e31 e30 e33 e39 e40 e41 e44"/>
    <route id="!v362!var#2" state="0" edges="e3 e5 e8 e6 e2 e12 e13 e14 e15 e16 e17 e18 e19 e20 e21 e33 e39 e38 e49 e43"/>
    <route id="!v363" state="0" edges="e5 e9 e12 e13 e14 e15 e16 e17 e18 e19 e20 e21 e33 e39 e38 e49 e42 e46 e45 e47 e44"/>
    <route id="!v364" state="0" edges="e5 e9 e12 e27 e28 e29 e34 e35 e33 e48 e45 e47 e44"/>
    <route id="!v365" state="0" edges="e0 e1 e11 e2 e12 e27 e23 e25 e26 e29 e34 e36 e38 e49 e43"/>
    <route id="!v365!var#2" state="0" edges="e0 e1 e11 e2 e12 e13 e14 e15 e16 e17 e18 e19 e20 e21 e33 e39 e40 e46 e45 e47 e44"/>
    <route id="!v366" state="0" edges="e3 e5 e8 e6 e22 e23 e25 e26 e29 e37 e49 e42 e41 e44"/>
    <route id="!v366!var#1" state="0" edges="e3 e5 e8 e6 e2 e12 e13 e14 e15 e16 e17 e18 e19 e20 e21 e33 e39 e38 e49 e43"/>
    <route id="!v367" state="0" edges="e5 e9 e12 e27 e23 e25 e26 e29 e34 e35 e33 e39 e38 e49 e43"/>
    <route id="!v368" state="0" edges="e3 e5 e8 e7 e1 e11 e22 e23 e25 e26 e29 e32 e31 e30 e33 e48 e45 e47 e44"/>
    <route id="!v369" state="0" edges="e4 e6 e22 e23 e25 e26 e29 e37 e49 e42 e46 e45 e47 e44"/>
    <route id="!v369!var#3" state="0" edges="e4 e6 e2 e12 e13 e14 e15 e16 e17 e18 e19 e20 e21 e33 e39 e38 e49 e43"/>
    <route id="!v370" state="0" edges="e4 e6 e2 e12 e27 e28 e29 e37 e49 e43"/>
    <route id="!v370!var#3" state="0" edges="e4 e6 e2 e12 e13 e14 e15 e16 e17 e18 e19 e20 e21 e33 e39 e38 e49 e43"/>
    <route id="!v371" state="0" edges="e5 e8 e6 e2 e12 e27 e23 e25 e26 e29 e34 e35 e33 e48 e45 e47 e44"/>
    <route id="!v372" state="0" edges="e4 e6 e22 e23 e25 e26 e29 e37 e49 e42 e46 e45 e47 e44"/>
    <route id="!v372!var#2" state="0" edges="e4 e6 e2 e12 e13 e14 e15 e16 e17 e18 e19 e20 e21 e33 e39 e38 e49 e43"/>
    <route id="!v373" state="0" edges="e10 e4 e6 e22 e28 e29 e32 e31 e30 e33 e48 e45 e47 e44"/>
    <route id="!v373!var#3" state="0" edges="e10 e3 e5 e8 e6 e2 e12 e13 e14 e15 e16 e17 e18 e19 e20 e21 e33 e39 e38 e49 e43"/>
    <route id="!v374" state="0" edges="e4 e6 e22 e23 e25 e26 e29 e32 e31 e30 e33 e48 e45 e47 e44"/>
    <route id="!v374!var#1" state="0" edges="e4 e6 e2 e12 e13 e14 e15 e16 e17 e18 e19 e20 e21 e33 e39 e38 e49 e43"/>
    <route id="!v375" state="0" edges="e0 e1 e24 e29 e32 e31 e30 e33 e39 e38 e49 e43"/>
    <route id="!v375!var#2" state="0" edges="e0 e1 e11 e2 e12 e13 e14 e15 e16 e17 e18 e19 e20 e21 e33 e39 e38 e49 e43"/>
    <route id="!v376" state="0" edges="e4 e6 e2 e12 e13 e14 e15 e16 e17 e18 e19 e20 e21 e33 e39 e40 e41 e44"/>
    <route id="!v377" state="0" edges="e10 e4 e6 e2 e12 e13 e14 e15 e16 e17 e18 e19 e20 e21 e33 e48 e45 e47 e44"/>
    <route id="!v377!var#1" state="0" edges="e10 e3 e5 e8 e6 e2 e12 e13 e14 e15 e16 e17 e18 e19 e20 e21 e33 e39 e38 e49 e43"/>
    <route id="!v378" state="0" edges="e5 e8 e6 e22 e23 e25 e26 e29 e32 e31 e30 e33 e39 e38 e49 e43"/>
    <route id="!v379" state="0" edges="e4 e7 e1 e24 e29 e32 e31 e30 e33 e48 e45 e47 e44"/>
    <route id="!v380" state="0" edges="e5 e8 e7 e1 e11 e22 e23 e25 e26 e29 e34 e36 e38 e49 e43"/>
    <route id="!v381" state="0" edges="e10 e3 e5 e9 e12 e27 e28 e29 e32 e31 e30 e33 e39 e38 e49 e43"/>
    <route id="!v382" state="0" edges="e4 e7 e1 e11 e2 e12 e13 e14 e15 e16 e17 e18 e19 e20 e21 e33 e39 e38 e49 e42 e41 e44"/>
    <route id="!v383" state="0" edges="e3 e5 e8 e7 e1 e11 e22 e23 e25 e26 e29 e34 e35 e33 e39 e40 e41 e44"/>
    <route id="!v384" state="0" edges="e0 e1 e24 e29 e37 e49 e43"/>
    <route id="!v385" state="0" edges="e10 e4 e6 e2 e12 e27 e28 e29 e32 e31 e30 e33 e48 e45 e47 e44"/>
    <route id="!v386" state="0" edges="e5 e9 e12 e13 e14 e15 e16 e17 e18 e19 e20 e21 e33 e48 e45 e47 e44"/>
    <route id="!v387" state="0" edges="e3 e5 e9 e12 e27 e23 e25 e26 e29 e37 e49 e43"/>
    <route id="!v388" state="0" edges="e3 e5 e8 e6 e22 e23 e25 e26 e29 e34 e35 e33 e48 e45 e47 e44"/>
    <route id="!v389" state="0" edges="e0 e1 e11 e22 e28 e29 e34 e35 e33 e39 e40 e46 e45 e47 e44"/>
    <route id="!v390" state="0" edges="e5 e8 e7 e1 e11 e22 e28 e29 e37 e49 e43"/>
    <route id="!v391" state="0" edges="e3 e5 e9 e12 e27 e23 e25 e26 e29 e34 e36 e40 e41 e44"/>
    <route id="!v392" state="0" edges="e3 e5 e8 e7 e1 e24 e29 e32 e31 e30 e33 e48 e45 e47 e44"/>
    <route id="!v393" state="0" edges="e4 e6 e22 e23 e25 e26 e29 e32 e31 e30 e33 e39 e40 e41 e44"/>
    <route id="!v394" state="0" edges="e0 e1 e24 e29 e34 e36 e40 e41 e44"/>
    <route id="!v395" state="0" edges="e4 e6 e22 e23 e25 e26 e29 e32 e31 e30 e33 e48 e45 e47 e44"/>
    <route id="!v396" state="0" edges="e5 e9 e12 e27 e23 e25 e26 e29 e37 e49 e42 e41 e44"/>
    <route id="!v397" state="0" edges="e0 e1 e24 e29 e37 e49 e42 e46 e45 e47 e44"/>
    <route id="!v398" state="0" edges="e10 e3 e5 e8 e6 e2 e12 e13 e14 e15 e16 e17 e18 e19 e20 e21 e33 e39 e38 e49 e43"/>
    <route id="!v399" state="0" edges="e0 e1 e11 e22 e23 e25 e26 e29 e32 e31 e30 e33 e48 e45 e47 e44"/>
    <route id="!v400" state="0" edges="e3 e5 e8 e7 e1 e11 e22 e23 e25 e26 e29 e32 e31 e30 e33 e39 e40 e41 e44"/>
    <route id="!v401" state="0" edges="e5 e9 e12 e13 e14 e15 e16 e17 e18 e19 e20 e21 e33 e39 e38 e49 e43"/>
    <route id="!v402" state="0" edges="e4 e6 e2 e12 e27 e23 e25 e26 e29 e34 e36 e40 e41 e44"/>
    <route id="!v403" state="0" edges="e5 e9 e12 e13 e14 e15 e16 e17 e18 e19 e20 e21 e33 e48 e45 e47 e44"/>
    <route id="!v75" state="0" edges="e5 e9 e12 e27 e28 e29 e37 e49 e43"/>
    <route id="!v75!var#20" state="0" edges="e5 e9 e12 e27 e28 e29 e32 e31 e30 e33 e39 e38 e49 e43"/>
    <route id="!v76" state="0" edges="e5 e8 e6 e2 e12 e13 e14 e15 e16 e17 e18 e19 e20 e21 e33 e39 e40 e41 e44"/>
    <route id="!v76!var#19" state="0" edges="e5 e9 e12 e27 e23 e25 e26 e29 e34 e36 e40 e46 e45 e47 e44"/>
    <route id="!v83" state="0" edges="e5 e9 e12 e13 e14 e15 e16 e17 e18 e19 e20 e21 e33 e48 e45 e47 e44"/>
    <route id="!v83!var#20" state="0" edges="e5 e9 e12 e27 e23 e25 e26 e29 e34 e36 e38 e49 e43"/>
    <route id="!v86" state="0" edges="e5 e8 e7 e1 e11 e22 e28 e29 e34 e36 e38 e49 e43"/>
    <route id="!v86!var#20" state="0" edges="e5 e9 e12 e27 e23 e25 e26 e29 e34 e35 e33 e39 e38 e49 e43"/>
    <route id="!v89" state="0" edges="e5 e9 e12 e27 e23 e25 e26 e29 e32 e31 e30 e33 e39 e40 e46 e45 e47 e44"/>
    <route id="!v89!var#16" state="0" edges="e5 e8 e6 e2 e12 e13 e14 e15 e16 e17 e18 e19 e20 e21 e33 e39 e38 e49 e43"/>
    <route id="!v90" state="0" edges="e5 e9 e12 e13 e14 e15 e16 e17 e18 e19 e20 e21 e33 e48 e45 e47 e44"/>
    <route id="!v90!var#15" state="0" edges="e5 e9 e12 e27 e28 e29 e37 e49 e43"/>
    <route id="!v91" state="0" edges="e5 e9 e12 e13 e14 e15 e16 e17 e18 e19 e20 e21 e33 e48 e45 e47 e44"/>
    <route id="!v91!var#14" state="0" edges="e5 e9 e12 e13 e14 e15 e16 e17 e18 e19 e20 e21 e33 e39 e38 e49 e43"/>
    <route id="!v92" state="0" edges="e5 e9 e12 e27 e28 e29 e32 e31 e30 e33 e39 e38 e49 e43"/>
    <route id="!v92!var#13" state="0" edges="e5 e9 e12 e13 e14 e15 e16 e17 e18 e19 e20 e21 e33 e39 e38 e49 e43"/>
    <route id="!v96" state="0" edges="e5 e9 e12 e13 e14 e15 e16 e17 e18 e19 e20 e21 e33 e48 e45 e47 e44"/>
    <route id="!v96!var#18" state="0" edges="e5 e8 e7 e1 e11 e2 e12 e13 e14 e15 e16 e17 e18 e19 e20 e21 e33 e39 e38 e49 e43"/>
    <route id="!v98" state="0" edges="e5 e8 e6 e2 e12 e27 e23 e25 e26 e29 e32 e31 e30 e33 e48 e45 e47 e44"/>
    <route id="!v98!var#17" state="0" edges="e5 e8 e7 e1 e11 e2 e12 e13 e14 e15 e16 e17 e18 e19 e20 e21 e33 e39 e38 e49 e43"/>
    <delay number="151" begin="404" end="146" depart="4944.80" time="26569.40"/>
    <vType id="DEFAULT_BIKETYPE" vClass="bicycle"/>
    <vType id="DEFAULT_PEDTYPE" vClass="pedestrian"/>
    <vType id="DEFAULT_VEHTYPE"/>
    <vehicle id="v100" type="DEFAULT_VEHTYPE" depart="100.00" route="!v100!var#15" speedFactor="1.07" state="283200 10 5.10 0 379800" pos="39.41" speed="13.18" posLat="0.00"/>
    <vehicle id="v109" type="DEFAULT_VEHTYPE" depart="109.00" route="!v109!var#14" speedFactor="0.96" state="294200 6 5.10 0 379800" pos="72.22" speed="12.19" posLat="0.00"/>
    <vehicle id="v110" type="DEFAULT_VEHTYPE" depart="110.00" route="!v110!var#16" speedFactor="0.93" state="296800 5 5.10 0 379800" pos="57.39" speed="12.77" posLat="0.00"/>
    <vehicle id="v111" type="DEFAULT_VEHTYPE" depart="111.00" route="!v111!var#14" speedFactor="0.87" state="299400 7 5.10 0 379800" pos="15.28" speed="9.36" posLat="0.00"/>
    <vehicle id="v112" type="DEFAULT_VEHTYPE" depart="112.00" route="!v112!var#14" speedFactor="1.10" state="302200 5 5.10 0 379800" pos="123.51" speed="9.87" posLat="0.00"/>
    <vehicle id="v113" type="DEFAULT_VEHTYPE" depart="113.00" route="!v113!var#13" speedFactor="1.01" state="304800 5 5.10 0 379800" pos="77.49" speed="9.92" posLat="0.00"/>
    <vehicle id="v116" type="DEFAULT_VEHTYPE" depart="116.00" route="!v116!var#11" speedFactor="1.18" state="315000 5 5.10 0 379800" pos="22.64" speed="9.70" posLat="0.00"/>
    <vehicle id="v119" type="DEFAULT_VEHTYPE" depart="119.00" route="!v119!var#10" speedFactor="1.07" state="317800 5 5.10 0 379800" pos="60.30" speed="6.49" posLat="0.00"/>
    <vehicle id="v122" type="DEFAULT_VEHTYPE" depart="122.00" route="!v122" speedFactor="1.03" state="9223372036854775807 0 -1.00 0 0" pos="5.10" speed="0.00" posLat="0.00"/>
    <vehicle id="v123" type="DEFAULT_VEHTYPE" depart="123.00" route="!v123" speedFactor="1.02" state="9223372036854775807 0 -1.00 0 0" pos="0.00" speed="0.00" posLat="0.00"/>
    <vehicle id="v126" type="DEFAULT_VEHTYPE" depart="126.00" route="!v126" speedFactor="1.03" state="9223372036854775807 0 -1.00 0 0" pos="0.00" speed="0.00" posLat="0.00"/>
    <vehicle id="v131" type="DEFAULT_VEHTYPE" depart="131.00" route="!v131" speedFactor="1.07" state="9223372036854775807 0 -1.00 0 0" pos="0.00" speed="0.00" posLat="0.00"/>
    <vehicle id="v134" type="DEFAULT_VEHTYPE" depart="134.00" route="!v134" speedFactor="1.23" state="9223372036854775807 0 -1.00 0 0" pos="0.00" speed="0.00" posLat="0.00"/>
    <vehicle id="v135" type="DEFAULT_VEHTYPE" depart="135.00" route="!v135!var#18" speedFactor="1.01" state="135800 19 5.10 0 379800" pos="7.57" speed="4.35" posLat="0.00"/>
    <vehicle id="v136" type="DEFAULT_VEHTYPE" depart="136.00" route="!v136" speedFactor="1.12" state="9223372036854775807 0 -1.00 0 0" pos="0.00" speed="0.00" posLat="0.00"/>
    <vehicle id="v139" type="DEFAULT_VEHTYPE" depart="139.00" route="!v139" speedFactor="0.95" state="9223372036854775807 0 -1.00 0 0" pos="0.00" speed="0.00" posLat="0.00"/>
    <vehicle id="v141" type="DEFAULT_VEHTYPE" depart="141.00" route="!v141" speedFactor="1.16" state="9223372036854775807 0 -1.00 0 0" pos="0.00" speed="0.00" posLat="0.00"/>
    <vehicle id="v143" type="DEFAULT_VEHTYPE" depart="143.00" route="!v143" speedFactor="1.13" state="9223372036854775807 0 -1.00 0 0" pos="0.00" speed="0.00" posLat="0.00"/>
    <vehicle id="v144" type="DEFAULT_VEHTYPE" depart="144.00" route="!v144!var#22" speedFactor="0.73" state="144000 16 5.10 0 379800" pos="23.29" speed="5.51" posLat="0.00"/>
    <vehicle id="v145" type="DEFAULT_VEHTYPE" depart="145.00" route="!v145" speedFactor="1.14" state="9223372036854775807 0 -1.00 0 0" pos="0.00" speed="0.00" posLat="0.00"/>
    <vehicle id="v148" type="DEFAULT_VEHTYPE" depart="148.00" route="!v148!var#21" speedFactor="0.97" state="148000 18 5.10 0 379800" pos="20.89" speed="13.20" posLat="0.00"/>
    <vehicle id="v149" type="DEFAULT_VEHTYPE" depart="149.00" route="!v149!var#16" speedFactor="1.04" state="149000 18 5.10 0 379800" pos="63.50" speed="4.34" posLat="0.00"/>
    <vehicle id="v150" type="DEFAULT_VEHTYPE" depart="150.00" route="!v150" speedFactor="0.96" state="9223372036854775807 0 -1.00 0 0" pos="0.00" speed="0.00" posLat="0.00"/>
    <vehicle id="v151" type="DEFAULT_VEHTYPE" depart="151.00" route="!v151" speedFactor="1.00" state="9223372036854775807 0 -1.00 0 0" pos="0.00" speed="0.00" posLat="0.00"/>
    <vehicle id="v152" type="DEFAULT_VEHTYPE" depart="152.00" route="!v152" speedFactor="1.07" state="9223372036854775807 0 -1.00 0 0" pos="0.00" speed="0.00" posLat="0.00"/>
    <vehicle id="v153" type="DEFAULT_VEHTYPE" depart="153.00" route="!v153" speedFactor="0.93" state="9223372036854775807 0 -1.00 0 0" pos="0.00" speed="0.00" posLat="0.00"/>
    <vehicle id="v154" type="DEFAULT_VEHTYPE" depart="154.00" route="!v154" speedFactor="1.06" state="9223372036854775807 0 -1.00 0 0" pos="0.00" speed="0.00" posLat="0.00"/>
    <vehicle id="v157" type="DEFAULT_VEHTYPE" depart="157.00" route="!v157" speedFactor="1.08" state="9223372036854775807 0 -1.00 0 0" pos="0.00" speed="0.00" posLat="0.00"/>
    <vehicle id="v158" type="DEFAULT_VEHTYPE" depart="158.00" route="!v158" speedFactor="0.91" state="9223372036854775807 0 -1.00 0 0" pos="0.00" speed="0.00" posLat="0.00"/>
    <vehicle id="v161" type="DEFAULT_VEHTYPE" depart="161.00" route="!v161!var#22" speedFactor="1.08" state="161000 21 5.10 0 379800" pos="81.53" speed="9.74" posLat="0.00"/>
    <vehicle id="v162" type="DEFAULT_VEHTYPE" depart="162.00" route="!v162!var#18" speedFactor="0.99" state="168600 16 5.10 0 379800" pos="63.36" speed="5.18" posLat="0.00"/>
    <vehicle id="v165" type="DEFAULT_VEHTYPE" depart="165.00" route="!v165!var#23" speedFactor="0.91" state="166800 19 5.10 0 379800" pos="82.29" speed="12.54" posLat="0.00"/>
    <vehicle id="v166" type="DEFAULT_VEHTYPE" depart="166.00" route="!v166" speedFactor="1.00" state="9223372036854775807 0 -1.00 0 0" pos="0.00" speed="0.00" posLat="0.00"/>
    <vehicle id="v167" type="DEFAULT_VEHTYPE" depart="167.00" route="!v167" speedFactor="1.03" state="9223372036854775807 0 -1.00 0 0" pos="0.00" speed="0.00" posLat="0.00"/>
    <vehicle id="v168" type="DEFAULT_VEHTYPE" depart="168.00" route="!v168" speedFactor="0.98" state="9223372036854775807 0 -1.00 0 0" pos="0.00" speed="0.00" posLat="0.00"/>
    <vehicle id="v169" type="DEFAULT_VEHTYPE" depart="169.00" route="!v169" speedFactor="0.94" state="9223372036854775807 0 -1.00 0 0" pos="0.00" speed="0.00" posLat="0.00"/>
    <vehicle id="v171" type="DEFAULT_VEHTYPE" depart="171.00" route="!v171" speedFactor="0.90" state="9223372036854775807 0 -1.00 0 0" pos="0.00" speed="0.00" posLat="0.00"/>
    <vehicle id="v172" type="DEFAULT_VEHTYPE" depart="172.00" route="!v172!var#19" speedFactor="0.89" state="172000 12 5.10 0 379800" pos="75.70" speed="3.85" posLat="0.00"/>
    <vehicle id="v173" type="DEFAULT_VEHTYPE" depart="173.00" route="!v173" speedFactor="1.14" state="9223372036854775807 0 -1.00 0 0" pos="0.00" speed="0.00" posLat="0.00"/>
    <vehicle id="v177" type="DEFAULT_VEHTYPE" depart="177.00" route="!v177" speedFactor="1.03" state="9223372036854775807 0 -1.00 0 0" pos="0.00" speed="0.00" posLat="0.00"/>
    <vehicle id="v178" type="DEFAULT_VEHTYPE" depart="178.00" route="!v178!var#21" speedFactor="1.08" state="178000 15 5.10 0 379800" pos="54.85" speed="13.19" posLat="0.00"/>
    <vehicle id="v182" type="DEFAULT_VEHTYPE" depart="182.00" route="!v182!var#16" speedFactor="1.03" state="182600 16 5.10 0 379800" pos="44.46" speed="12.80" posLat="0.00"/>
    <vehicle id="v185" type="DEFAULT_VEHTYPE" depart="185.00" route="!v185" speedFactor="0.92" state="9223372036854775807 0 -1.00 0 0" pos="0.00" speed="0.00" posLat="0.00"/>
    <vehicle id="v188" type="DEFAULT_VEHTYPE" depart="188.00" route="!v188" speedFactor="0.97" state="9223372036854775807 0 -1.00 0 0" pos="0.00" speed="0.00" posLat="0.00"/>
    <vehicle id="v189" type="DEFAULT_VEHTYPE" depart="189.00" route="!v189" speedFactor="0.97" state="9223372036854775807 0 -1.00 0 0" pos="0.00" speed="0.00" posLat="0.00"/>
    <vehicle id="v190" type="DEFAULT_VEHTYPE" depart="190.00" route="!v190!var#16" speedFactor="0.90" state="190000 17 5.10 0 379800" pos="10.11" speed="6.11" posLat="0.00"/>
    <vehicle id="v193" type="DEFAULT_VEHTYPE" depart="193.00" route="!v193" speedFactor="1.07" state="9223372036854775807 0 -1.00 0 0" pos="0.00" speed="0.00" posLat="0.00"/>
    <vehicle id="v195" type="DEFAULT_VEHTYPE" depart="195.00" route="!v195!var#16" speedFactor="0.84" state="195000 13 5.10 0 379800" pos="0.30" speed="1.20" posLat="0.00"/>
    <vehicle id="v196" type="DEFAULT_VEHTYPE" depart="196.00" route="!v196" speedFactor="1.03" state="9223372036854775807 0 -1.00 0 0" pos="0.00" speed="0.00" posLat="0.00"/>
    <vehicle id="v197" type="DEFAULT_VEHTYPE" depart="197.00" route="!v197!var#19" speedFactor="0.87" state="197000 13 5.10 0 379800" pos="87.51" speed="4.19" posLat="0.00"/>
    <vehicle id="v198" type="DEFAULT_VEHTYPE" depart="198.00" route="!v198" speedFactor="1.06" state="9223372036854775807 0 -1.00 0 0" pos="0.00" speed="0.00" posLat="0.00"/>
    <vehicle id="v199" type="DEFAULT_VEHTYPE" depart="199.00" route="!v199!var#20" speedFactor="0.83" state="199000 11 5.10 0 379800" pos="49.71" speed="5.17" posLat="0.00"/>
    <vehicle id="v201" type="DEFAULT_VEHTYPE" depart="201.00" route="!v201" speedFactor="0.87" state="9223372036854775807 0 -1.00 0 0" pos="0.00" speed="0.00" posLat="0.00"/>
    <vehicle id="v202" type="DEFAULT_VEHTYPE" depart="202.00" route="!v202" speedFactor="1.04" state="9223372036854775807 0 -1.00 0 0" pos="0.00" speed="0.00" posLat="0.00"/>
    <vehicle id="v203" type="DEFAULT_VEHTYPE" depart="203.00" route="!v203!var#18" speedFactor="1.11" state="203000 11 5.10 0 379800" pos="56.99" speed="5.55" posLat="0.00"/>
    <vehicle id="v205" type="DEFAULT_VEHTYPE" depart="205.00" route="!v205!var#20" speedFactor="1.02" state="205600 9 5.10 0 379800" pos="70.49" speed="5.56" posLat="0.00"/>
    <vehicle id="v206" type="DEFAULT_VEHTYPE" depart="206.00" route="!v206!var#20" speedFactor="1.00" state="207400 11 5.10 0 379800" pos="43.03" speed="5.80" posLat="0.00"/>
    <vehicle id="v208" type="DEFAULT_VEHTYPE" depart="208.00" route="!v208!var#21" speedFactor="0.96" state="210000 10 5.10 0 379800" pos="129.42" speed="6.89" posLat="0.00"/>
    <vehicle id="v210" type="DEFAULT_VEHTYPE" depart="210.00" route="!v210!var#18" speedFactor="1.10" state="218000 9 5.10 0 379800" pos="35.58" speed="9.35" posLat="0.00"/>
    <vehicle id="v211" type="DEFAULT_VEHTYPE" depart="211.00" route="!v211" speedFactor="1.04" state="9223372036854775807 0 -1.00 0 0" pos="0.00" speed="0.00" posLat="0.00"/>
    <vehicle id="v212" type="DEFAULT_VEHTYPE" depart="212.00" route="!v212!var#19" speedFactor="1.00" state="212000 12 5.10 0 379800" pos="39.71" speed="11.29" posLat="0.00"/>
    <vehicle id="v213" type="DEFAULT_VEHTYPE" depart="213.00" route="!v213" speedFactor="1.10" state="9223372036854775807 0 -1.00 0 0" pos="0.00" speed="0.00" posLat="0.00"/>
    <vehicle id="v214" type="DEFAULT_VEHTYPE" depart="214.00" route="!v214!var#17" speedFactor="0.83" state="215400 12 5.10 0 379800" pos="120.99" speed="7.37" posLat="0.00"/>
    <vehicle id="v215" type="DEFAULT_VEHTYPE" depart="215.00" route="!v215!var#17" speedFactor="1.09" state="215000 12 5.10 0 379800" pos="63.55" speed="8.75" posLat="0.00"/>
    <vehicle id="v216" type="DEFAULT_VEHTYPE" depart="216.00" route="!v216!var#15" speedFactor="0.97" state="216000 14 5.10 0 379800" pos="8.12" speed="5.85" posLat="0.00"/>
    <vehicle id="v217" type="DEFAULT_VEHTYPE" depart="217.00" route="!v217!var#20" speedFactor="1.07" state="217600 9 5.10 0 379800" pos="144.28" speed="6.49" posLat="0.00"/>
    <vehicle id="v218" type="DEFAULT_VEHTYPE" depart="218.00" route="!v218" speedFactor="1.07" state="9223372036854775807 0 -1.00 0 0" pos="0.00" speed="0.00" posLat="0.00"/>
    <vehicle id="v219" type="DEFAULT_VEHTYPE" depart="219.00" route="!v219" speedFactor="0.91" state="9223372036854775807 0 -1.00 0 0" pos="0.00" speed="0.00" posLat="0.00"/>
    <vehicle id="v220" type="DEFAULT_VEHTYPE" depart="220.00" route="!v220!var#19" speedFactor="1.00" state="220400 11 5.10 0 379800" pos="36.16" speed="5.60" posLat="0.00"/>
    <vehicle id="v221" type="DEFAULT_VEHTYPE" depart="221.00" route="!v221!var#17" speedFactor="1.15" state="221000 12 5.10 0 379800" pos="70.19" speed="9.00" posLat="0.00"/>
    <vehicle id="v222" type="DEFAULT_VEHTYPE" depart="222.00" route="!v222!var#18" speedFactor="0.84" state="223000 10 5.10 0 379800" pos="53.64" speed="8.84" posLat="0.00"/>
    <vehicle id="v223" type="DEFAULT_VEHTYPE" depart="223.00" route="!v223" speedFactor="1.06" state="9223372036854775807 0 -1.00 0 0" pos="0.00" speed="0.00" posLat="0.00"/>
    <vehicle id="v224" type="DEFAULT_VEHTYPE" depart="224.00" route="!v224" speedFactor="1.02" state="9223372036854775807 0 -1.00 0 0" pos="0.00" speed="0.00" posLat="0.00"/>
    <vehicle id="v225" type="DEFAULT_VEHTYPE" depart="225.00" route="!v225!var#8" speedFactor="0.97" state="227800 12 5.10 0 379800" pos="64.09" speed="13.30" posLat="0.00"/>
    <vehicle id="v226" type="DEFAULT_VEHTYPE" depart="226.00" route="!v226!var#17" speedFactor="1.24" state="226000 10 5.10 0 379800" pos="13.19" speed="6.91" posLat="0.00"/>
    <vehicle id="v227" type="DEFAULT_VEHTYPE" depart="227.00" route="!v227!var#16" speedFactor="1.11" state="228600 7 5.10 0 379800" pos="7.36" speed="7.06" posLat="0.00"/>
    <vehicle id="v228" type="DEFAULT_VEHTYPE" depart="228.00" route="!v228" speedFactor="1.09" state="9223372036854775807 0 -1.00 0 0" pos="0.00" speed="0.00" posLat="0.00"/>
    <vehicle id="v229" type="DEFAULT_VEHTYPE" depart="229.00" route="!v229!var#16" speedFactor="0.99" state="231200 9 5.10 0 379800" pos="0.86" speed="1.93" posLat="0.00"/>
    <vehicle id="v231" type="DEFAULT_VEHTYPE" depart="231.00" route="!v231!var#17" speedFactor="1.14" state="233800 8 5.10 0 379800" pos="83.81" speed="6.21" posLat="0.00"/>
    <vehicle id="v233" type="DEFAULT_VEHTYPE" depart="233.00" route="!v233!var#20" speedFactor="1.15" state="233000 10 5.10 0 379800" pos="58.29" speed="13.79" posLat="0.00"/>
    <vehicle id="v234" type="DEFAULT_VEHTYPE" depart="234.00" route="!v234!var#13" speedFactor="0.91" state="236600 9 5.10 0 379800" pos="87.40" speed="8.44" posLat="0.00"/>
    <vehicle id="v235" type="DEFAULT_VEHTYPE" depart="235.00" route="!v235" speedFactor="0.96" state="9223372036854775807 0 -1.00 0 0" pos="0.00" speed="0.00" posLat="0.00"/>
    <vehicle id="v236" type="DEFAULT_VEHTYPE" depart="236.00" route="!v236!var#21" speedFactor="1.04" state="236000 10 5.10 0 379800" pos="90.26" speed="14.39" posLat="0.00"/>
    <vehicle id="v237" type="DEFAULT_VEHTYPE" depart="237.00" route="!v237!var#15" speedFactor="0.88" state="239200 7 5.10 0 379800" pos="5.16" speed="5.69" posLat="0.00"/>
    <vehicle id="v238" type="DEFAULT_VEHTYPE" depart="238.00" route="!v238!var#22" speedFactor="1.10" state="238800 9 5.10 0 379800" pos="195.70" speed="12.57" posLat="0.00"/>
    <vehicle id="v239" type="DEFAULT_VEHTYPE" depart="239.00" route="!v239" speedFactor="1.13" state="9223372036854775807 0 -1.00 0 0" pos="0.00" speed="0.00" posLat="0.00"/>
    <vehicle id="v240" type="DEFAULT_VEHTYPE" depart="240.00" route="!v240!var#16" speedFactor="0.95" state="242000 7 5.10 0 379800" pos="158.91" speed="6.23" posLat="0.00"/>
    <vehicle id="v241" type="DEFAULT_VEHTYPE" depart="241.00" route="!v241!var#17" speedFactor="1.01" state="244600 8 5.10 0 379800" pos="136.71" speed="6.71" posLat="0.00"/>
    <vehicle id="v242" type="DEFAULT_VEHTYPE" depart="242.00" route="!v242!var#18" speedFactor="0.97" state="242000 10 5.10 0 379800" pos="104.09" speed="8.12" posLat="0.00"/>
    <vehicle id="v243" type="DEFAULT_VEHTYPE" depart="243.00" route="!v243!var#16" speedFactor="0.99" state="247200 9 5.10 0 379800" pos="3.49" speed="6.36" posLat="0.00"/>
    <vehicle id="v244" type="DEFAULT_VEHTYPE" depart="244.00" route="!v244" speedFactor="1.02" state="9223372036854775807 0 -1.00 0 0" pos="0.00" speed="0.00" posLat="0.00"/>
    <vehicle id="v245" type="DEFAULT_VEHTYPE" depart="245.00" route="!v245!var#18" speedFactor="1.01" state="245000 12 5.10 0 379800" pos="0.68" speed="11.47" posLat="0.00"/>
    <vehicle id="v246" type="DEFAULT_VEHTYPE" depart="246.00" route="!v246" speedFactor="0.97" state="9223372036854775807 0 -1.00 0 0" pos="0.00" speed="0.00" posLat="0.00"/>
    <vehicle id="v247" type="DEFAULT_VEHTYPE" depart="247.00" route="!v247!var#19" speedFactor="1.04" state="247600 13 5.10 0 379800" pos="13.11" speed="6.86" posLat="0.00"/>
    <vehicle id="v248" type="DEFAULT_VEHTYPE" depart="248.00" route="!v248" speedFactor="1.14" state="9223372036854775807 0 -1.00 0 0" pos="0.00" speed="0.00" posLat="0.00"/>
    <vehicle id="v249" type="DEFAULT_VEHTYPE" depart="249.00" route="!v249!var#18" speedFactor="1.11" state="250400 9 5.10 0 379800" pos="175.17" speed="12.66" posLat="0.00"/>
    <vehicle id="v250" type="DEFAULT_VEHTYPE" depart="250.00" route="!v250!var#15" speedFactor="0.93" state="250000 7 5.10 0 379800" pos="10.33" speed="8.40" posLat="0.00"/>
    <vehicle id="v251" type="DEFAULT_VEHTYPE" depart="251.00" route="!v251" speedFactor="0.88" state="9223372036854775807 0 -1.00 0 0" pos="0.00" speed="0.00" posLat="0.00"/>
    <vehicle id="v252" type="DEFAULT_VEHTYPE" depart="252.00" route="!v252" speedFactor="0.99" state="9223372036854775807 0 -1.00 0 0" pos="0.00" speed="0.00" posLat="0.00"/>
    <vehicle id="v253" type="DEFAULT_VEHTYPE" depart="253.00" route="!v253!var#15" speedFactor="0.98" state="253000 12 5.10 0 379800" pos="36.17" speed="11.58" posLat="0.00"/>
    <vehicle id="v255" type="DEFAULT_VEHTYPE" depart="255.00" route="!v255!var#15" speedFactor="0.71" state="255000 6 5.10 0 379800" pos="57.19" speed="9.63" posLat="0.00"/>
    <vehicle id="v256" type="DEFAULT_VEHTYPE" depart="256.00" route="!v256" speedFactor="0.96" state="9223372036854775807 0 -1.00 0 0" pos="0.00" speed="0.00" posLat="0.00"/>
    <vehicle id="v258" type="DEFAULT_VEHTYPE" depart="258.00" route="!v258!var#18" speedFactor="1.01" state="258000 9 5.10 0 379800" pos="11.02" speed="12.53" posLat="0.00"/>
    <vehicle id="v259" type="DEFAULT_VEHTYPE" depart="259.00" route="!v259" speedFactor="0.84" state="9223372036854775807 0 -1.00 0 0" pos="0.00" speed="0.00" posLat="0.00"/>
    <vehicle id="v260" type="DEFAULT_VEHTYPE" depart="260.00" route="!v260!var#17" speedFactor="0.75" state="287600 5 5.10 0 379800" pos="69.18" speed="10.42" posLat="0.00"/>
    <vehicle id="v261" type="DEFAULT_VEHTYPE" depart="261.00" route="!v261!var#18" speedFactor="1.13" state="261000 8 5.10 0 379800" pos="3.65" speed="12.53" posLat="0.00"/>
    <vehicle id="v262" type="DEFAULT_VEHTYPE" depart="262.00" route="!v262" speedFactor="1.04" state="9223372036854775807 0 -1.00 0 0" pos="0.00" speed="0.00" posLat="0.00"/>
    <vehicle id="v263" type="DEFAULT_VEHTYPE" depart="263.00" route="!v263!var#18" speedFactor="0.96" state="263600 8 5.10 0 379800" pos="21.96" speed="9.71" posLat="0.00"/>
    <vehicle id="v264" type="DEFAULT_VEHTYPE" depart="264.00" route="!v264!var#16" speedFactor="1.13" state="290200 5 5.10 0 379800" pos="25.26" speed="9.88" posLat="0.00"/>
    <vehicle id="v265" type="DEFAULT_VEHTYPE" depart="265.00" route="!v265!var#14" speedFactor="0.96" state="266200 11 5.10 0 379800" pos="16.77" speed="11.25" posLat="0.00"/>
    <vehicle id="v266" type="DEFAULT_VEHTYPE" depart="266.00" route="!v266!var#18" speedFactor="0.98" state="266000 7 5.10 0 379800" pos="122.24" speed="6.53" posLat="0.00"/>
    <vehicle id="v267" type="DEFAULT_VEHTYPE" depart="267.00" route="!v267!var#18" speedFactor="0.92" state="267000 7 5.10 0 379800" pos="31.70" speed="12.65" posLat="0.00"/>
    <vehicle id="v268" type="DEFAULT_VEHTYPE" depart="268.00" route="!v268" speedFactor="0.96" state="9223372036854775807 0 -1.00 0 0" pos="0.00" speed="0.00" posLat="0.00"/>
    <vehicle id="v269" type="DEFAULT_VEHTYPE" depart="269.00" route="!v269!var#18" speedFactor="1.26" state="269000 7 5.10 0 379800" pos="90.41" speed="7.52" posLat="0.00"/>
    <vehicle id="v270" type="DEFAULT_VEHTYPE" depart="270.00" route="!v270!var#17" speedFactor="0.97" state="270000 13 5.10 0 379800" pos="59.17" speed="13.32" posLat="0.00"/>
    <vehicle id="v271" type="DEFAULT_VEHTYPE" depart="271.00" route="!v271!var#15" speedFactor="0.87" state="296400 6 5.10 0 379800" pos="43.26" speed="7.64" posLat="0.00"/>
    <vehicle id="v272" type="DEFAULT_VEHTYPE" depart="272.00" route="!v272!var#18" speedFactor="1.05" state="272600 8 5.10 0 379800" pos="92.39" speed="12.11" posLat="0.00"/>
    <vehicle id="v273" type="DEFAULT_VEHTYPE" depart="273.00" route="!v273!var#10" speedFactor="0.98" state="307000 5 5.10 0 379800" pos="31.39" speed="12.32" posLat="0.00"/>
    <vehicle id="v274" type="DEFAULT_VEHTYPE" depart="274.00" route="!v274!var#12" speedFactor="0.85" state="309600 3 5.10 0 379800" pos="142.61" speed="11.72" posLat="0.00"/>
    <vehicle id="v275" type="DEFAULT_VEHTYPE" depart="275.00" route="!v275!var#17" speedFactor="0.97" state="275200 7 5.10 0 379800" pos="2.32" speed="13.46" posLat="0.00"/>
    <vehicle id="v276" type="DEFAULT_VEHTYPE" depart="276.00" route="!v276!var#16" speedFactor="0.87" state="276000 9 5.10 0 379800" pos="94.45" speed="12.08" posLat="0.00"/>
    <vehicle id="v277" type="DEFAULT_VEHTYPE" depart="277.00" route="!v277!var#5" speedFactor="1.21" state="323400 6 5.10 0 379800" pos="21.74" speed="10.79" posLat="0.00"/>
    <vehicle id="v278" type="DEFAULT_VEHTYPE" depart="278.00" route="!v278" speedFactor="0.99" state="9223372036854775807 0 -1.00 0 0" pos="0.00" speed="0.00" posLat="0.00"/>
    <vehicle id="v279" type="DEFAULT_VEHTYPE" depart="279.00" route="!v279!var#20" speedFactor="0.97" state="279000 7 5.10 0 379800" pos="2.58" speed="10.27" posLat="0.00"/>
    <vehicle id="v280" type="DEFAULT_VEHTYPE" depart="280.00" route="!v280!var#10" speedFactor="0.99" state="326000 3 5.10 0 379800" pos="94.38" speed="11.20" posLat="0.00"/>
    <vehicle id="v281" type="DEFAULT_VEHTYPE" depart="281.00" route="!v281" speedFactor="1.08" state="9223372036854775807 0 -1.00 0 0" pos="0.00" speed="0.00" posLat="0.00"/>
    <vehicle id="v282" type="DEFAULT_VEHTYPE" depart="282.00" route="!v282!var#10" speedFactor="0.95" state="328600 3 5.10 0 379800" pos="59.13" speed="10.25" posLat="0.00"/>
    <vehicle id="v283" type="DEFAULT_VEHTYPE" depart="283.00" route="!v283!var#18" speedFactor="1.02" state="283000 7 5.10 0 379800" pos="5.53" speed="4.62" posLat="0.00"/>
    <vehicle id="v284" type="DEFAULT_VEHTYPE" depart="284.00" route="!v284!var#16" speedFactor="0.76" state="284000 6 5.10 0 379800" pos="48.06" speed="10.49" posLat="0.00"/>
    <vehicle id="v285" type="DEFAULT_VEHTYPE" depart="285.00" route="!v285!var#17" speedFactor="1.04" state="285000 6 5.10 0 379800" pos="20.75" speed="12.13" posLat="0.00"/>
    <vehicle id="v286" type="DEFAULT_VEHTYPE" depart="286.00" route="!v286!var#10" speedFactor="0.98" state="331200 3 5.10 0 379800" pos="42.32" speed="9.91" posLat="0.00"/>
    <vehicle id="v287" type="DEFAULT_VEHTYPE" depart="287.00" route="!v287!var#16" speedFactor="0.89" state="287000 7 5.10 0 379800" pos="31.57" speed="12.35" posLat="0.00"/>
    <vehicle id="v288" type="DEFAULT_VEHTYPE" depart="288.00" route="!v288!var#11" speedFactor="1.10" state="334000 3 5.10 0 379800" pos="25.60" speed="9.22" posLat="0.00"/>
    <vehicle id="v289" type="DEFAULT_VEHTYPE" depart="289.00" route="!v289" speedFactor="1.19" state="9223372036854775807 0 -1.00 0 0" pos="0.00" speed="0.00" posLat="0.00"/>
    <vehicle id="v290" type="DEFAULT_VEHTYPE" depart="290.00" route="!v290" speedFactor="0.97" state="9223372036854775807 0 -1.00 0 0" pos="0.00" speed="0.00" posLat="0.00"/>
    <vehicle id="v291" type="DEFAULT_VEHTYPE" depart="291.00" route="!v291!var#12" speedFactor="0.97" state="291000 10 5.10 0 379800" pos="87.25" speed="13.24" posLat="0.00"/>
    <vehicle id="v292" type="DEFAULT_VEHTYPE" depart="292.00" route="!v292" speedFactor="1.09" state="9223372036854775807 0 -1.00 0 0" pos="0.00" speed="0.00" posLat="0.00"/>
    <vehicle id="v293" type="DEFAULT_VEHTYPE" depart="293.00" route="!v293!var#12" speedFactor="1.14" state="293000 6 5.10 0 379800" pos="52.06" speed="12.29" posLat="0.00"/>
    <vehicle id="v294" type="DEFAULT_VEHTYPE" depart="294.00" route="!v294!var#9" speedFactor="1.05" state="336600 2 5.10 0 379800" pos="1.00" speed="5.93" posLat="0.00"/>
    <vehicle id="v295" type="DEFAULT_VEHTYPE" depart="295.00" route="!v295!var#14" speedFactor="0.96" state="295000 7 5.10 0 379800" pos="11.27" speed="12.16" posLat="0.00"/>
    <vehicle id="v296" type="DEFAULT_VEHTYPE" depart="296.00" route="!v296!var#15" speedFactor="1.10" state="296000 8 5.10 0 379800" pos="6.81" speed="7.21" posLat="0.00"/>
    <vehicle id="v297" type="DEFAULT_VEHTYPE" depart="297.00" route="!v297!var#16" speedFactor="0.98" state="298600 5 5.10 0 379800" pos="2.11" speed="4.84" posLat="0.00"/>
    <vehicle id="v298" type="DEFAULT_VEHTYPE" depart="298.00" route="!v298!var#16" speedFactor="0.98" state="299400 7 5.10 0 379800" pos="6.76" speed="6.19" posLat="0.00"/>
    <vehicle id="v299" type="DEFAULT_VEHTYPE" depart="299.00" route="!v299" speedFactor="1.16" state="9223372036854775807 0 -1.00 0 0" pos="0.00" speed="0.00" posLat="0.00"/>
    <vehicle id="v300" type="DEFAULT_VEHTYPE" depart="300.00" route="!v300" speedFactor="1.07" state="9223372036854775807 0 -1.00 0 0" pos="0.00" speed="0.00" posLat="0.00"/>
    <vehicle id="v301" type="DEFAULT_VEHTYPE" depart="301.00" route="!v301!var#8" speedFactor="0.94" state="339200 2 5.10 0 379800" pos="141.07" speed="6.49" posLat="0.00"/>
    <vehicle id="v302" type="DEFAULT_VEHTYPE" depart="302.00" route="!v302!var#12" speedFactor="0.98" state="303600 10 5.10 0 379800" pos="35.59" speed="13.37" posLat="0.00"/>
    <vehicle id="v303" type="DEFAULT_VEHTYPE" depart="303.00" route="!v303" speedFactor="1.04" state="9223372036854775807 0 -1.00 0 0" pos="0.00" speed="0.00" posLat="0.00"/>
    <vehicle id="v304" type="DEFAULT_VEHTYPE" depart="304.00" route="!v304!var#6" speedFactor="0.98" state="343200 2 5.10 0 379800" pos="113.16" speed="5.99" posLat="0.00"/>
    <vehicle id="v305" type="DEFAULT_VEHTYPE" depart="305.00" route="!v305!var#6" speedFactor="0.96" state="345800 2 5.10 0 379800" pos="84.64" speed="6.28" posLat="0.00"/>
    <vehicle id="v306" type="DEFAULT_VEHTYPE" depart="306.00" route="!v306!var#14" speedFactor="1.06" state="306000 5 5.10 0 379800" pos="103.49" speed="10.77" posLat="0.00"/>
    <vehicle id="v307" type="DEFAULT_VEHTYPE" depart="307.00" route="!v307!var#12" speedFactor="0.99" state="308800 5 5.10 0 379800" pos="58.00" speed="10.89" posLat="0.00"/>
    <vehicle id="v308" type="DEFAULT_VEHTYPE" depart="308.00" route="!v308" speedFactor="0.99" state="9223372036854775807 0 -1.00 0 0" pos="0.00" speed="0.00" posLat="0.00"/>
    <vehicle id="v309" type="DEFAULT_VEHTYPE" depart="309.00" route="!v309" speedFactor="1.05" state="9223372036854775807 0 -1.00 0 0" pos="0.00" speed="0.00" posLat="0.00"/>
    <vehicle id="v310" type="DEFAULT_VEHTYPE" depart="310.00" route="!v310!var#14" speedFactor="0.90" state="310000 3 5.10 0 379800" pos="141.73" speed="9.92" posLat="0.00"/>
    <vehicle id="v311" type="DEFAULT_VEHTYPE" depart="311.00" route="!v311!var#11" speedFactor="1.09" state="311600 5 5.10 0 379800" pos="18.92" speed="11.62" posLat="0.00"/>
    <vehicle id="v312" type="DEFAULT_VEHTYPE" depart="312.00" route="!v312!var#5" speedFactor="1.11" state="348400 2 5.10 0 379800" pos="53.75" speed="7.39" posLat="0.00"/>
    <vehicle id="v313" type="DEFAULT_VEHTYPE" depart="313.00" route="!v313" speedFactor="1.07" state="9223372036854775807 0 -1.00 0 0" pos="0.00" speed="0.00" posLat="0.00"/>
    <vehicle id="v314" type="DEFAULT_VEHTYPE" depart="314.00" route="!v314!var#12" speedFactor="1.21" state="314400 5 5.10 0 379800" pos="76.54" speed="10.92" posLat="0.00"/>
    <vehicle id="v315" type="DEFAULT_VEHTYPE" depart="315.00" route="!v315!var#13" speedFactor="1.15" state="317600 7 5.10 0 379800" pos="73.89" speed="9.93" posLat="0.00"/>
    <vehicle id="v316" type="DEFAULT_VEHTYPE" depart="316.00" route="!v316" speedFactor="1.13" state="9223372036854775807 0 -1.00 0 0" pos="0.00" speed="0.00" posLat="0.00"/>
    <vehicle id="v317" type="DEFAULT_VEHTYPE" depart="317.00" route="!v317" speedFactor="0.98" state="9223372036854775807 0 -1.00 0 0" pos="0.00" speed="0.00" posLat="0.00"/>
    <vehicle id="v318" type="DEFAULT_VEHTYPE" depart="318.00" route="!v318!var#4" speedFactor="1.18" state="351000 2 5.10 0 379800" pos="37.55" speed="7.80" posLat="0.00"/>
    <vehicle id="v319" type="DEFAULT_VEHTYPE" depart="319.00" route="!v319" speedFactor="1.13" state="9223372036854775807 0 -1.00 0 0" pos="0.00" speed="0.00" posLat="0.00"/>
    <vehicle id="v320" type="DEFAULT_VEHTYPE" depart="320.00" route="!v320" speedFactor="1.16" state="9223372036854775807 0 -1.00 0 0" pos="0.00" speed="0.00" posLat="0.00"/>
    <vehicle id="v321" type="DEFAULT_VEHTYPE" depart="321.00" route="!v321" speedFactor="0.87" state="9223372036854775807 0 -1.00 0 0" pos="0.00" speed="0.00" posLat="0.00"/>
    <vehicle id="v322" type="DEFAULT_VEHTYPE" depart="322.00" route="!v322" speedFactor="0.87" state="9223372036854775807 0 -1.00 0 0" pos="0.00" speed="0.00" posLat="0.00"/>
    <vehicle id="v323" type="DEFAULT_VEHTYPE" depart="323.00" route="!v323!var#11" speedFactor="0.82" state="323000 4 5.10 0 379800" pos="127.15" speed="6.26" posLat="0.00"/>
    <vehicle id="v324" type="DEFAULT_VEHTYPE" depart="324.00" route="!v324" speedFactor="0.94" state="9223372036854775807 0 -1.00 0 0" pos="0.00" speed="0.00" posLat="0.00"/>
    <vehicle id="v325" type="DEFAULT_VEHTYPE" depart="325.00" route="!v325!var#10" speedFactor="1.01" state="325000 3 5.10 0 379800" pos="96.66" speed="8.05" posLat="0.00"/>
    <vehicle id="v326" type="DEFAULT_VEHTYPE" depart="326.00" route="!v326!var#10" speedFactor="0.93" state="326000 5 5.10 0 363600" pos="5.00" speed="5.77" posLat="0.00"/>
    <vehicle id="v327" type="DEFAULT_VEHTYPE" depart="327.00" route="!v327!var#10" speedFactor="0.95" state="328600 5 5.10 0 366200" pos="5.00" speed="7.26" posLat="0.00"/>
    <vehicle id="v328" type="DEFAULT_VEHTYPE" depart="328.00" route="!v328!var#13" speedFactor="1.00" state="328000 4 5.10 0 379800" pos="99.13" speed="6.14" posLat="0.00"/>
    <vehicle id="v329" type="DEFAULT_VEHTYPE" depart="329.00" route="!v329!var#10" speedFactor="0.90" state="329000 3 5.10 0 379800" pos="38.10" speed="11.49" posLat="0.00"/>
    <vehicle id="v330" type="DEFAULT_VEHTYPE" depart="330.00" route="!v330!var#10" speedFactor="0.96" state="331600 3 5.10 0 379800" pos="0.23" speed="11.90" posLat="0.00"/>
    <vehicle id="v331" type="DEFAULT_VEHTYPE" depart="331.00" route="!v331!var#12" speedFactor="1.02" state="331000 4 5.10 0 379800" pos="69.50" speed="6.92" posLat="0.00"/>
    <vehicle id="v332" type="DEFAULT_VEHTYPE" depart="332.00" route="!v332!var#4" speedFactor="1.01" state="353600 2 5.10 0 379800" pos="19.55" speed="8.85" posLat="0.00"/>
    <vehicle id="v333" type="DEFAULT_VEHTYPE" depart="333.00" route="!v333!var#9" speedFactor="0.93" state="338400 3 5.10 0 379800" pos="102.31" speed="11.78" posLat="0.00"/>
    <vehicle id="v334" type="DEFAULT_VEHTYPE" depart="334.00" route="!v334" speedFactor="1.18" state="9223372036854775807 0 -1.00 0 0" pos="0.00" speed="0.00" posLat="0.00"/>
    <vehicle id="v335" type="DEFAULT_VEHTYPE" depart="335.00" route="!v335!var#11" speedFactor="0.89" state="335000 4 5.10 0 379800" pos="42.74" speed="12.31" posLat="0.00"/>
    <vehicle id="v336" type="DEFAULT_VEHTYPE" depart="336.00" route="!v336!var#10" speedFactor="1.16" state="337600 4 5.10 0 379800" pos="22.55" speed="12.18" posLat="0.00"/>
    <vehicle id="v337" type="DEFAULT_VEHTYPE" depart="337.00" route="!v337!var#8" speedFactor="1.02" state="340200 4 5.10 0 379800" pos="1.68" speed="12.32" posLat="0.00"/>
    <vehicle id="v338" type="DEFAULT_VEHTYPE" depart="338.00" route="!v338!var#3" speedFactor="0.96" state="338000 3 5.10 0 379800" pos="14.28" speed="12.22" posLat="0.00"/>
    <vehicle id="v339" type="DEFAULT_VEHTYPE" depart="339.00" route="!v339" speedFactor="1.17" state="9223372036854775807 0 -1.00 0 0" pos="0.00" speed="0.00" posLat="0.00"/>
    <vehicle id="v340" type="DEFAULT_VEHTYPE" depart="340.00" route="!v340!var#7" speedFactor="1.11" state="342800 3 5.10 0 379800" pos="117.14" speed="12.90" posLat="0.00"/>
    <vehicle id="v341" type="DEFAULT_VEHTYPE" depart="341.00" route="!v341!var#8" speedFactor="0.86" state="341000 3 5.10 0 379800" pos="72.47" speed="11.75" posLat="0.00"/>
    <vehicle id="v342" type="DEFAULT_VEHTYPE" depart="342.00" route="!v342!var#9" speedFactor="1.00" state="345400 3 5.10 0 379800" pos="39.94" speed="13.60" posLat="0.00"/>
    <vehicle id="v343" type="DEFAULT_VEHTYPE" depart="343.00" route="!v343!var#3" speedFactor="0.95" state="343000 2 5.10 0 354200" pos="5.00" speed="5.89" posLat="0.00"/>
    <vehicle id="v344" type="DEFAULT_VEHTYPE" depart="344.00" route="!v344!var#5" speedFactor="0.98" state="356000 2 5.10 0 379800" pos="5.81" speed="7.41" posLat="0.00"/>
    <vehicle id="v345" type="DEFAULT_VEHTYPE" depart="345.00" route="!v345" speedFactor="0.94" state="9223372036854775807 0 -1.00 0 0" pos="0.00" speed="0.00" posLat="0.00"/>
    <vehicle id="v346" type="DEFAULT_VEHTYPE" depart="346.00" route="!v346!var#5" speedFactor="1.11" state="346000 2 5.10 0 379800" pos="6.38" speed="7.76" posLat="0.00"/>
    <vehicle id="v347" type="DEFAULT_VEHTYPE" depart="347.00" route="!v347" speedFactor="0.82" state="9223372036854775807 0 -1.00 0 0" pos="0.00" speed="0.00" posLat="0.00"/>
    <vehicle id="v348" type="DEFAULT_VEHTYPE" depart="348.00" route="!v348!var#3" speedFactor="1.13" state="356200 3 5.10 0 378600" pos="5.00" speed="5.19" posLat="0.00"/>
    <vehicle id="v349" type="DEFAULT_VEHTYPE" depart="349.00" route="!v349!var#3" speedFactor="0.90" state="349000 2 5.10 0 360800" pos="5.00" speed="9.96" posLat="0.00"/>
    <vehicle id="v350" type="DEFAULT_VEHTYPE" depart="350.00" route="!v350!var#4" speedFactor="1.02" state="364200 1 5.10 0 379800" pos="26.24" speed="10.67" posLat="0.00"/>
    <vehicle id="v351" type="DEFAULT_VEHTYPE" depart="351.00" route="!v351!var#7" speedFactor="0.82" state="351000 2 5.10 0 379800" pos="80.28" speed="10.06" posLat="0.00"/>
    <vehicle id="v352" type="DEFAULT_VEHTYPE" depart="352.00" route="!v352!var#2" speedFactor="0.97" state="352000 2 5.10 0 363200" pos="5.00" speed="11.76" posLat="0.00"/>
    <vehicle id="v353" type="DEFAULT_VEHTYPE" depart="353.00" route="!v353!var#7" speedFactor="1.03" state="353600 2 5.10 0 379800" pos="55.90" speed="12.00" posLat="0.00"/>
    <vehicle id="v354" type="DEFAULT_VEHTYPE" depart="354.00" route="!v354" speedFactor="0.98" state="9223372036854775807 0 -1.00 0 0" pos="0.00" speed="0.00" posLat="0.00"/>
    <vehicle id="v355" type="DEFAULT_VEHTYPE" depart="355.00" route="!v355!var#4" speedFactor="1.03" state="359000 1 5.10 0 379800" pos="134.83" speed="8.00" posLat="0.00"/>
    <vehicle id="v356" type="DEFAULT_VEHTYPE" depart="356.00" route="!v356!var#5" speedFactor="0.96" state="367000 1 5.10 0 379800" pos="3.86" speed="5.12" posLat="0.00"/>
    <vehicle id="v357" type="DEFAULT_VEHTYPE" depart="357.00" route="!v357!var#4" speedFactor="0.95" state="369600 0 5.10 0 379800" pos="59.24" speed="4.96" posLat="0.00"/>
    <vehicle id="v358" type="DEFAULT_VEHTYPE" depart="358.00" route="!v358!var#3" speedFactor="1.08" state="372400 0 5.10 0 379800" pos="45.23" speed="5.48" posLat="0.00"/>
    <vehicle id="v359" type="DEFAULT_VEHTYPE" depart="359.00" route="!v359" speedFactor="0.86" state="9223372036854775807 0 -1.00 0 0" pos="0.00" speed="0.00" posLat="0.00"/>
    <vehicle id="v360" type="DEFAULT_VEHTYPE" depart="360.00" route="!v360!var#4" speedFactor="1.19" state="361800 1 5.10 0 379800" pos="2.30" speed="8.42" posLat="0.00"/>
    <vehicle id="v361" type="DEFAULT_VEHTYPE" depart="361.00" route="!v361" speedFactor="0.95" state="9223372036854775807 0 -1.00 0 0" pos="0.00" speed="0.00" posLat="0.00"/>
    <vehicle id="v362" type="DEFAULT_VEHTYPE" depart="362.00" route="!v362!var#2" speedFactor="1.20" state="375000 0 5.10 0 379800" pos="29.00" speed="7.08" posLat="0.00"/>
    <vehicle id="v363" type="DEFAULT_VEHTYPE" depart="363.00" route="!v363" speedFactor="0.90" state="9223372036854775807 0 -1.00 0 0" pos="0.00" speed="0.00" posLat="0.00"/>
    <vehicle id="v364" type="DEFAULT_VEHTYPE" depart="364.00" route="!v364" speedFactor="0.99" state="9223372036854775807 0 -1.00 0 0" pos="0.00" speed="0.00" posLat="0.00"/>
    <vehicle id="v365" type="DEFAULT_VEHTYPE" depart="365.00" route="!v365!var#2" speedFactor="1.12" state="365000 2 5.10 0 375800" pos="5.00" speed="8.32" posLat="0.00"/>
    <vehicle id="v366" type="DEFAULT_VEHTYPE" depart="366.00" route="!v366!var#1" speedFactor="1.11" state="377600 0 5.10 0 379800" pos="10.77" speed="4.48" posLat="0.00"/>
    <vehicle id="v367" type="DEFAULT_VEHTYPE" depart="367.00" route="!v367" speedFactor="1.00" state="9223372036854775807 0 -1.00 0 0" pos="0.00" speed="0.00" posLat="0.00"/>
    <vehicle id="v368" type="DEFAULT_VEHTYPE" depart="368.00" route="!v368" speedFactor="1.14" state="9223372036854775807 0 -1.00 0 0" pos="5.10" speed="0.00" posLat="0.00"/>
    <vehicle id="v369" type="DEFAULT_VEHTYPE" depart="369.00" route="!v369!var#3" speedFactor="1.02" state="369000 1 5.10 0 379800" pos="6.12" speed="14.05" posLat="0.00"/>
    <vehicle id="v370" type="DEFAULT_VEHTYPE" depart="370.00" route="!v370!var#3" speedFactor="1.11" state="371600 0 5.10 0 379800" pos="74.07" speed="15.33" posLat="0.00"/>
    <vehicle id="v371" type="DEFAULT_VEHTYPE" depart="371.00" route="!v371" speedFactor="0.94" state="9223372036854775807 0 -1.00 0 0" pos="0.00" speed="0.00" posLat="0.00"/>
    <vehicle id="v372" type="DEFAULT_VEHTYPE" depart="372.00" route="!v372!var#2" speedFactor="1.01" state="374200 0 5.10 0 379800" pos="37.70" speed="10.87" posLat="0.00"/>
    <vehicle id="v373" type="DEFAULT_VEHTYPE" depart="373.00" route="!v373!var#3" speedFactor="0.91" state="373000 0 5.10 0 379800" pos="53.80" speed="12.41" posLat="0.00"/>
    <vehicle id="v374" type="DEFAULT_VEHTYPE" depart="374.00" route="!v374!var#1" speedFactor="0.93" state="376800 0 5.10 0 379800" pos="15.34" speed="6.12" posLat="0.00"/>
    <vehicle id="v375" type="DEFAULT_VEHTYPE" depart="375.00" route="!v375!var#2" speedFactor="0.81" state="375000 0 5.10 0 379800" pos="28.93" speed="9.52" posLat="0.00"/>
    <vehicle id="v376" type="DEFAULT_VEHTYPE" depart="376.00" route="!v376" speedFactor="1.10" state="9223372036854775807 0 -1.00 0 0" pos="5.10" speed="0.00" posLat="0.00"/>
    <vehicle id="v377" type="DEFAULT_VEHTYPE" depart="377.00" route="!v377!var#1" speedFactor="1.08" state="377000 0 5.10 0 379800" pos="13.90" speed="5.57" posLat="0.00"/>
    <vehicle id="v378" type="DEFAULT_VEHTYPE" depart="378.00" route="!v378" speedFactor="0.92" state="9223372036854775807 0 -1.00 0 0" pos="0.00" speed="0.00" posLat="0.00"/>
    <vehicle id="v379" type="DEFAULT_VEHTYPE" depart="379.00" route="!v379" speedFactor="0.84" state="9223372036854775807 0 -1.00 0 0" pos="0.00" speed="0.00" posLat="0.00"/>
    <vehicle id="v380" type="DEFAULT_VEHTYPE" depart="380.00" route="!v380" speedFactor="0.85" state="9223372036854775807 0 -1.00 0 0" pos="0.00" speed="0.00" posLat="0.00"/>
    <vehicle id="v381" type="DEFAULT_VEHTYPE" depart="381.00" route="!v381" speedFactor="0.96" state="9223372036854775807 0 -1.00 0 0" pos="0.00" speed="0.00" posLat="0.00"/>
    <vehicle id="v382" type="DEFAULT_VEHTYPE" depart="382.00" route="!v382" speedFactor="0.85" state="9223372036854775807 0 -1.00 0 0" pos="0.00" speed="0.00" posLat="0.00"/>
    <vehicle id="v383" type="DEFAULT_VEHTYPE" depart="383.00" route="!v383" speedFactor="1.14" state="9223372036854775807 0 -1.00 0 0" pos="0.00" speed="0.00" posLat="0.00"/>
    <vehicle id="v384" type="DEFAULT_VEHTYPE" depart="384.00" route="!v384" speedFactor="1.10" state="9223372036854775807 0 -1.00 0 0" pos="0.00" speed="0.00" posLat="0.00"/>
    <vehicle id="v385" type="DEFAULT_VEHTYPE" depart="385.00" route="!v385" speedFactor="1.06" state="9223372036854775807 0 -1.00 0 0" pos="0.00" speed="0.00" posLat="0.00"/>
    <vehicle id="v386" type="DEFAULT_VEHTYPE" depart="386.00" route="!v386" speedFactor="0.99" state="9223372036854775807 0 -1.00 0 0" pos="0.00" speed="0.00" posLat="0.00"/>
    <vehicle id="v387" type="DEFAULT_VEHTYPE" depart="387.00" route="!v387" speedFactor="0.90" state="9223372036854775807 0 -1.00 0 0" pos="0.00" speed="0.00" posLat="0.00"/>
    <vehicle id="v388" type="DEFAULT_VEHTYPE" depart="388.00" route="!v388" speedFactor="1.19" state="9223372036854775807 0 -1.00 0 0" pos="0.00" speed="0.00" posLat="0.00"/>
    <vehicle id="v389" type="DEFAULT_VEHTYPE" depart="389.00" route="!v389" speedFactor="0.93" state="9223372036854775807 0 -1.00 0 0" pos="0.00" speed="0.00" posLat="0.00"/>
    <vehicle id="v390" type="DEFAULT_VEHTYPE" depart="390.00" route="!v390" speedFactor="1.07" state="9223372036854775807 0 -1.00 0 0" pos="0.00" speed="0.00" posLat="0.00"/>
    <vehicle id="v391" type="DEFAULT_VEHTYPE" depart="391.00" route="!v391" speedFactor="1.11" state="9223372036854775807 0 -1.00 0 0" pos="0.00" speed="0.00" posLat="0.00"/>
    <vehicle id="v392" type="DEFAULT_VEHTYPE" depart="392.00" route="!v392" speedFactor="1.00" state="9223372036854775807 0 -1.00 0 0" pos="0.00" speed="0.00" posLat="0.00"/>
    <vehicle id="v393" type="DEFAULT_VEHTYPE" depart="393.00" route="!v393" speedFactor="1.12" state="9223372036854775807 0 -1.00 0 0" pos="0.00" speed="0.00" posLat="0.00"/>
    <vehicle id="v394" type="DEFAULT_VEHTYPE" depart="394.00" route="!v394" speedFactor="1.19" state="9223372036854775807 0 -1.00 0 0" pos="0.00" speed="0.00" posLat="0.00"/>
    <vehicle id="v395" type="DEFAULT_VEHTYPE" depart="395.00" route="!v395" speedFactor="1.14" state="9223372036854775807 0 -1.00 0 0" pos="0.00" speed="0.00" posLat="0.00"/>
    <vehicle id="v396" type="DEFAULT_VEHTYPE" depart="396.00" route="!v396" speedFactor="0.98" state="9223372036854775807 0 -1.00 0 0" pos="0.00" speed="0.00" posLat="0.00"/>
    <vehicle id="v397" type="DEFAULT_VEHTYPE" depart="397.00" route="!v397" speedFactor="1.12" state="9223372036854775807 0 -1.00 0 0" pos="0.00" speed="0.00" posLat="0.00"/>
    <vehicle id="v398" type="DEFAULT_VEHTYPE" depart="398.00" route="!v398" speedFactor="1.26" state="9223372036854775807 0 -1.00 0 0" pos="0.00" speed="0.00" posLat="0.00"/>
    <vehicle id="v399" type="DEFAULT_VEHTYPE" depart="399.00" route="!v399" speedFactor="1.07" state="9223372036854775807 0 -1.00 0 0" pos="0.00" speed="0.00" posLat="0.00"/>
    <vehicle id="v400" type="DEFAULT_VEHTYPE" depart="400.00" route="!v400" speedFactor="0.98" state="9223372036854775807 0 -1.00 0 0" pos="0.00" speed="0.00" posLat="0.00"/>
    <vehicle id="v401" type="DEFAULT_VEHTYPE" depart="401.00" route="!v401" speedFactor="1.03" state="9223372036854775807 0 -1.00 0 0" pos="0.00" speed="0.00" posLat="0.00"/>
    <vehicle id="v402" type="DEFAULT_VEHTYPE" depart="402.00" route="!v402" speedFactor="1.02" state="9223372036854775807 0 -1.00 0 0" pos="0.00" speed="0.00" posLat="0.00"/>
    <vehicle id="v403" type="DEFAULT_VEHTYPE" depart="403.00" route="!v403" speedFactor="1.09" state="9223372036854775807 0 -1.00 0 0" pos="0.00" speed="0.00" posLat="0.00"/>
    <vehicle id="v75" type="DEFAULT_VEHTYPE" depart="75.00" route="!v75!var#20" speedFactor="0.98" state="211800 10 5.10 0 379800" pos="28.26" speed="6.48" posLat="0.00"/>
    <vehicle id="v76" type="DEFAULT_VEHTYPE" depart="76.00" route="!v76!var#19" speedFactor="1.03" state="232000 9 5.10 0 379800" pos="10.71" speed="2.83" posLat="0.00"/>
    <vehicle id="v83" type="DEFAULT_VEHTYPE" depart="83.00" route="!v83!var#20" speedFactor="0.97" state="234600 9 5.10 0 379800" pos="106.61" speed="7.06" posLat="0.00"/>
    <vehicle id="v86" type="DEFAULT_VEHTYPE" depart="86.00" route="!v86!var#20" speedFactor="1.00" state="237400 9 5.10 0 379800" pos="80.12" speed="13.73" posLat="0.00"/>
    <vehicle id="v89" type="DEFAULT_VEHTYPE" depart="89.00" route="!v89!var#16" speedFactor="1.02" state="250600 13 5.10 0 379800" pos="34.32" speed="12.30" posLat="0.00"/>
    <vehicle id="v90" type="DEFAULT_VEHTYPE" depart="90.00" route="!v90!var#15" speedFactor="1.02" state="266200 6 5.10 0 379800" pos="39.52" speed="9.69" posLat="0.00"/>
    <vehicle id="v91" type="DEFAULT_VEHTYPE" depart="91.00" route="!v91!var#14" speedFactor="0.89" state="268800 11 5.10 0 379800" pos="54.55" speed="12.29" posLat="0.00"/>
    <vehicle id="v92" type="DEFAULT_VEHTYPE" depart="92.00" route="!v92!var#13" speedFactor="0.83" state="271600 10 5.10 0 379800" pos="55.57" speed="11.41" posLat="0.00"/>
    <vehicle id="v96" type="DEFAULT_VEHTYPE" depart="96.00" route="!v96!var#18" speedFactor="1.01" state="277800 7 5.10 0 379800" pos="35.78" speed="12.97" posLat="0.00"/>
    <vehicle id="v98" type="DEFAULT_VEHTYPE" depart="98.00" route="!v98!var#17" speedFactor="1.12" state="280400 6 5.10 0 379800" pos="122.13" speed="11.86" posLat="0.00"/>
    <vehicleTransfer id="v343" depart="380299"/>
    <vehicleTransfer id="v349" depart="382654"/>
    <vehicleTransfer id="v352" depart="383996"/>
    <vehicleTransfer id="v326" depart="384187"/>
    <vehicleTransfer id="v327" depart="387276"/>
    <vehicleTransfer id="v365" depart="387242"/>
    <vehicleTransfer id="v348" depart="391341"/>
    <lane id=":n0_0_0">
        <vehicles value=""/>
    </lane>
    <lane id=":n1_0_0">
        <vehicles value=""/>
    </lane>
    <lane id=":n1_1_0">
        <vehicles value=""/>
    </lane>
    <lane id=":n10_0_0">
        <vehicles value=""/>
    </lane>
    <lane id=":n10_1_0">
        <vehicles value=""/>
    </lane>
    <lane id=":n10_2_0">
        <vehicles value=""/>
    </lane>
    <lane id=":n10_3_0">
        <vehicles value=""/>
    </lane>
    <lane id=":n11_0_0">
        <vehicles value="v296"/>
    </lane>
    <lane id=":n11_1_0">
        <vehicles value=""/>
    </lane>
    <lane id=":n11_2_0">
        <vehicles value=""/>
    </lane>
    <lane id=":n12_0_0">
        <vehicles value=""/>
    </lane>
    <lane id=":n13_0_0">
        <vehicles value=""/>
    </lane>
    <lane id=":n14_0_0">
        <vehicles value="v275"/>
    </lane>
    <lane id=":n15_0_0">
        <vehicles value=""/>
    </lane>
    <lane id=":n16_0_0">
        <vehicles value=""/>
    </lane>
    <lane id=":n17_0_0">
        <vehicles value=""/>
    </lane>
    <lane id=":n18_0_0">
        <vehicles value=""/>
    </lane>
    <lane id=":n19_0_0">
        <vehicles value=""/>
    </lane>
    <lane id=":n20_0_0">
        <vehicles value="v245"/>
    </lane>
    <lane id=":n21_0_0">
        <vehicles value=""/>
    </lane>
    <lane id=":n22_0_0">
        <vehicles value=""/>
    </lane>
    <lane id=":n22_1_0">
        <vehicles value=""/>
    </lane>
    <lane id=":n22_2_0">
        <vehicles value=""/>
    </lane>
    <lane id=":n23_0_0">
        <vehicles value=""/>
    </lane>
    <lane id=":n24_0_0">
        <vehicles value=""/>
    </lane>
    <lane id=":n25_0_0">
        <vehicles value=""/>
    </lane>
    <lane id=":n25_1_0">
        <vehicles value=""/>
    </lane>
    <lane id=":n25_2_0">
        <vehicles value=""/>
    </lane>
    <lane id=":n26_0_0">
        <vehicles value=""/>
    </lane>
    <lane id=":n26_1_0">
        <vehicles value=""/>
    </lane>
    <lane id=":n27_0_0">
        <vehicles value=""/>
    </lane>
    <lane id=":n27_1_0">
        <vehicles value="v261"/>
    </lane>
    <lane id=":n28_0_0">
        <vehicles value=""/>
    </lane>
    <lane id=":n28_1_0">
        <vehicles value="v227"/>
    </lane>
    <lane id=":n28_2_0">
        <vehicles value="v76"/>
    </lane>
    <lane id=":n28_3_0">
        <vehicles value=""/>
    </lane>
    <lane id=":n29_0_0">
        <vehicles value=""/>
    </lane>
    <lane id=":n29_1_0">
        <vehicles value="v237"/>
    </lane>
    <lane id=":n3_0_0">
        <vehicles value=""/>
    </lane>
    <lane id=":n3_1_0">
        <vehicles value=""/>
    </lane>
    <lane id=":n30_0_0">
        <vehicles value=""/>
    </lane>
    <lane id=":n30_1_0">
        <vehicles value=""/>
    </lane>
    <lane id=":n31_0_0">
        <vehicles value="v243"/>
    </lane>
    <lane id=":n31_1_0">
        <vehicles value=""/>
    </lane>
    <lane id=":n31_2_0">
        <vehicles value=""/>
    </lane>
    <lane id=":n31_3_0">
        <vehicles value=""/>
    </lane>
    <lane id=":n32_0_0">
        <vehicles value=""/>
    </lane>
    <lane id=":n32_1_0">
        <vehicles value="v216"/>
    </lane>
    <lane id=":n34_0_0">
        <vehicles value=""/>
    </lane>
    <lane id=":n34_1_0">
        <vehicles value="v135"/>
    </lane>
    <lane id=":n35_0_0">
        <vehicles value=""/>
    </lane>
    <lane id=":n4_0_0">
        <vehicles value=""/>
    </lane>
    <lane id=":n4_1_0">
        <vehicles value=""/>
    </lane>
    <lane id=":n4_2_0">
        <vehicles value=""/>
    </lane>
    <lane id=":n4_3_0">
        <vehicles value=""/>
    </lane>
    <lane id=":n5_0_0">
        <vehicles value="v360"/>
    </lane>
    <lane id=":n5_1_0">
        <vehicles value=""/>
    </lane>
    <lane id=":n6_0_0">
        <vehicles value=""/>
    </lane>
    <lane id=":n6_1_0">
        <vehicles value=""/>
    </lane>
    <lane id=":n7_0_0">
        <vehicles value=""/>
    </lane>
    <lane id=":n7_1_0">
        <vehicles value=""/>
    </lane>
    <lane id=":n7_2_0">
        <vehicles value=""/>
    </lane>
    <lane id=":n7_3_0">
        <vehicles value=""/>
    </lane>
    <lane id=":n8_0_0">
        <vehicles value="v294"/>
    </lane>
    <lane id=":n8_1_0">
        <vehicles value=""/>
    </lane>
    <lane id=":n9_0_0">
        <vehicles value=""/>
    </lane>
    <lane id=":n9_1_0">
        <vehicles value=""/>
    </lane>
    <lane id="e0_0">
        <vehicles value="v375"/>
    </lane>
    <lane id="e1_0">
        <vehicles value="v332 v318 v312 v331 v305 v328 v304 v323 v301"/>
    </lane>
    <lane id="e10_0">
        <vehicles value="v377 v373"/>
    </lane>
    <lane id="e11_0">
        <vehicles value="v346 v288 v286 v282 v314 v280"/>
    </lane>
    <lane id="e12_0">
        <vehicles value="v337 v336 v335 v341 v333 v98 v274"/>
    </lane>
    <lane id="e13_0">
        <vehicles value="v277 v96 v110"/>
    </lane>
    <lane id="e14_0">
        <vehicles value="v273 v293 v109 v272"/>
    </lane>
    <lane id="e15_0">
        <vehicles value="v295 v287"/>
    </lane>
    <lane id="e16_0">
        <vehicles value=""/>
    </lane>
    <lane id="e17_0">
        <vehicles value="v276"/>
    </lane>
    <lane id="e18_0">
        <vehicles value="v291"/>
    </lane>
    <lane id="e19_0">
        <vehicles value="v302 v270"/>
    </lane>
    <lane id="e2_0">
        <vehicles value="v330 v311 v329 v307 v113 v325"/>
    </lane>
    <lane id="e20_0">
        <vehicles value="v265 v253 v92"/>
    </lane>
    <lane id="e21_0">
        <vehicles value="v89 v91"/>
    </lane>
    <lane id="e22_0">
        <vehicles value="v338 v306 v112 v310"/>
    </lane>
    <lane id="e23_0">
        <vehicles value="v283 v264 v284 v260"/>
    </lane>
    <lane id="e24_0">
        <vehicles value=""/>
    </lane>
    <lane id="e25_0">
        <vehicles value="v297 v116 v271 v119"/>
    </lane>
    <lane id="e26_0">
        <vehicles value="v298 v100 v315"/>
    </lane>
    <lane id="e27_0">
        <vehicles value=""/>
    </lane>
    <lane id="e28_0">
        <vehicles value="v279 v285"/>
    </lane>
    <lane id="e29_0">
        <vehicles value="v111"/>
    </lane>
    <lane id="e3_0">
        <vehicles value="v366 v362 v358 v357"/>
    </lane>
    <lane id="e30_0">
        <vehicles value=""/>
    </lane>
    <lane id="e31_0">
        <vehicles value=""/>
    </lane>
    <lane id="e32_0">
        <vehicles value=""/>
    </lane>
    <lane id="e33_0">
        <vehicles value="v208 v217 v240"/>
    </lane>
    <lane id="e34_0">
        <vehicles value=""/>
    </lane>
    <lane id="e35_0">
        <vehicles value="v233 v86"/>
    </lane>
    <lane id="e36_0">
        <vehicles value="v269 v83 v266 v241"/>
    </lane>
    <lane id="e37_0">
        <vehicles value="v263 v90 v255 v249 v238"/>
    </lane>
    <lane id="e38_0">
        <vehicles value=""/>
    </lane>
    <lane id="e39_0">
        <vehicles value="v247 v75 v206 v203 v205 v231"/>
    </lane>
    <lane id="e4_0">
        <vehicles value="v374 v372 v370"/>
    </lane>
    <lane id="e40_0">
        <vehicles value="v229 v226 v210 v222 v221 v234 v242 v214"/>
    </lane>
    <lane id="e41_0">
        <vehicles value="v144 v220 v199 v149 v172 v197"/>
    </lane>
    <lane id="e42_0">
        <vehicles value=""/>
    </lane>
    <lane id="e43_0">
        <vehicles value="v165"/>
    </lane>
    <lane id="e44_0">
        <vehicles value="v195 v190 v182 v225"/>
    </lane>
    <lane id="e45_0">
        <vehicles value="v148 v178 v161"/>
    </lane>
    <lane id="e46_0">
        <vehicles value="v250 v212 v215"/>
    </lane>
    <lane id="e47_0">
        <vehicles value="v162"/>
    </lane>
    <lane id="e48_0">
        <vehicles value=""/>
    </lane>
    <lane id="e49_0">
        <vehicles value="v258 v267 v236"/>
    </lane>
    <lane id="e5_0">
        <vehicles value="v356 v350 v353 v351"/>
    </lane>
    <lane id="e6_0">
        <vehicles value="v369 v355"/>
    </lane>
    <lane id="e7_0">
        <vehicles value=""/>
    </lane>
    <lane id="e8_0">
        <vehicles value="v344 v342"/>
    </lane>
    <lane id="e9_0">
        <vehicles value="v340"/>
    </lane>
</snapshot>
