<?xml version="1.0" encoding="UTF-8"?>

<!-- generated on vie 27 sep 2019 17:14:47 CDT by Eclipse SUMO GUI Version 1.1.0
<configuration xmlns:xsi="http://www.w3.org/2001/XMLSchema-instance" xsi:noNamespaceSchemaLocation="http://sumo.dlr.de/xsd/sumoConfiguration.xsd">

    <input>
        <net-file value="generator/irregular_grid/net.net.xml"/>
        <route-files value="generator/irregular_grid/routes.rou.xml"/>
    </input>

    <output>
        <save-state.period value="10"/>
        <save-state.suffix value=".xml"/>
    </output>

    <time>
        <begin value="0"/>
        <end value="50000"/>
        <step-length value="0.2"/>
    </time>

    <traci_server>
        <remote-port value="55083"/>
    </traci_server>

    <gui_only>
        <tracker-interval value="0.2"/>
    </gui_only>

</configuration>
-->

<snapshot xmlns:xsi="http://www.w3.org/2001/XMLSchema-instance" xsi:noNamespaceSchemaLocation="http://sumo.dlr.de/xsd/state_file.xsd" version="1.1.0" time="1860.00">
    <route id="!v894" state="0" edges="e5 e9 e12 e27 e28 e29 e32 e31 e30 e33 e39 e40 e41 e44"/>
    <route id="!v894!var#1" state="0" edges="e5 e8 e7 e1 e11 e22 e23 e25 e26 e29 e32 e31 e30 e33 e39 e40 e46 e45 e47 e44"/>
    <route id="!v895" state="0" edges="e5 e8 e6 e2 e12 e27 e28 e29 e37 e49 e43"/>
    <route id="!v895!var#1" state="0" edges="e5 e8 e7 e1 e11 e22 e23 e25 e26 e29 e32 e31 e30 e33 e39 e40 e46 e45 e47 e44"/>
    <route id="!v898" state="0" edges="e5 e8 e6 e22 e23 e25 e26 e29 e37 e49 e43"/>
    <route id="!v898!var#1" state="0" edges="e5 e8 e7 e1 e11 e22 e23 e25 e26 e29 e32 e31 e30 e33 e39 e40 e46 e45 e47 e44"/>
    <route id="!v912" state="0" edges="e5 e9 e12 e13 e14 e15 e16 e17 e18 e19 e20 e21 e33 e48 e45 e47 e44"/>
    <route id="!v912!var#1" state="0" edges="e5 e8 e7 e1 e11 e22 e23 e25 e26 e29 e32 e31 e30 e33 e39 e40 e46 e45 e47 e44"/>
    <route id="!v914" state="0" edges="e5 e8 e6 e2 e12 e13 e14 e15 e16 e17 e18 e19 e20 e21 e33 e39 e38 e49 e43"/>
    <route id="!v914!var#1" state="0" edges="e5 e8 e7 e1 e11 e22 e23 e25 e26 e29 e32 e31 e30 e33 e39 e40 e46 e45 e47 e44"/>
    <route id="!v916" state="0" edges="e5 e8 e7 e1 e24 e29 e34 e36 e38 e49 e43"/>
    <route id="!v916!var#1" state="0" edges="e5 e8 e7 e1 e11 e22 e23 e25 e26 e29 e32 e31 e30 e33 e39 e40 e46 e45 e47 e44"/>
    <route id="!v921" state="0" edges="e5 e8 e7 e1 e11 e22 e23 e25 e26 e29 e37 e49 e43"/>
    <route id="!v921!var#1" state="0" edges="e5 e8 e7 e1 e11 e22 e23 e25 e26 e29 e32 e31 e30 e33 e39 e40 e46 e45 e47 e44"/>
    <route id="!v925" state="0" edges="e5 e8 e7 e1 e24 e29 e34 e36 e38 e49 e43"/>
    <route id="!v925!var#1" state="0" edges="e5 e8 e7 e1 e11 e22 e23 e25 e26 e29 e32 e31 e30 e33 e39 e40 e46 e45 e47 e44"/>
    <route id="!v927" state="0" edges="e5 e9 e12 e27 e23 e25 e26 e29 e32 e31 e30 e33 e48 e45 e47 e44"/>
    <route id="!v927!var#1" state="0" edges="e5 e8 e7 e1 e11 e22 e23 e25 e26 e29 e32 e31 e30 e33 e39 e40 e46 e45 e47 e44"/>
    <route id="!v932" state="0" edges="e5 e8 e7 e1 e11 e2 e12 e27 e28 e29 e32 e31 e30 e33 e48 e45 e47 e44"/>
    <route id="!v932!var#1" state="0" edges="e5 e8 e7 e1 e11 e22 e23 e25 e26 e29 e32 e31 e30 e33 e39 e40 e46 e45 e47 e44"/>
    <route id="!v934" state="0" edges="e5 e8 e6 e22 e23 e25 e26 e29 e34 e36 e38 e49 e42 e46 e45 e47 e44"/>
    <route id="!v934!var#1" state="0" edges="e5 e8 e7 e1 e11 e22 e23 e25 e26 e29 e32 e31 e30 e33 e39 e40 e46 e45 e47 e44"/>
    <route id="!v936" state="0" edges="e5 e8 e7 e1 e11 e22 e28 e29 e34 e35 e33 e48 e45 e47 e44"/>
    <route id="!v936!var#1" state="0" edges="e5 e8 e7 e1 e11 e22 e23 e25 e26 e29 e32 e31 e30 e33 e39 e40 e46 e45 e47 e44"/>
    <route id="!v937" state="0" edges="e5 e8 e7 e1 e24 e29 e32 e31 e30 e33 e39 e40 e46 e45 e47 e44"/>
    <route id="!v937!var#1" state="0" edges="e5 e8 e7 e1 e11 e22 e23 e25 e26 e29 e32 e31 e30 e33 e39 e40 e46 e45 e47 e44"/>
    <route id="!v943" state="0" edges="e5 e9 e12 e27 e28 e29 e32 e31 e30 e33 e39 e38 e49 e43"/>
    <route id="!v943!var#1" state="0" edges="e5 e8 e7 e1 e11 e22 e23 e25 e26 e29 e32 e31 e30 e33 e39 e40 e46 e45 e47 e44"/>
    <route id="!v946" state="0" edges="e5 e8 e7 e1 e24 e29 e37 e49 e43"/>
    <route id="!v946!var#1" state="0" edges="e5 e8 e7 e1 e11 e22 e23 e25 e26 e29 e32 e31 e30 e33 e39 e40 e46 e45 e47 e44"/>
    <route id="!v947" state="0" edges="e5 e8 e7 e1 e11 e22 e28 e29 e34 e36 e38 e49 e42 e46 e45 e47 e44"/>
    <route id="!v947!var#1" state="0" edges="e5 e8 e7 e1 e11 e22 e23 e25 e26 e29 e32 e31 e30 e33 e39 e40 e46 e45 e47 e44"/>
    <route id="!v953" state="0" edges="e5 e9 e12 e13 e14 e15 e16 e17 e18 e19 e20 e21 e33 e39 e40 e41 e44"/>
    <route id="!v953!var#1" state="0" edges="e5 e8 e7 e1 e11 e22 e23 e25 e26 e29 e32 e31 e30 e33 e39 e40 e46 e45 e47 e44"/>
    <route id="!v955" state="0" edges="e5 e9 e12 e27 e28 e29 e32 e31 e30 e33 e48 e45 e47 e44"/>
    <route id="!v955!var#1" state="0" edges="e5 e8 e7 e1 e11 e22 e23 e25 e26 e29 e32 e31 e30 e33 e39 e40 e46 e45 e47 e44"/>
    <route id="!v956" state="0" edges="e5 e8 e6 e2 e12 e27 e28 e29 e32 e31 e30 e33 e39 e38 e49 e43"/>
    <route id="!v956!var#1" state="0" edges="e5 e8 e7 e1 e11 e22 e23 e25 e26 e29 e32 e31 e30 e33 e39 e40 e46 e45 e47 e44"/>
    <route id="!v959" state="0" edges="e5 e9 e12 e13 e14 e15 e16 e17 e18 e19 e20 e21 e33 e39 e38 e49 e43"/>
    <route id="!v959!var#1" state="0" edges="e5 e8 e7 e1 e11 e22 e23 e25 e26 e29 e32 e31 e30 e33 e39 e40 e46 e45 e47 e44"/>
    <route id="!v960" state="0" edges="e5 e9 e12 e27 e23 e25 e26 e29 e37 e49 e42 e41 e44"/>
    <route id="!v960!var#1" state="0" edges="e5 e8 e7 e1 e11 e22 e23 e25 e26 e29 e32 e31 e30 e33 e39 e40 e46 e45 e47 e44"/>
    <route id="!v963" state="0" edges="e5 e9 e12 e13 e14 e15 e16 e17 e18 e19 e20 e21 e33 e48 e45 e47 e44"/>
    <route id="!v963!var#1" state="0" edges="e5 e8 e7 e1 e11 e22 e23 e25 e26 e29 e32 e31 e30 e33 e39 e40 e46 e45 e47 e44"/>
    <route id="!v969" state="0" edges="e5 e8 e6 e22 e28 e29 e37 e49 e43"/>
    <route id="!v969!var#1" state="0" edges="e5 e8 e7 e1 e11 e22 e23 e25 e26 e29 e32 e31 e30 e33 e39 e40 e46 e45 e47 e44"/>
    <route id="!v972" state="0" edges="e5 e8 e6 e2 e12 e13 e14 e15 e16 e17 e18 e19 e20 e21 e33 e39 e38 e49 e42 e46 e45 e47 e44"/>
    <route id="!v972!var#1" state="0" edges="e5 e8 e7 e1 e11 e22 e23 e25 e26 e29 e32 e31 e30 e33 e39 e40 e46 e45 e47 e44"/>
    <route id="!v975" state="0" edges="e5 e8 e7 e1 e11 e2 e12 e27 e28 e29 e32 e31 e30 e33 e39 e40 e41 e44"/>
    <route id="!v975!var#1" state="0" edges="e5 e8 e7 e1 e11 e22 e23 e25 e26 e29 e32 e31 e30 e33 e39 e40 e46 e45 e47 e44"/>
    <route id="!v976" state="0" edges="e5 e9 e12 e27 e23 e25 e26 e29 e37 e49 e43"/>
    <route id="!v976!var#1" state="0" edges="e5 e8 e7 e1 e11 e22 e23 e25 e26 e29 e32 e31 e30 e33 e39 e40 e46 e45 e47 e44"/>
    <route id="!v977" state="0" edges="e5 e8 e7 e1 e11 e22 e23 e25 e26 e29 e34 e35 e33 e39 e40 e41 e44"/>
    <route id="!v977!var#1" state="0" edges="e5 e8 e7 e1 e11 e22 e23 e25 e26 e29 e32 e31 e30 e33 e39 e40 e46 e45 e47 e44"/>
    <route id="!v979" state="0" edges="e5 e9 e12 e27 e28 e29 e32 e31 e30 e33 e39 e40 e41 e44"/>
    <route id="!v979!var#1" state="0" edges="e5 e8 e7 e1 e11 e22 e23 e25 e26 e29 e32 e31 e30 e33 e39 e40 e46 e45 e47 e44"/>
    <route id="!v984" state="0" edges="e5 e8 e6 e22 e23 e25 e26 e29 e37 e49 e42 e41 e44"/>
    <route id="!v984!var#1" state="0" edges="e5 e8 e7 e1 e11 e22 e23 e25 e26 e29 e32 e31 e30 e33 e39 e40 e46 e45 e47 e44"/>
    <route id="!v997" state="0" edges="e5 e8 e6 e22 e28 e29 e34 e36 e38 e49 e42 e46 e45 e47 e44"/>
    <route id="!v997!var#1" state="0" edges="e5 e8 e7 e1 e11 e22 e23 e25 e26 e29 e32 e31 e30 e33 e39 e40 e46 e45 e47 e44"/>
    <route id="!v999" state="0" edges="e5 e8 e7 e1 e11 e22 e28 e29 e34 e36 e38 e49 e43"/>
    <route id="!v999!var#1" state="0" edges="e5 e8 e7 e1 e11 e22 e23 e25 e26 e29 e32 e31 e30 e33 e39 e40 e46 e45 e47 e44"/>
    <delay number="31" begin="1000" end="969" depart="204717.00" time="250729.00"/>
    <vType id="DEFAULT_BIKETYPE" vClass="bicycle"/>
    <vType id="DEFAULT_PEDTYPE" vClass="pedestrian"/>
    <vType id="DEFAULT_VEHTYPE"/>
    <vehicle id="v894" type="DEFAULT_VEHTYPE" depart="894.00" route="!v894!var#1" speedFactor="1.08" state="1579000 19 5.10 0 1859800" pos="31.46" speed="14.97" posLat="0.00"/>
    <vehicle id="v895" type="DEFAULT_VEHTYPE" depart="895.00" route="!v895!var#1" speedFactor="1.02" state="1581600 18 5.10 0 1859800" pos="4.54" speed="13.90" posLat="0.00"/>
    <vehicle id="v898" type="DEFAULT_VEHTYPE" depart="898.00" route="!v898!var#1" speedFactor="0.81" state="1584200 18 5.10 0 1859800" pos="28.13" speed="10.65" posLat="0.00"/>
    <vehicle id="v912" type="DEFAULT_VEHTYPE" depart="912.00" route="!v912!var#1" speedFactor="1.01" state="1586800 18 5.10 0 1859800" pos="6.49" speed="6.18" posLat="0.00"/>
    <vehicle id="v914" type="DEFAULT_VEHTYPE" depart="914.00" route="!v914!var#1" speedFactor="0.92" state="1589400 17 5.10 0 1859800" pos="85.30" speed="5.34" posLat="0.00"/>
    <vehicle id="v916" type="DEFAULT_VEHTYPE" depart="916.00" route="!v916!var#1" speedFactor="0.91" state="1592000 17 5.10 0 1859800" pos="72.80" speed="4.78" posLat="0.00"/>
    <vehicle id="v921" type="DEFAULT_VEHTYPE" depart="921.00" route="!v921!var#1" speedFactor="0.91" state="1594800 17 5.10 0 1859800" pos="60.42" speed="4.65" posLat="0.00"/>
    <vehicle id="v925" type="DEFAULT_VEHTYPE" depart="925.00" route="!v925!var#1" speedFactor="0.97" state="1597400 17 5.10 0 1859800" pos="48.09" speed="4.59" posLat="0.00"/>
    <vehicle id="v927" type="DEFAULT_VEHTYPE" depart="927.00" route="!v927!var#1" speedFactor="0.90" state="1600000 17 5.10 0 1859800" pos="35.66" speed="4.53" posLat="0.00"/>
    <vehicle id="v932" type="DEFAULT_VEHTYPE" depart="932.00" route="!v932!var#1" speedFactor="0.92" state="1602600 17 5.10 0 1859800" pos="23.24" speed="4.76" posLat="0.00"/>
    <vehicle id="v934" type="DEFAULT_VEHTYPE" depart="934.00" route="!v934!var#1" speedFactor="1.02" state="1605200 17 5.10 0 1859800" pos="10.71" speed="4.61" posLat="0.00"/>
    <vehicle id="v936" type="DEFAULT_VEHTYPE" depart="936.00" route="!v936!var#1" speedFactor="1.11" state="1607800 16 5.10 0 1859800" pos="7.28" speed="4.83" posLat="0.00"/>
    <vehicle id="v937" type="DEFAULT_VEHTYPE" depart="937.00" route="!v937!var#1" speedFactor="1.00" state="1610400 16 5.10 0 1859800" pos="70.73" speed="4.87" posLat="0.00"/>
    <vehicle id="v943" type="DEFAULT_VEHTYPE" depart="943.00" route="!v943!var#1" speedFactor="0.92" state="1613000 16 5.10 0 1859800" pos="58.06" speed="4.90" posLat="0.00"/>
    <vehicle id="v946" type="DEFAULT_VEHTYPE" depart="946.00" route="!v946!var#1" speedFactor="1.08" state="1615600 16 5.10 0 1859800" pos="45.54" speed="4.87" posLat="0.00"/>
    <vehicle id="v947" type="DEFAULT_VEHTYPE" depart="947.00" route="!v947!var#1" speedFactor="1.04" state="1618400 16 5.10 0 1859800" pos="32.91" speed="4.83" posLat="0.00"/>
    <vehicle id="v953" type="DEFAULT_VEHTYPE" depart="953.00" route="!v953!var#1" speedFactor="1.03" state="1621000 16 5.10 0 1859800" pos="20.32" speed="4.92" posLat="0.00"/>
    <vehicle id="v955" type="DEFAULT_VEHTYPE" depart="955.00" route="!v955!var#1" speedFactor="0.91" state="1623800 16 5.10 0 1859800" pos="7.70" speed="4.99" posLat="0.00"/>
    <vehicle id="v956" type="DEFAULT_VEHTYPE" depart="956.00" route="!v956!var#1" speedFactor="0.98" state="1626400 15 5.10 0 1859800" pos="4.21" speed="4.83" posLat="0.00"/>
    <vehicle id="v959" type="DEFAULT_VEHTYPE" depart="959.00" route="!v959!var#1" speedFactor="1.11" state="1629000 15 5.10 0 1859800" pos="125.55" speed="4.87" posLat="0.00"/>
    <vehicle id="v960" type="DEFAULT_VEHTYPE" depart="960.00" route="!v960!var#1" speedFactor="1.09" state="1631600 15 5.10 0 1859800" pos="112.95" speed="4.69" posLat="0.00"/>
    <vehicle id="v963" type="DEFAULT_VEHTYPE" depart="963.00" route="!v963!var#1" speedFactor="1.23" state="1634200 15 5.10 0 1859800" pos="100.49" speed="4.81" posLat="0.00"/>
    <vehicle id="v969" type="DEFAULT_VEHTYPE" depart="969.00" route="!v969!var#1" speedFactor="1.09" state="1636800 15 5.10 0 1859800" pos="88.05" speed="4.70" posLat="0.00"/>
    <vehicle id="v972" type="DEFAULT_VEHTYPE" depart="972.00" route="!v972!var#1" speedFactor="0.98" state="1639400 15 5.10 0 1859800" pos="75.57" speed="4.57" posLat="0.00"/>
    <vehicle id="v975" type="DEFAULT_VEHTYPE" depart="975.00" route="!v975!var#1" speedFactor="0.96" state="1642000 15 5.10 0 1859800" pos="63.18" speed="4.66" posLat="0.00"/>
    <vehicle id="v976" type="DEFAULT_VEHTYPE" depart="976.00" route="!v976!var#1" speedFactor="0.85" state="1644600 15 5.10 0 1859800" pos="50.67" speed="4.60" posLat="0.00"/>
    <vehicle id="v977" type="DEFAULT_VEHTYPE" depart="977.00" route="!v977!var#1" speedFactor="1.07" state="1647200 15 5.10 0 1859800" pos="38.21" speed="4.70" posLat="0.00"/>
    <vehicle id="v979" type="DEFAULT_VEHTYPE" depart="979.00" route="!v979!var#1" speedFactor="0.97" state="1649800 15 5.10 0 1859800" pos="25.67" speed="4.78" posLat="0.00"/>
    <vehicle id="v984" type="DEFAULT_VEHTYPE" depart="984.00" route="!v984!var#1" speedFactor="1.20" state="1652600 15 5.10 0 1859800" pos="13.07" speed="4.74" posLat="0.00"/>
    <vehicle id="v997" type="DEFAULT_VEHTYPE" depart="997.00" route="!v997!var#1" speedFactor="1.17" state="1655200 15 5.10 0 1859800" pos="0.30" speed="4.85" posLat="0.00"/>
    <vehicle id="v999" type="DEFAULT_VEHTYPE" depart="999.00" route="!v999!var#1" speedFactor="0.93" state="1657800 14 5.10 0 1859800" pos="86.02" speed="5.39" posLat="0.00"/>
    <lane id=":n0_0_0">
        <vehicles value=""/>
    </lane>
    <lane id=":n1_0_0">
        <vehicles value=""/>
    </lane>
    <lane id=":n1_1_0">
        <vehicles value=""/>
    </lane>
    <lane id=":n10_0_0">
        <vehicles value=""/>
    </lane>
    <lane id=":n10_1_0">
        <vehicles value=""/>
    </lane>
    <lane id=":n10_2_0">
        <vehicles value=""/>
    </lane>
    <lane id=":n10_3_0">
        <vehicles value=""/>
    </lane>
    <lane id=":n11_0_0">
        <vehicles value=""/>
    </lane>
    <lane id=":n11_1_0">
        <vehicles value=""/>
    </lane>
    <lane id=":n11_2_0">
        <vehicles value=""/>
    </lane>
    <lane id=":n12_0_0">
        <vehicles value=""/>
    </lane>
    <lane id=":n13_0_0">
        <vehicles value=""/>
    </lane>
    <lane id=":n14_0_0">
        <vehicles value=""/>
    </lane>
    <lane id=":n15_0_0">
        <vehicles value=""/>
    </lane>
    <lane id=":n16_0_0">
        <vehicles value=""/>
    </lane>
    <lane id=":n17_0_0">
        <vehicles value=""/>
    </lane>
    <lane id=":n18_0_0">
        <vehicles value=""/>
    </lane>
    <lane id=":n19_0_0">
        <vehicles value=""/>
    </lane>
    <lane id=":n20_0_0">
        <vehicles value=""/>
    </lane>
    <lane id=":n21_0_0">
        <vehicles value=""/>
    </lane>
    <lane id=":n22_0_0">
        <vehicles value=""/>
    </lane>
    <lane id=":n22_1_0">
        <vehicles value=""/>
    </lane>
    <lane id=":n22_2_0">
        <vehicles value=""/>
    </lane>
    <lane id=":n23_0_0">
        <vehicles value=""/>
    </lane>
    <lane id=":n24_0_0">
        <vehicles value=""/>
    </lane>
    <lane id=":n25_0_0">
        <vehicles value=""/>
    </lane>
    <lane id=":n25_1_0">
        <vehicles value=""/>
    </lane>
    <lane id=":n25_2_0">
        <vehicles value=""/>
    </lane>
    <lane id=":n26_0_0">
        <vehicles value=""/>
    </lane>
    <lane id=":n26_1_0">
        <vehicles value=""/>
    </lane>
    <lane id=":n27_0_0">
        <vehicles value=""/>
    </lane>
    <lane id=":n27_1_0">
        <vehicles value=""/>
    </lane>
    <lane id=":n28_0_0">
        <vehicles value=""/>
    </lane>
    <lane id=":n28_1_0">
        <vehicles value=""/>
    </lane>
    <lane id=":n28_2_0">
        <vehicles value=""/>
    </lane>
    <lane id=":n28_3_0">
        <vehicles value=""/>
    </lane>
    <lane id=":n29_0_0">
        <vehicles value=""/>
    </lane>
    <lane id=":n29_1_0">
        <vehicles value=""/>
    </lane>
    <lane id=":n3_0_0">
        <vehicles value=""/>
    </lane>
    <lane id=":n3_1_0">
        <vehicles value=""/>
    </lane>
    <lane id=":n30_0_0">
        <vehicles value=""/>
    </lane>
    <lane id=":n30_1_0">
        <vehicles value=""/>
    </lane>
    <lane id=":n31_0_0">
        <vehicles value="v956"/>
    </lane>
    <lane id=":n31_1_0">
        <vehicles value=""/>
    </lane>
    <lane id=":n31_2_0">
        <vehicles value=""/>
    </lane>
    <lane id=":n31_3_0">
        <vehicles value=""/>
    </lane>
    <lane id=":n32_0_0">
        <vehicles value=""/>
    </lane>
    <lane id=":n32_1_0">
        <vehicles value="v936"/>
    </lane>
    <lane id=":n34_0_0">
        <vehicles value="v895"/>
    </lane>
    <lane id=":n34_1_0">
        <vehicles value=""/>
    </lane>
    <lane id=":n35_0_0">
        <vehicles value=""/>
    </lane>
    <lane id=":n4_0_0">
        <vehicles value=""/>
    </lane>
    <lane id=":n4_1_0">
        <vehicles value=""/>
    </lane>
    <lane id=":n4_2_0">
        <vehicles value=""/>
    </lane>
    <lane id=":n4_3_0">
        <vehicles value=""/>
    </lane>
    <lane id=":n5_0_0">
        <vehicles value=""/>
    </lane>
    <lane id=":n5_1_0">
        <vehicles value=""/>
    </lane>
    <lane id=":n6_0_0">
        <vehicles value=""/>
    </lane>
    <lane id=":n6_1_0">
        <vehicles value=""/>
    </lane>
    <lane id=":n7_0_0">
        <vehicles value=""/>
    </lane>
    <lane id=":n7_1_0">
        <vehicles value=""/>
    </lane>
    <lane id=":n7_2_0">
        <vehicles value=""/>
    </lane>
    <lane id=":n7_3_0">
        <vehicles value=""/>
    </lane>
    <lane id=":n8_0_0">
        <vehicles value=""/>
    </lane>
    <lane id=":n8_1_0">
        <vehicles value=""/>
    </lane>
    <lane id=":n9_0_0">
        <vehicles value=""/>
    </lane>
    <lane id=":n9_1_0">
        <vehicles value=""/>
    </lane>
    <lane id="e0_0">
        <vehicles value=""/>
    </lane>
    <lane id="e1_0">
        <vehicles value=""/>
    </lane>
    <lane id="e10_0">
        <vehicles value=""/>
    </lane>
    <lane id="e11_0">
        <vehicles value=""/>
    </lane>
    <lane id="e12_0">
        <vehicles value=""/>
    </lane>
    <lane id="e13_0">
        <vehicles value=""/>
    </lane>
    <lane id="e14_0">
        <vehicles value=""/>
    </lane>
    <lane id="e15_0">
        <vehicles value=""/>
    </lane>
    <lane id="e16_0">
        <vehicles value=""/>
    </lane>
    <lane id="e17_0">
        <vehicles value=""/>
    </lane>
    <lane id="e18_0">
        <vehicles value=""/>
    </lane>
    <lane id="e19_0">
        <vehicles value=""/>
    </lane>
    <lane id="e2_0">
        <vehicles value=""/>
    </lane>
    <lane id="e20_0">
        <vehicles value=""/>
    </lane>
    <lane id="e21_0">
        <vehicles value=""/>
    </lane>
    <lane id="e22_0">
        <vehicles value=""/>
    </lane>
    <lane id="e23_0">
        <vehicles value=""/>
    </lane>
    <lane id="e24_0">
        <vehicles value=""/>
    </lane>
    <lane id="e25_0">
        <vehicles value=""/>
    </lane>
    <lane id="e26_0">
        <vehicles value=""/>
    </lane>
    <lane id="e27_0">
        <vehicles value=""/>
    </lane>
    <lane id="e28_0">
        <vehicles value=""/>
    </lane>
    <lane id="e29_0">
        <vehicles value=""/>
    </lane>
    <lane id="e3_0">
        <vehicles value=""/>
    </lane>
    <lane id="e30_0">
        <vehicles value=""/>
    </lane>
    <lane id="e31_0">
        <vehicles value=""/>
    </lane>
    <lane id="e32_0">
        <vehicles value=""/>
    </lane>
    <lane id="e33_0">
        <vehicles value=""/>
    </lane>
    <lane id="e34_0">
        <vehicles value=""/>
    </lane>
    <lane id="e35_0">
        <vehicles value=""/>
    </lane>
    <lane id="e36_0">
        <vehicles value=""/>
    </lane>
    <lane id="e37_0">
        <vehicles value=""/>
    </lane>
    <lane id="e38_0">
        <vehicles value=""/>
    </lane>
    <lane id="e39_0">
        <vehicles value="v999"/>
    </lane>
    <lane id="e4_0">
        <vehicles value=""/>
    </lane>
    <lane id="e40_0">
        <vehicles value="v997 v984 v979 v977 v976 v975 v972 v969 v963 v960 v959"/>
    </lane>
    <lane id="e41_0">
        <vehicles value=""/>
    </lane>
    <lane id="e42_0">
        <vehicles value=""/>
    </lane>
    <lane id="e43_0">
        <vehicles value=""/>
    </lane>
    <lane id="e44_0">
        <vehicles value="v894"/>
    </lane>
    <lane id="e45_0">
        <vehicles value="v934 v932 v927 v925 v921 v916 v914"/>
    </lane>
    <lane id="e46_0">
        <vehicles value="v955 v953 v947 v946 v943 v937"/>
    </lane>
    <lane id="e47_0">
        <vehicles value="v912 v898"/>
    </lane>
    <lane id="e48_0">
        <vehicles value=""/>
    </lane>
    <lane id="e49_0">
        <vehicles value=""/>
    </lane>
    <lane id="e5_0">
        <vehicles value=""/>
    </lane>
    <lane id="e6_0">
        <vehicles value=""/>
    </lane>
    <lane id="e7_0">
        <vehicles value=""/>
    </lane>
    <lane id="e8_0">
        <vehicles value=""/>
    </lane>
    <lane id="e9_0">
        <vehicles value=""/>
    </lane>
</snapshot>
