<?xml version="1.0" encoding="UTF-8"?>

<!-- generated on vie 27 sep 2019 13:22:00 CDT by Eclipse SUMO GUI Version 1.1.0
<configuration xmlns:xsi="http://www.w3.org/2001/XMLSchema-instance" xsi:noNamespaceSchemaLocation="http://sumo.dlr.de/xsd/sumoConfiguration.xsd">

    <input>
        <net-file value="generator/irregular_grid/net.net.xml"/>
        <route-files value="generator/irregular_grid/routes.rou.xml"/>
    </input>

    <output>
        <save-state.period value="10"/>
        <save-state.suffix value=".xml"/>
    </output>

    <time>
        <begin value="0"/>
        <end value="50000"/>
        <step-length value="0.2"/>
    </time>

    <traci_server>
        <remote-port value="55083"/>
    </traci_server>

    <gui_only>
        <tracker-interval value="0.2"/>
    </gui_only>

</configuration>
-->

<snapshot xmlns:xsi="http://www.w3.org/2001/XMLSchema-instance" xsi:noNamespaceSchemaLocation="http://sumo.dlr.de/xsd/state_file.xsd" version="1.1.0" time="180.00">
    <route id="!v100" state="0" edges="e5 e9 e12 e13 e14 e15 e16 e17 e18 e19 e20 e21 e33 e48 e45 e47 e44"/>
    <route id="!v101" state="0" edges="e10 e4 e7 e1 e24 e29 e37 e49 e43"/>
    <route id="!v101!var#7" state="0" edges="e10 e3 e5 e9 e12 e13 e14 e15 e16 e17 e18 e19 e20 e21 e33 e39 e38 e49 e42 e46 e45 e47 e44"/>
    <route id="!v102" state="0" edges="e4 e6 e2 e12 e27 e28 e29 e32 e31 e30 e33 e48 e45 e47 e44"/>
    <route id="!v102!var#9" state="0" edges="e4 e6 e22 e28 e29 e34 e35 e33 e39 e38 e49 e42 e46 e45 e47 e44"/>
    <route id="!v103" state="0" edges="e3 e5 e9 e12 e13 e14 e15 e16 e17 e18 e19 e20 e21 e33 e48 e45 e47 e44"/>
    <route id="!v103!var#8" state="0" edges="e3 e5 e9 e12 e13 e14 e15 e16 e17 e18 e19 e20 e21 e33 e39 e38 e49 e42 e46 e45 e47 e44"/>
    <route id="!v104" state="0" edges="e0 e1 e24 e29 e32 e31 e30 e33 e48 e45 e47 e44"/>
    <route id="!v104!var#9" state="0" edges="e0 e1 e11 e2 e12 e13 e14 e15 e16 e17 e18 e19 e20 e21 e33 e39 e38 e49 e42 e46 e45 e47 e44"/>
    <route id="!v105" state="0" edges="e0 e1 e11 e22 e23 e25 e26 e29 e37 e49 e43"/>
    <route id="!v105!var#8" state="0" edges="e0 e1 e11 e2 e12 e13 e14 e15 e16 e17 e18 e19 e20 e21 e33 e39 e38 e49 e42 e46 e45 e47 e44"/>
    <route id="!v106" state="0" edges="e0 e1 e11 e2 e12 e27 e28 e29 e32 e31 e30 e33 e39 e40 e46 e45 e47 e44"/>
    <route id="!v106!var#13" state="0" edges="e0 e1 e24 e29 e32 e31 e30 e33 e39 e38 e49 e42 e46 e45 e47 e44"/>
    <route id="!v107" state="0" edges="e3 e5 e8 e7 e1 e24 e29 e34 e36 e38 e49 e42 e41 e44"/>
    <route id="!v107!var#7" state="0" edges="e3 e5 e9 e12 e13 e14 e15 e16 e17 e18 e19 e20 e21 e33 e39 e38 e49 e42 e46 e45 e47 e44"/>
    <route id="!v108" state="0" edges="e0 e1 e24 e29 e32 e31 e30 e33 e48 e45 e47 e44"/>
    <route id="!v108!var#12" state="0" edges="e0 e1 e24 e29 e32 e31 e30 e33 e39 e38 e49 e42 e46 e45 e47 e44"/>
    <route id="!v109" state="0" edges="e5 e8 e6 e22 e23 e25 e26 e29 e32 e31 e30 e33 e39 e40 e41 e44"/>
    <route id="!v11" state="0" edges="e10 e3 e5 e9 e12 e27 e28 e29 e32 e31 e30 e33 e39 e40 e46 e45 e47 e44"/>
    <route id="!v11!var#13" state="0" edges="e10 e4 e7 e1 e11 e22 e23 e25 e26 e29 e34 e36 e38 e49 e42 e46 e45 e47 e44"/>
    <route id="!v110" state="0" edges="e5 e8 e7 e1 e24 e29 e34 e35 e33 e48 e45 e47 e44"/>
    <route id="!v111" state="0" edges="e5 e9 e12 e13 e14 e15 e16 e17 e18 e19 e20 e21 e33 e39 e38 e49 e42 e41 e44"/>
    <route id="!v112" state="0" edges="e5 e9 e12 e13 e14 e15 e16 e17 e18 e19 e20 e21 e33 e39 e40 e41 e44"/>
    <route id="!v113" state="0" edges="e5 e8 e7 e1 e24 e29 e32 e31 e30 e33 e39 e38 e49 e42 e46 e45 e47 e44"/>
    <route id="!v114" state="0" edges="e10 e4 e6 e22 e23 e25 e26 e29 e34 e36 e40 e46 e45 e47 e44"/>
    <route id="!v114!var#7" state="0" edges="e10 e3 e5 e8 e6 e2 e12 e13 e14 e15 e16 e17 e18 e19 e20 e21 e33 e39 e38 e49 e42 e46 e45 e47 e44"/>
    <route id="!v115" state="0" edges="e4 e6 e22 e28 e29 e37 e49 e42 e46 e45 e47 e44"/>
    <route id="!v115!var#7" state="0" edges="e4 e6 e2 e12 e13 e14 e15 e16 e17 e18 e19 e20 e21 e33 e39 e38 e49 e42 e46 e45 e47 e44"/>
    <route id="!v116" state="0" edges="e5 e8 e7 e1 e11 e22 e23 e25 e26 e29 e34 e36 e38 e49 e43"/>
    <route id="!v117" state="0" edges="e4 e7 e1 e24 e29 e37 e49 e43"/>
    <route id="!v117!var#6" state="0" edges="e4 e6 e2 e12 e13 e14 e15 e16 e17 e18 e19 e20 e21 e33 e39 e38 e49 e42 e46 e45 e47 e44"/>
    <route id="!v118" state="0" edges="e10 e4 e7 e1 e11 e2 e12 e13 e14 e15 e16 e17 e18 e19 e20 e21 e33 e48 e45 e47 e44"/>
    <route id="!v118!var#8" state="0" edges="e10 e3 e5 e8 e6 e22 e28 e29 e32 e31 e30 e33 e39 e38 e49 e42 e46 e45 e47 e44"/>
    <route id="!v119" state="0" edges="e5 e8 e6 e2 e12 e13 e14 e15 e16 e17 e18 e19 e20 e21 e33 e39 e38 e49 e42 e46 e45 e47 e44"/>
    <route id="!v120" state="0" edges="e4 e6 e22 e23 e25 e26 e29 e37 e49 e43"/>
    <route id="!v120!var#4" state="0" edges="e4 e6 e2 e12 e13 e14 e15 e16 e17 e18 e19 e20 e21 e33 e39 e38 e49 e42 e46 e45 e47 e44"/>
    <route id="!v121" state="0" edges="e4 e6 e2 e12 e27 e23 e25 e26 e29 e32 e31 e30 e33 e39 e38 e49 e43"/>
    <route id="!v121!var#3" state="0" edges="e4 e6 e2 e12 e13 e14 e15 e16 e17 e18 e19 e20 e21 e33 e39 e38 e49 e42 e46 e45 e47 e44"/>
    <route id="!v122" state="0" edges="e5 e8 e6 e22 e23 e25 e26 e29 e37 e49 e42 e41 e44"/>
    <route id="!v123" state="0" edges="e5 e9 e12 e13 e14 e15 e16 e17 e18 e19 e20 e21 e33 e39 e40 e46 e45 e47 e44"/>
    <route id="!v124" state="0" edges="e3 e5 e9 e12 e27 e28 e29 e34 e36 e38 e49 e43"/>
    <route id="!v124!var#7" state="0" edges="e3 e5 e8 e6 e22 e28 e29 e32 e31 e30 e33 e39 e38 e49 e42 e46 e45 e47 e44"/>
    <route id="!v125" state="0" edges="e10 e3 e5 e8 e7 e1 e11 e2 e12 e13 e14 e15 e16 e17 e18 e19 e20 e21 e33 e48 e45 e47 e44"/>
    <route id="!v125!var#5" state="0" edges="e10 e3 e5 e9 e12 e13 e14 e15 e16 e17 e18 e19 e20 e21 e33 e39 e38 e49 e42 e46 e45 e47 e44"/>
    <route id="!v126" state="0" edges="e5 e9 e12 e27 e23 e25 e26 e29 e32 e31 e30 e33 e39 e40 e41 e44"/>
    <route id="!v127" state="0" edges="e0 e1 e24 e29 e34 e36 e40 e46 e45 e47 e44"/>
    <route id="!v127!var#7" state="0" edges="e0 e1 e24 e29 e32 e31 e30 e33 e39 e38 e49 e42 e46 e45 e47 e44"/>
    <route id="!v128" state="0" edges="e4 e6 e22 e28 e29 e37 e49 e42 e41 e44"/>
    <route id="!v128!var#3" state="0" edges="e4 e6 e2 e12 e13 e14 e15 e16 e17 e18 e19 e20 e21 e33 e39 e38 e49 e42 e46 e45 e47 e44"/>
    <route id="!v129" state="0" edges="e3 e5 e9 e12 e27 e23 e25 e26 e29 e32 e31 e30 e33 e48 e45 e47 e44"/>
    <route id="!v129!var#4" state="0" edges="e3 e5 e9 e12 e13 e14 e15 e16 e17 e18 e19 e20 e21 e33 e39 e38 e49 e42 e46 e45 e47 e44"/>
    <route id="!v130" state="0" edges="e10 e4 e6 e22 e28 e29 e37 e49 e43"/>
    <route id="!v130!var#4" state="0" edges="e10 e3 e5 e9 e12 e13 e14 e15 e16 e17 e18 e19 e20 e21 e33 e39 e38 e49 e42 e46 e45 e47 e44"/>
    <route id="!v131" state="0" edges="e5 e9 e12 e13 e14 e15 e16 e17 e18 e19 e20 e21 e33 e39 e40 e46 e45 e47 e44"/>
    <route id="!v132" state="0" edges="e3 e5 e8 e6 e2 e12 e13 e14 e15 e16 e17 e18 e19 e20 e21 e33 e48 e45 e47 e44"/>
    <route id="!v132!var#2" state="0" edges="e3 e5 e9 e12 e13 e14 e15 e16 e17 e18 e19 e20 e21 e33 e39 e38 e49 e42 e46 e45 e47 e44"/>
    <route id="!v133" state="0" edges="e10 e3 e5 e9 e12 e13 e14 e15 e16 e17 e18 e19 e20 e21 e33 e48 e45 e47 e44"/>
    <route id="!v133!var#3" state="0" edges="e10 e3 e5 e9 e12 e13 e14 e15 e16 e17 e18 e19 e20 e21 e33 e39 e38 e49 e42 e46 e45 e47 e44"/>
    <route id="!v134" state="0" edges="e5 e9 e12 e13 e14 e15 e16 e17 e18 e19 e20 e21 e33 e48 e45 e47 e44"/>
    <route id="!v135" state="0" edges="e10 e3 e5 e8 e7 e1 e11 e22 e28 e29 e32 e31 e30 e33 e48 e45 e47 e44"/>
    <route id="!v135!var#3" state="0" edges="e10 e3 e5 e9 e12 e13 e14 e15 e16 e17 e18 e19 e20 e21 e33 e39 e38 e49 e42 e46 e45 e47 e44"/>
    <route id="!v136" state="0" edges="e5 e8 e7 e1 e24 e29 e32 e31 e30 e33 e39 e40 e41 e44"/>
    <route id="!v137" state="0" edges="e4 e7 e1 e11 e22 e28 e29 e37 e49 e43"/>
    <route id="!v137!var#2" state="0" edges="e4 e6 e2 e12 e13 e14 e15 e16 e17 e18 e19 e20 e21 e33 e39 e38 e49 e42 e46 e45 e47 e44"/>
    <route id="!v138" state="0" edges="e0 e1 e24 e29 e37 e49 e42 e41 e44"/>
    <route id="!v138!var#5" state="0" edges="e0 e1 e24 e29 e32 e31 e30 e33 e39 e38 e49 e42 e46 e45 e47 e44"/>
    <route id="!v139" state="0" edges="e5 e8 e7 e1 e24 e29 e32 e31 e30 e33 e48 e45 e47 e44"/>
    <route id="!v140" state="0" edges="e0 e1 e11 e2 e12 e13 e14 e15 e16 e17 e18 e19 e20 e21 e33 e48 e45 e47 e44"/>
    <route id="!v140!var#5" state="0" edges="e0 e1 e24 e29 e32 e31 e30 e33 e39 e38 e49 e42 e46 e45 e47 e44"/>
    <route id="!v141" state="0" edges="e5 e9 e12 e27 e23 e25 e26 e29 e32 e31 e30 e33 e39 e40 e41 e44"/>
    <route id="!v142" state="0" edges="e0 e1 e24 e29 e37 e49 e43"/>
    <route id="!v142!var#4" state="0" edges="e0 e1 e24 e29 e32 e31 e30 e33 e39 e38 e49 e42 e46 e45 e47 e44"/>
    <route id="!v143" state="0" edges="e5 e9 e12 e27 e28 e29 e32 e31 e30 e33 e48 e45 e47 e44"/>
    <route id="!v144" state="0" edges="e10 e4 e7 e1 e11 e2 e12 e27 e28 e29 e34 e36 e38 e49 e43"/>
    <route id="!v144!var#3" state="0" edges="e10 e3 e5 e9 e12 e13 e14 e15 e16 e17 e18 e19 e20 e21 e33 e39 e38 e49 e42 e46 e45 e47 e44"/>
    <route id="!v145" state="0" edges="e5 e8 e7 e1 e11 e2 e12 e27 e28 e29 e37 e49 e43"/>
    <route id="!v146" state="0" edges="e4 e6 e2 e12 e13 e14 e15 e16 e17 e18 e19 e20 e21 e33 e48 e45 e47 e44"/>
    <route id="!v146!var#3" state="0" edges="e4 e6 e22 e28 e29 e32 e31 e30 e33 e39 e38 e49 e42 e46 e45 e47 e44"/>
    <route id="!v147" state="0" edges="e0 e1 e24 e29 e34 e36 e38 e49 e43"/>
    <route id="!v147!var#3" state="0" edges="e0 e1 e24 e29 e32 e31 e30 e33 e39 e38 e49 e42 e46 e45 e47 e44"/>
    <route id="!v148" state="0" edges="e10 e4 e6 e22 e28 e29 e37 e49 e42 e41 e44"/>
    <route id="!v148!var#2" state="0" edges="e10 e3 e5 e9 e12 e13 e14 e15 e16 e17 e18 e19 e20 e21 e33 e39 e38 e49 e42 e46 e45 e47 e44"/>
    <route id="!v149" state="0" edges="e3 e5 e9 e12 e27 e28 e29 e32 e31 e30 e33 e48 e45 e47 e44"/>
    <route id="!v149!var#2" state="0" edges="e3 e5 e9 e12 e13 e14 e15 e16 e17 e18 e19 e20 e21 e33 e39 e38 e49 e42 e46 e45 e47 e44"/>
    <route id="!v15" state="0" edges="e3 e5 e9 e12 e27 e23 e25 e26 e29 e32 e31 e30 e33 e48 e45 e47 e44"/>
    <route id="!v15!var#9" state="0" edges="e3 e5 e8 e6 e22 e28 e29 e32 e31 e30 e33 e48 e45 e47 e44"/>
    <route id="!v150" state="0" edges="e5 e8 e7 e1 e11 e22 e23 e25 e26 e29 e32 e31 e30 e33 e48 e45 e47 e44"/>
    <route id="!v151" state="0" edges="e5 e8 e6 e2 e12 e27 e23 e25 e26 e29 e34 e35 e33 e48 e45 e47 e44"/>
    <route id="!v152" state="0" edges="e5 e8 e6 e2 e12 e13 e14 e15 e16 e17 e18 e19 e20 e21 e33 e48 e45 e47 e44"/>
    <route id="!v153" state="0" edges="e5 e8 e7 e1 e11 e22 e28 e29 e37 e49 e43"/>
    <route id="!v154" state="0" edges="e5 e8 e7 e1 e11 e2 e12 e27 e28 e29 e37 e49 e42 e46 e45 e47 e44"/>
    <route id="!v155" state="0" edges="e10 e4 e6 e22 e28 e29 e37 e49 e43"/>
    <route id="!v155!var#4" state="0" edges="e10 e3 e5 e8 e7 e1 e11 e22 e28 e29 e32 e31 e30 e33 e39 e38 e49 e42 e46 e45 e47 e44"/>
    <route id="!v156" state="0" edges="e3 e5 e8 e7 e1 e11 e2 e12 e27 e23 e25 e26 e29 e32 e31 e30 e33 e39 e38 e49 e43"/>
    <route id="!v156!var#4" state="0" edges="e3 e5 e8 e7 e1 e11 e22 e28 e29 e32 e31 e30 e33 e39 e38 e49 e42 e46 e45 e47 e44"/>
    <route id="!v157" state="0" edges="e5 e8 e6 e2 e12 e27 e23 e25 e26 e29 e37 e49 e43"/>
    <route id="!v158" state="0" edges="e5 e8 e6 e2 e12 e13 e14 e15 e16 e17 e18 e19 e20 e21 e33 e39 e40 e46 e45 e47 e44"/>
    <route id="!v159" state="0" edges="e10 e4 e7 e1 e24 e29 e34 e36 e40 e41 e44"/>
    <route id="!v159!var#4" state="0" edges="e10 e3 e5 e8 e7 e1 e11 e22 e28 e29 e32 e31 e30 e33 e39 e38 e49 e42 e46 e45 e47 e44"/>
    <route id="!v160" state="0" edges="e3 e5 e8 e6 e22 e28 e29 e34 e36 e40 e46 e45 e47 e44"/>
    <route id="!v160!var#4" state="0" edges="e3 e5 e8 e7 e1 e11 e22 e28 e29 e32 e31 e30 e33 e39 e38 e49 e42 e46 e45 e47 e44"/>
    <route id="!v161" state="0" edges="e4 e7 e1 e11 e2 e12 e13 e14 e15 e16 e17 e18 e19 e20 e21 e33 e48 e45 e47 e44"/>
    <route id="!v161!var#4" state="0" edges="e4 e7 e1 e11 e22 e28 e29 e32 e31 e30 e33 e39 e38 e49 e42 e46 e45 e47 e44"/>
    <route id="!v162" state="0" edges="e3 e5 e8 e7 e1 e24 e29 e34 e36 e38 e49 e42 e41 e44"/>
    <route id="!v162!var#3" state="0" edges="e3 e5 e8 e7 e1 e11 e22 e28 e29 e32 e31 e30 e33 e39 e38 e49 e42 e46 e45 e47 e44"/>
    <route id="!v163" state="0" edges="e3 e5 e9 e12 e13 e14 e15 e16 e17 e18 e19 e20 e21 e33 e48 e45 e47 e44"/>
    <route id="!v163!var#3" state="0" edges="e3 e5 e8 e7 e1 e11 e22 e28 e29 e32 e31 e30 e33 e39 e38 e49 e42 e46 e45 e47 e44"/>
    <route id="!v164" state="0" edges="e4 e6 e2 e12 e27 e23 e25 e26 e29 e37 e49 e43"/>
    <route id="!v164!var#4" state="0" edges="e4 e7 e1 e11 e22 e28 e29 e32 e31 e30 e33 e39 e38 e49 e42 e46 e45 e47 e44"/>
    <route id="!v165" state="0" edges="e4 e7 e1 e11 e22 e23 e25 e26 e29 e37 e49 e42 e41 e44"/>
    <route id="!v165!var#4" state="0" edges="e4 e7 e1 e11 e22 e28 e29 e32 e31 e30 e33 e39 e38 e49 e42 e46 e45 e47 e44"/>
    <route id="!v166" state="0" edges="e5 e9 e12 e27 e23 e25 e26 e29 e32 e31 e30 e33 e48 e45 e47 e44"/>
    <route id="!v167" state="0" edges="e5 e8 e7 e1 e11 e22 e28 e29 e34 e36 e38 e49 e42 e46 e45 e47 e44"/>
    <route id="!v168" state="0" edges="e5 e9 e12 e27 e28 e29 e32 e31 e30 e33 e39 e38 e49 e42 e46 e45 e47 e44"/>
    <route id="!v169" state="0" edges="e5 e9 e12 e27 e28 e29 e32 e31 e30 e33 e39 e38 e49 e42 e41 e44"/>
    <route id="!v17" state="0" edges="e10 e4 e7 e1 e24 e29 e32 e31 e30 e33 e48 e45 e47 e44"/>
    <route id="!v17!var#12" state="0" edges="e10 e4 e7 e1 e11 e22 e23 e25 e26 e29 e32 e31 e30 e33 e39 e38 e49 e42 e46 e45 e47 e44"/>
    <route id="!v170" state="0" edges="e0 e1 e24 e29 e34 e35 e33 e39 e38 e49 e43"/>
    <route id="!v170!var#3" state="0" edges="e0 e1 e11 e22 e28 e29 e32 e31 e30 e33 e39 e38 e49 e42 e46 e45 e47 e44"/>
    <route id="!v171" state="0" edges="e5 e9 e12 e27 e23 e25 e26 e29 e32 e31 e30 e33 e39 e38 e49 e42 e41 e44"/>
    <route id="!v172" state="0" edges="e4 e6 e22 e28 e29 e37 e49 e43"/>
    <route id="!v172!var#2" state="0" edges="e4 e7 e1 e11 e22 e28 e29 e32 e31 e30 e33 e39 e38 e49 e42 e46 e45 e47 e44"/>
    <route id="!v173" state="0" edges="e5 e9 e12 e13 e14 e15 e16 e17 e18 e19 e20 e21 e33 e39 e38 e49 e43"/>
    <route id="!v174" state="0" edges="e4 e7 e1 e11 e2 e12 e27 e28 e29 e37 e49 e43"/>
    <route id="!v174!var#1" state="0" edges="e4 e7 e1 e11 e22 e28 e29 e32 e31 e30 e33 e39 e38 e49 e42 e46 e45 e47 e44"/>
    <route id="!v175" state="0" edges="e4 e6 e2 e12 e27 e23 e25 e26 e29 e37 e49 e43"/>
    <route id="!v175!var#1" state="0" edges="e4 e7 e1 e11 e22 e28 e29 e32 e31 e30 e33 e39 e38 e49 e42 e46 e45 e47 e44"/>
    <route id="!v176" state="0" edges="e3 e5 e8 e7 e1 e24 e29 e34 e36 e38 e49 e43"/>
    <route id="!v176!var#1" state="0" edges="e3 e5 e8 e7 e1 e11 e22 e28 e29 e32 e31 e30 e33 e39 e38 e49 e42 e46 e45 e47 e44"/>
    <route id="!v177" state="0" edges="e5 e8 e7 e1 e11 e22 e23 e25 e26 e29 e37 e49 e42 e41 e44"/>
    <route id="!v178" state="0" edges="e10 e4 e7 e1 e11 e2 e12 e27 e28 e29 e37 e49 e43"/>
    <route id="!v178!var#1" state="0" edges="e10 e4 e7 e1 e11 e22 e28 e29 e32 e31 e30 e33 e39 e38 e49 e42 e46 e45 e47 e44"/>
    <route id="!v179" state="0" edges="e3 e5 e8 e7 e1 e24 e29 e37 e49 e42 e46 e45 e47 e44"/>
    <route id="!v18" state="0" edges="e3 e5 e8 e7 e1 e24 e29 e37 e49 e43"/>
    <route id="!v18!var#9" state="0" edges="e3 e5 e8 e6 e22 e23 e25 e26 e29 e34 e36 e38 e49 e42 e46 e45 e47 e44"/>
    <route id="!v180" state="0" edges="e0 e1 e24 e29 e34 e36 e38 e49 e42 e41 e44"/>
    <route id="!v181" state="0" edges="e3 e5 e8 e6 e2 e12 e13 e14 e15 e16 e17 e18 e19 e20 e21 e33 e39 e38 e49 e43"/>
    <route id="!v182" state="0" edges="e0 e1 e11 e22 e23 e25 e26 e29 e37 e49 e42 e41 e44"/>
    <route id="!v183" state="0" edges="e3 e5 e9 e12 e27 e28 e29 e34 e35 e33 e48 e45 e47 e44"/>
    <route id="!v184" state="0" edges="e0 e1 e11 e2 e12 e27 e28 e29 e37 e49 e42 e41 e44"/>
    <route id="!v185" state="0" edges="e5 e9 e12 e27 e23 e25 e26 e29 e32 e31 e30 e33 e48 e45 e47 e44"/>
    <route id="!v186" state="0" edges="e3 e5 e8 e6 e2 e12 e13 e14 e15 e16 e17 e18 e19 e20 e21 e33 e39 e38 e49 e43"/>
    <route id="!v187" state="0" edges="e0 e1 e11 e22 e23 e25 e26 e29 e37 e49 e42 e46 e45 e47 e44"/>
    <route id="!v188" state="0" edges="e5 e9 e12 e27 e23 e25 e26 e29 e32 e31 e30 e33 e48 e45 e47 e44"/>
    <route id="!v189" state="0" edges="e5 e9 e12 e13 e14 e15 e16 e17 e18 e19 e20 e21 e33 e48 e45 e47 e44"/>
    <route id="!v19" state="0" edges="e10 e3 e5 e8 e6 e2 e12 e27 e28 e29 e34 e36 e38 e49 e42 e41 e44"/>
    <route id="!v19!var#16" state="0" edges="e10 e4 e7 e1 e11 e2 e12 e27 e28 e29 e32 e31 e30 e33 e39 e38 e49 e42 e46 e45 e47 e44"/>
    <route id="!v190" state="0" edges="e3 e5 e8 e6 e2 e12 e13 e14 e15 e16 e17 e18 e19 e20 e21 e33 e39 e40 e46 e45 e47 e44"/>
    <route id="!v191" state="0" edges="e3 e5 e9 e12 e13 e14 e15 e16 e17 e18 e19 e20 e21 e33 e48 e45 e47 e44"/>
    <route id="!v192" state="0" edges="e0 e1 e11 e2 e12 e13 e14 e15 e16 e17 e18 e19 e20 e21 e33 e48 e45 e47 e44"/>
    <route id="!v193" state="0" edges="e5 e9 e12 e13 e14 e15 e16 e17 e18 e19 e20 e21 e33 e48 e45 e47 e44"/>
    <route id="!v194" state="0" edges="e0 e1 e11 e2 e12 e27 e23 e25 e26 e29 e34 e35 e33 e48 e45 e47 e44"/>
    <route id="!v195" state="0" edges="e4 e7 e1 e24 e29 e34 e35 e33 e39 e38 e49 e43"/>
    <route id="!v196" state="0" edges="e5 e8 e6 e2 e12 e13 e14 e15 e16 e17 e18 e19 e20 e21 e33 e39 e38 e49 e43"/>
    <route id="!v197" state="0" edges="e3 e5 e8 e7 e1 e11 e2 e12 e27 e23 e25 e26 e29 e34 e35 e33 e48 e45 e47 e44"/>
    <route id="!v198" state="0" edges="e5 e9 e12 e13 e14 e15 e16 e17 e18 e19 e20 e21 e33 e39 e40 e46 e45 e47 e44"/>
    <route id="!v199" state="0" edges="e10 e3 e5 e8 e6 e22 e28 e29 e37 e49 e43"/>
    <route id="!v20" state="0" edges="e10 e4 e6 e2 e12 e27 e23 e25 e26 e29 e34 e36 e38 e49 e42 e41 e44"/>
    <route id="!v20!var#16" state="0" edges="e10 e4 e7 e1 e11 e2 e12 e27 e28 e29 e34 e36 e38 e49 e42 e46 e45 e47 e44"/>
    <route id="!v200" state="0" edges="e0 e1 e24 e29 e34 e36 e40 e41 e44"/>
    <route id="!v201" state="0" edges="e5 e9 e12 e27 e23 e25 e26 e29 e34 e35 e33 e48 e45 e47 e44"/>
    <route id="!v202" state="0" edges="e5 e9 e12 e13 e14 e15 e16 e17 e18 e19 e20 e21 e33 e39 e40 e41 e44"/>
    <route id="!v22" state="0" edges="e0 e1 e24 e29 e32 e31 e30 e33 e48 e45 e47 e44"/>
    <route id="!v22!var#9" state="0" edges="e0 e1 e11 e22 e28 e29 e37 e49 e42 e46 e45 e47 e44"/>
    <route id="!v23" state="0" edges="e0 e1 e24 e29 e32 e31 e30 e33 e39 e38 e49 e42 e41 e44"/>
    <route id="!v23!var#9" state="0" edges="e0 e1 e11 e22 e23 e25 e26 e29 e37 e49 e42 e46 e45 e47 e44"/>
    <route id="!v24" state="0" edges="e3 e5 e8 e6 e2 e12 e27 e28 e29 e37 e49 e42 e41 e44"/>
    <route id="!v24!var#13" state="0" edges="e3 e5 e8 e6 e22 e23 e25 e26 e29 e34 e36 e38 e49 e42 e46 e45 e47 e44"/>
    <route id="!v25" state="0" edges="e10 e3 e5 e9 e12 e27 e28 e29 e37 e49 e42 e46 e45 e47 e44"/>
    <route id="!v25!var#8" state="0" edges="e10 e4 e6 e22 e28 e29 e32 e31 e30 e33 e48 e45 e47 e44"/>
    <route id="!v26" state="0" edges="e5 e9 e12 e13 e14 e15 e16 e17 e18 e19 e20 e21 e33 e39 e40 e46 e45 e47 e44"/>
    <route id="!v26!var#12" state="0" edges="e5 e9 e12 e27 e23 e25 e26 e29 e34 e35 e33 e39 e38 e49 e42 e46 e45 e47 e44"/>
    <route id="!v27" state="0" edges="e0 e1 e24 e29 e37 e49 e43"/>
    <route id="!v27!var#10" state="0" edges="e0 e1 e11 e22 e23 e25 e26 e29 e34 e35 e33 e39 e38 e49 e42 e46 e45 e47 e44"/>
    <route id="!v28" state="0" edges="e0 e1 e24 e29 e34 e36 e40 e41 e44"/>
    <route id="!v28!var#11" state="0" edges="e0 e1 e11 e22 e23 e25 e26 e29 e34 e36 e38 e49 e42 e46 e45 e47 e44"/>
    <route id="!v30" state="0" edges="e5 e9 e12 e13 e14 e15 e16 e17 e18 e19 e20 e21 e33 e39 e38 e49 e42 e41 e44"/>
    <route id="!v30!var#11" state="0" edges="e5 e9 e12 e27 e23 e25 e26 e29 e34 e35 e33 e39 e38 e49 e42 e46 e45 e47 e44"/>
    <route id="!v31" state="0" edges="e10 e3 e5 e9 e12 e27 e28 e29 e37 e49 e42 e41 e44"/>
    <route id="!v31!var#9" state="0" edges="e10 e4 e6 e22 e23 e25 e26 e29 e37 e49 e42 e46 e45 e47 e44"/>
    <route id="!v32" state="0" edges="e0 e1 e11 e2 e12 e13 e14 e15 e16 e17 e18 e19 e20 e21 e33 e39 e38 e49 e43"/>
    <route id="!v32!var#7" state="0" edges="e0 e1 e11 e22 e28 e29 e32 e31 e30 e33 e48 e45 e47 e44"/>
    <route id="!v33" state="0" edges="e0 e1 e11 e2 e12 e27 e28 e29 e34 e35 e33 e48 e45 e47 e44"/>
    <route id="!v33!var#8" state="0" edges="e0 e1 e11 e2 e12 e13 e14 e15 e16 e17 e18 e19 e20 e21 e33 e39 e38 e49 e42 e46 e45 e47 e44"/>
    <route id="!v34" state="0" edges="e0 e1 e11 e22 e28 e29 e32 e31 e30 e33 e48 e45 e47 e44"/>
    <route id="!v34!var#14" state="0" edges="e0 e1 e11 e2 e12 e27 e28 e29 e34 e36 e38 e49 e42 e46 e45 e47 e44"/>
    <route id="!v35" state="0" edges="e4 e6 e22 e23 e25 e26 e29 e34 e36 e40 e46 e45 e47 e44"/>
    <route id="!v35!var#9" state="0" edges="e4 e6 e22 e23 e25 e26 e29 e34 e35 e33 e39 e38 e49 e42 e46 e45 e47 e44"/>
    <route id="!v36" state="0" edges="e4 e6 e2 e12 e27 e28 e29 e34 e36 e40 e46 e45 e47 e44"/>
    <route id="!v36!var#10" state="0" edges="e4 e6 e22 e23 e25 e26 e29 e32 e31 e30 e33 e39 e38 e49 e42 e46 e45 e47 e44"/>
    <route id="!v37" state="0" edges="e5 e8 e7 e1 e11 e2 e12 e13 e14 e15 e16 e17 e18 e19 e20 e21 e33 e48 e45 e47 e44"/>
    <route id="!v37!var#5" state="0" edges="e5 e9 e12 e13 e14 e15 e16 e17 e18 e19 e20 e21 e33 e39 e38 e49 e42 e46 e45 e47 e44"/>
    <route id="!v38" state="0" edges="e4 e7 e1 e24 e29 e37 e49 e43"/>
    <route id="!v38!var#8" state="0" edges="e4 e6 e2 e12 e13 e14 e15 e16 e17 e18 e19 e20 e21 e33 e39 e38 e49 e42 e46 e45 e47 e44"/>
    <route id="!v39" state="0" edges="e3 e5 e8 e7 e1 e11 e22 e28 e29 e34 e35 e33 e39 e38 e49 e42 e41 e44"/>
    <route id="!v39!var#6" state="0" edges="e3 e5 e9 e12 e13 e14 e15 e16 e17 e18 e19 e20 e21 e33 e48 e45 e47 e44"/>
    <route id="!v40" state="0" edges="e5 e8 e7 e1 e24 e29 e32 e31 e30 e33 e48 e45 e47 e44"/>
    <route id="!v40!var#11" state="0" edges="e5 e8 e7 e1 e24 e29 e37 e49 e42 e46 e45 e47 e44"/>
    <route id="!v41" state="0" edges="e0 e1 e11 e2 e12 e27 e23 e25 e26 e29 e32 e31 e30 e33 e48 e45 e47 e44"/>
    <route id="!v41!var#8" state="0" edges="e0 e1 e11 e2 e12 e13 e14 e15 e16 e17 e18 e19 e20 e21 e33 e39 e38 e49 e42 e46 e45 e47 e44"/>
    <route id="!v42" state="0" edges="e5 e9 e12 e27 e23 e25 e26 e29 e34 e36 e38 e49 e43"/>
    <route id="!v42!var#11" state="0" edges="e5 e8 e7 e1 e24 e29 e37 e49 e42 e46 e45 e47 e44"/>
    <route id="!v43" state="0" edges="e5 e8 e7 e1 e11 e2 e12 e13 e14 e15 e16 e17 e18 e19 e20 e21 e33 e39 e40 e41 e44"/>
    <route id="!v43!var#14" state="0" edges="e5 e8 e6 e2 e12 e13 e14 e15 e16 e17 e18 e19 e20 e21 e33 e39 e38 e49 e42 e46 e45 e47 e44"/>
    <route id="!v44" state="0" edges="e10 e4 e6 e2 e12 e27 e23 e25 e26 e29 e34 e36 e38 e49 e43"/>
    <route id="!v44!var#13" state="0" edges="e10 e4 e6 e22 e23 e25 e26 e29 e32 e31 e30 e33 e39 e38 e49 e42 e46 e45 e47 e44"/>
    <route id="!v45" state="0" edges="e5 e9 e12 e27 e28 e29 e32 e31 e30 e33 e39 e38 e49 e42 e41 e44"/>
    <route id="!v45!var#16" state="0" edges="e5 e8 e6 e22 e28 e29 e32 e31 e30 e33 e39 e38 e49 e42 e46 e45 e47 e44"/>
    <route id="!v46" state="0" edges="e0 e1 e24 e29 e37 e49 e43"/>
    <route id="!v46!var#9" state="0" edges="e0 e1 e24 e29 e37 e49 e42 e46 e45 e47 e44"/>
    <route id="!v47" state="0" edges="e3 e5 e9 e12 e27 e28 e29 e32 e31 e30 e33 e39 e38 e49 e42 e41 e44"/>
    <route id="!v47!var#12" state="0" edges="e3 e5 e8 e7 e1 e24 e29 e37 e49 e42 e46 e45 e47 e44"/>
    <route id="!v48" state="0" edges="e5 e8 e7 e1 e11 e22 e23 e25 e26 e29 e34 e36 e38 e49 e43"/>
    <route id="!v48!var#16" state="0" edges="e5 e8 e6 e22 e28 e29 e32 e31 e30 e33 e39 e38 e49 e42 e46 e45 e47 e44"/>
    <route id="!v49" state="0" edges="e10 e4 e6 e22 e28 e29 e37 e49 e42 e41 e44"/>
    <route id="!v49!var#17" state="0" edges="e10 e3 e5 e8 e6 e2 e12 e27 e28 e29 e34 e35 e33 e39 e38 e49 e42 e46 e45 e47 e44"/>
    <route id="!v50" state="0" edges="e10 e3 e5 e9 e12 e27 e28 e29 e32 e31 e30 e33 e48 e45 e47 e44"/>
    <route id="!v50!var#14" state="0" edges="e10 e4 e6 e2 e12 e13 e14 e15 e16 e17 e18 e19 e20 e21 e33 e39 e38 e49 e42 e46 e45 e47 e44"/>
    <route id="!v51" state="0" edges="e0 e1 e24 e29 e32 e31 e30 e33 e39 e38 e49 e43"/>
    <route id="!v51!var#9" state="0" edges="e0 e1 e24 e29 e37 e49 e42 e46 e45 e47 e44"/>
    <route id="!v52" state="0" edges="e10 e3 e5 e9 e12 e27 e28 e29 e34 e36 e38 e49 e42 e46 e45 e47 e44"/>
    <route id="!v52!var#13" state="0" edges="e10 e4 e6 e2 e12 e13 e14 e15 e16 e17 e18 e19 e20 e21 e33 e39 e38 e49 e42 e46 e45 e47 e44"/>
    <route id="!v53" state="0" edges="e5 e8 e7 e1 e24 e29 e37 e49 e43"/>
    <route id="!v53!var#8" state="0" edges="e5 e9 e12 e13 e14 e15 e16 e17 e18 e19 e20 e21 e33 e39 e38 e49 e42 e46 e45 e47 e44"/>
    <route id="!v54" state="0" edges="e10 e4 e7 e1 e11 e22 e23 e25 e26 e29 e34 e35 e33 e48 e45 e47 e44"/>
    <route id="!v54!var#11" state="0" edges="e10 e4 e7 e1 e24 e29 e34 e35 e33 e39 e38 e49 e42 e46 e45 e47 e44"/>
    <route id="!v55" state="0" edges="e5 e8 e6 e22 e23 e25 e26 e29 e32 e31 e30 e33 e48 e45 e47 e44"/>
    <route id="!v55!var#11" state="0" edges="e5 e9 e12 e27 e28 e29 e37 e49 e42 e46 e45 e47 e44"/>
    <route id="!v56" state="0" edges="e5 e8 e7 e1 e24 e29 e34 e35 e33 e48 e45 e47 e44"/>
    <route id="!v56!var#13" state="0" edges="e5 e9 e12 e27 e28 e29 e32 e31 e30 e33 e39 e38 e49 e42 e46 e45 e47 e44"/>
    <route id="!v57" state="0" edges="e10 e4 e6 e22 e23 e25 e26 e29 e37 e49 e43"/>
    <route id="!v57!var#11" state="0" edges="e10 e4 e7 e1 e24 e29 e34 e35 e33 e39 e38 e49 e42 e46 e45 e47 e44"/>
    <route id="!v58" state="0" edges="e4 e6 e2 e12 e27 e28 e29 e32 e31 e30 e33 e48 e45 e47 e44"/>
    <route id="!v58!var#12" state="0" edges="e4 e6 e2 e12 e13 e14 e15 e16 e17 e18 e19 e20 e21 e33 e39 e38 e49 e42 e46 e45 e47 e44"/>
    <route id="!v59" state="0" edges="e3 e5 e9 e12 e27 e28 e29 e32 e31 e30 e33 e48 e45 e47 e44"/>
    <route id="!v59!var#14" state="0" edges="e3 e5 e8 e6 e22 e23 e25 e26 e29 e34 e36 e38 e49 e42 e46 e45 e47 e44"/>
    <route id="!v6" state="0" edges="e10 e3 e5 e9 e12 e13 e14 e15 e16 e17 e18 e19 e20 e21 e33 e39 e40 e41 e44"/>
    <route id="!v6!var#7" state="0" edges="e10 e4 e6 e2 e12 e27 e28 e29 e32 e31 e30 e33 e48 e45 e47 e44"/>
    <route id="!v60" state="0" edges="e5 e8 e7 e1 e24 e29 e37 e49 e43"/>
    <route id="!v60!var#12" state="0" edges="e5 e9 e12 e27 e28 e29 e34 e36 e38 e49 e42 e46 e45 e47 e44"/>
    <route id="!v61" state="0" edges="e5 e8 e7 e1 e24 e29 e37 e49 e43"/>
    <route id="!v61!var#6" state="0" edges="e5 e9 e12 e13 e14 e15 e16 e17 e18 e19 e20 e21 e33 e39 e38 e49 e42 e46 e45 e47 e44"/>
    <route id="!v62" state="0" edges="e5 e9 e12 e27 e23 e25 e26 e29 e37 e49 e42 e41 e44"/>
    <route id="!v62!var#5" state="0" edges="e5 e9 e12 e13 e14 e15 e16 e17 e18 e19 e20 e21 e33 e39 e38 e49 e42 e46 e45 e47 e44"/>
    <route id="!v63" state="0" edges="e10 e4 e7 e1 e11 e2 e12 e13 e14 e15 e16 e17 e18 e19 e20 e21 e33 e48 e45 e47 e44"/>
    <route id="!v63!var#13" state="0" edges="e10 e4 e7 e1 e11 e2 e12 e13 e14 e15 e16 e17 e18 e19 e20 e21 e33 e39 e38 e49 e42 e46 e45 e47 e44"/>
    <route id="!v64" state="0" edges="e10 e3 e5 e9 e12 e13 e14 e15 e16 e17 e18 e19 e20 e21 e33 e48 e45 e47 e44"/>
    <route id="!v64!var#15" state="0" edges="e10 e4 e6 e2 e12 e13 e14 e15 e16 e17 e18 e19 e20 e21 e33 e39 e38 e49 e42 e46 e45 e47 e44"/>
    <route id="!v65" state="0" edges="e0 e1 e24 e29 e37 e49 e43"/>
    <route id="!v65!var#9" state="0" edges="e0 e1 e24 e29 e37 e49 e42 e46 e45 e47 e44"/>
    <route id="!v66" state="0" edges="e4 e6 e22 e28 e29 e34 e35 e33 e39 e40 e46 e45 e47 e44"/>
    <route id="!v66!var#12" state="0" edges="e4 e6 e2 e12 e13 e14 e15 e16 e17 e18 e19 e20 e21 e33 e39 e38 e49 e42 e46 e45 e47 e44"/>
    <route id="!v67" state="0" edges="e10 e3 e5 e9 e12 e13 e14 e15 e16 e17 e18 e19 e20 e21 e33 e39 e40 e46 e45 e47 e44"/>
    <route id="!v67!var#15" state="0" edges="e10 e4 e6 e2 e12 e13 e14 e15 e16 e17 e18 e19 e20 e21 e33 e39 e38 e49 e42 e46 e45 e47 e44"/>
    <route id="!v68" state="0" edges="e5 e8 e6 e2 e12 e27 e23 e25 e26 e29 e34 e36 e40 e46 e45 e47 e44"/>
    <route id="!v69" state="0" edges="e0 e1 e24 e29 e32 e31 e30 e33 e48 e45 e47 e44"/>
    <route id="!v69!var#9" state="0" edges="e0 e1 e24 e29 e37 e49 e42 e46 e45 e47 e44"/>
    <route id="!v7" state="0" edges="e10 e3 e5 e8 e7 e1 e24 e29 e32 e31 e30 e33 e39 e40 e46 e45 e47 e44"/>
    <route id="!v7!var#9" state="0" edges="e10 e4 e7 e1 e11 e22 e23 e25 e26 e29 e32 e31 e30 e33 e48 e45 e47 e44"/>
    <route id="!v70" state="0" edges="e4 e7 e1 e11 e2 e12 e27 e23 e25 e26 e29 e37 e49 e43"/>
    <route id="!v70!var#14" state="0" edges="e4 e6 e22 e28 e29 e32 e31 e30 e33 e39 e38 e49 e42 e46 e45 e47 e44"/>
    <route id="!v71" state="0" edges="e0 e1 e24 e29 e37 e49 e42 e41 e44"/>
    <route id="!v71!var#9" state="0" edges="e0 e1 e24 e29 e37 e49 e42 e46 e45 e47 e44"/>
    <route id="!v72" state="0" edges="e4 e6 e22 e23 e25 e26 e29 e32 e31 e30 e33 e48 e45 e47 e44"/>
    <route id="!v72!var#12" state="0" edges="e4 e7 e1 e11 e2 e12 e13 e14 e15 e16 e17 e18 e19 e20 e21 e33 e39 e38 e49 e42 e46 e45 e47 e44"/>
    <route id="!v73" state="0" edges="e4 e6 e2 e12 e27 e23 e25 e26 e29 e37 e49 e42 e46 e45 e47 e44"/>
    <route id="!v73!var#10" state="0" edges="e4 e7 e1 e11 e2 e12 e13 e14 e15 e16 e17 e18 e19 e20 e21 e33 e39 e38 e49 e42 e46 e45 e47 e44"/>
    <route id="!v74" state="0" edges="e4 e7 e1 e11 e2 e12 e13 e14 e15 e16 e17 e18 e19 e20 e21 e33 e48 e45 e47 e44"/>
    <route id="!v74!var#14" state="0" edges="e4 e7 e1 e24 e29 e34 e36 e38 e49 e42 e46 e45 e47 e44"/>
    <route id="!v75" state="0" edges="e5 e9 e12 e27 e28 e29 e37 e49 e43"/>
    <route id="!v76" state="0" edges="e5 e8 e6 e2 e12 e13 e14 e15 e16 e17 e18 e19 e20 e21 e33 e39 e40 e41 e44"/>
    <route id="!v77" state="0" edges="e10 e4 e6 e2 e12 e13 e14 e15 e16 e17 e18 e19 e20 e21 e33 e39 e40 e41 e44"/>
    <route id="!v77!var#15" state="0" edges="e10 e4 e6 e22 e23 e25 e26 e29 e32 e31 e30 e33 e39 e38 e49 e42 e46 e45 e47 e44"/>
    <route id="!v78" state="0" edges="e4 e6 e2 e12 e27 e23 e25 e26 e29 e34 e36 e40 e41 e44"/>
    <route id="!v78!var#13" state="0" edges="e4 e7 e1 e24 e29 e32 e31 e30 e33 e39 e38 e49 e42 e46 e45 e47 e44"/>
    <route id="!v79" state="0" edges="e0 e1 e24 e29 e32 e31 e30 e33 e48 e45 e47 e44"/>
    <route id="!v79!var#8" state="0" edges="e0 e1 e24 e29 e34 e35 e33 e39 e38 e49 e42 e46 e45 e47 e44"/>
    <route id="!v80" state="0" edges="e10 e4 e7 e1 e24 e29 e37 e49 e43"/>
    <route id="!v80!var#13" state="0" edges="e10 e3 e5 e9 e12 e13 e14 e15 e16 e17 e18 e19 e20 e21 e33 e39 e38 e49 e42 e46 e45 e47 e44"/>
    <route id="!v81" state="0" edges="e0 e1 e24 e29 e37 e49 e42 e46 e45 e47 e44"/>
    <route id="!v81!var#11" state="0" edges="e0 e1 e11 e22 e28 e29 e37 e49 e42 e46 e45 e47 e44"/>
    <route id="!v82" state="0" edges="e4 e6 e2 e12 e13 e14 e15 e16 e17 e18 e19 e20 e21 e33 e48 e45 e47 e44"/>
    <route id="!v82!var#12" state="0" edges="e4 e6 e22 e28 e29 e34 e36 e38 e49 e42 e46 e45 e47 e44"/>
    <route id="!v83" state="0" edges="e5 e9 e12 e13 e14 e15 e16 e17 e18 e19 e20 e21 e33 e48 e45 e47 e44"/>
    <route id="!v84" state="0" edges="e0 e1 e24 e29 e37 e49 e42 e46 e45 e47 e44"/>
    <route id="!v84!var#12" state="0" edges="e0 e1 e11 e22 e23 e25 e26 e29 e32 e31 e30 e33 e39 e38 e49 e42 e46 e45 e47 e44"/>
    <route id="!v85" state="0" edges="e10 e3 e5 e9 e12 e27 e23 e25 e26 e29 e34 e36 e40 e41 e44"/>
    <route id="!v85!var#11" state="0" edges="e10 e3 e5 e9 e12 e13 e14 e15 e16 e17 e18 e19 e20 e21 e33 e39 e38 e49 e42 e46 e45 e47 e44"/>
    <route id="!v86" state="0" edges="e5 e8 e7 e1 e11 e22 e28 e29 e34 e36 e38 e49 e43"/>
    <route id="!v87" state="0" edges="e4 e6 e22 e23 e25 e26 e29 e34 e36 e40 e46 e45 e47 e44"/>
    <route id="!v87!var#13" state="0" edges="e4 e7 e1 e24 e29 e32 e31 e30 e33 e39 e38 e49 e42 e46 e45 e47 e44"/>
    <route id="!v88" state="0" edges="e10 e3 e5 e8 e6 e22 e23 e25 e26 e29 e32 e31 e30 e33 e48 e45 e47 e44"/>
    <route id="!v88!var#9" state="0" edges="e10 e3 e5 e9 e12 e13 e14 e15 e16 e17 e18 e19 e20 e21 e33 e39 e38 e49 e42 e46 e45 e47 e44"/>
    <route id="!v89" state="0" edges="e5 e9 e12 e27 e23 e25 e26 e29 e32 e31 e30 e33 e39 e40 e46 e45 e47 e44"/>
    <route id="!v9" state="0" edges="e4 e6 e22 e23 e25 e26 e29 e32 e31 e30 e33 e39 e38 e49 e42 e41 e44"/>
    <route id="!v9!var#7" state="0" edges="e4 e6 e2 e12 e27 e28 e29 e32 e31 e30 e33 e48 e45 e47 e44"/>
    <route id="!v90" state="0" edges="e5 e9 e12 e13 e14 e15 e16 e17 e18 e19 e20 e21 e33 e48 e45 e47 e44"/>
    <route id="!v91" state="0" edges="e5 e9 e12 e13 e14 e15 e16 e17 e18 e19 e20 e21 e33 e48 e45 e47 e44"/>
    <route id="!v92" state="0" edges="e5 e9 e12 e27 e28 e29 e32 e31 e30 e33 e39 e38 e49 e43"/>
    <route id="!v93" state="0" edges="e4 e6 e22 e28 e29 e37 e49 e43"/>
    <route id="!v93!var#13" state="0" edges="e4 e7 e1 e24 e29 e32 e31 e30 e33 e39 e38 e49 e42 e46 e45 e47 e44"/>
    <route id="!v94" state="0" edges="e4 e6 e2 e12 e13 e14 e15 e16 e17 e18 e19 e20 e21 e33 e39 e38 e49 e43"/>
    <route id="!v94!var#14" state="0" edges="e4 e7 e1 e24 e29 e32 e31 e30 e33 e39 e38 e49 e42 e46 e45 e47 e44"/>
    <route id="!v95" state="0" edges="e0 e1 e24 e29 e34 e36 e40 e41 e44"/>
    <route id="!v95!var#10" state="0" edges="e0 e1 e11 e22 e28 e29 e34 e36 e38 e49 e42 e46 e45 e47 e44"/>
    <route id="!v96" state="0" edges="e5 e9 e12 e13 e14 e15 e16 e17 e18 e19 e20 e21 e33 e48 e45 e47 e44"/>
    <route id="!v97" state="0" edges="e0 e1 e11 e2 e12 e27 e23 e25 e26 e29 e37 e49 e42 e41 e44"/>
    <route id="!v97!var#12" state="0" edges="e0 e1 e11 e22 e28 e29 e34 e36 e38 e49 e42 e46 e45 e47 e44"/>
    <route id="!v98" state="0" edges="e5 e8 e6 e2 e12 e27 e23 e25 e26 e29 e32 e31 e30 e33 e48 e45 e47 e44"/>
    <route id="!v99" state="0" edges="e3 e5 e9 e12 e13 e14 e15 e16 e17 e18 e19 e20 e21 e33 e48 e45 e47 e44"/>
    <route id="!v99!var#8" state="0" edges="e3 e5 e9 e12 e13 e14 e15 e16 e17 e18 e19 e20 e21 e33 e39 e38 e49 e42 e46 e45 e47 e44"/>
    <delay number="123" begin="203" end="14" depart="789.00" time="2015.60"/>
    <vType id="DEFAULT_BIKETYPE" vClass="bicycle"/>
    <vType id="DEFAULT_PEDTYPE" vClass="pedestrian"/>
    <vType id="DEFAULT_VEHTYPE"/>
    <vehicle id="v100" type="DEFAULT_VEHTYPE" depart="100.00" route="!v100" speedFactor="1.07" state="9223372036854775807 0 -1.00 0 0" pos="0.00" speed="0.00" posLat="0.00"/>
    <vehicle id="v101" type="DEFAULT_VEHTYPE" depart="101.00" route="!v101!var#7" speedFactor="0.96" state="101000 8 5.10 0 179800" pos="45.89" speed="12.17" posLat="0.00"/>
    <vehicle id="v102" type="DEFAULT_VEHTYPE" depart="102.00" route="!v102!var#9" speedFactor="0.97" state="114600 5 5.10 0 179800" pos="7.53" speed="6.53" posLat="0.00"/>
    <vehicle id="v103" type="DEFAULT_VEHTYPE" depart="103.00" route="!v103!var#8" speedFactor="0.95" state="103000 8 5.10 0 179800" pos="0.95" speed="11.99" posLat="0.00"/>
    <vehicle id="v104" type="DEFAULT_VEHTYPE" depart="104.00" route="!v104!var#9" speedFactor="0.89" state="104000 7 5.10 0 179800" pos="79.51" speed="12.18" posLat="0.00"/>
    <vehicle id="v105" type="DEFAULT_VEHTYPE" depart="105.00" route="!v105!var#8" speedFactor="1.07" state="106600 6 5.10 0 179800" pos="33.21" speed="12.78" posLat="0.00"/>
    <vehicle id="v106" type="DEFAULT_VEHTYPE" depart="106.00" route="!v106!var#13" speedFactor="1.01" state="109200 3 5.10 0 179800" pos="156.63" speed="14.06" posLat="0.00"/>
    <vehicle id="v107" type="DEFAULT_VEHTYPE" depart="107.00" route="!v107!var#7" speedFactor="1.03" state="107000 7 5.10 0 179800" pos="66.41" speed="12.12" posLat="0.00"/>
    <vehicle id="v108" type="DEFAULT_VEHTYPE" depart="108.00" route="!v108!var#12" speedFactor="1.06" state="111800 3 5.10 0 179800" pos="114.24" speed="13.74" posLat="0.00"/>
    <vehicle id="v109" type="DEFAULT_VEHTYPE" depart="109.00" route="!v109" speedFactor="0.96" state="9223372036854775807 0 -1.00 0 0" pos="0.00" speed="0.00" posLat="0.00"/>
    <vehicle id="v11" type="DEFAULT_VEHTYPE" depart="11.00" route="!v11!var#13" speedFactor="1.03" state="11200 11 5.10 0 179800" pos="24.92" speed="12.85" posLat="0.00"/>
    <vehicle id="v110" type="DEFAULT_VEHTYPE" depart="110.00" route="!v110" speedFactor="0.93" state="9223372036854775807 0 -1.00 0 0" pos="0.00" speed="0.00" posLat="0.00"/>
    <vehicle id="v111" type="DEFAULT_VEHTYPE" depart="111.00" route="!v111" speedFactor="0.87" state="9223372036854775807 0 -1.00 0 0" pos="0.00" speed="0.00" posLat="0.00"/>
    <vehicle id="v112" type="DEFAULT_VEHTYPE" depart="112.00" route="!v112" speedFactor="1.10" state="9223372036854775807 0 -1.00 0 0" pos="0.00" speed="0.00" posLat="0.00"/>
    <vehicle id="v113" type="DEFAULT_VEHTYPE" depart="113.00" route="!v113" speedFactor="1.01" state="9223372036854775807 0 -1.00 0 0" pos="0.00" speed="0.00" posLat="0.00"/>
    <vehicle id="v114" type="DEFAULT_VEHTYPE" depart="114.00" route="!v114!var#7" speedFactor="1.10" state="114000 6 5.10 0 179800" pos="8.54" speed="14.61" posLat="0.00"/>
    <vehicle id="v115" type="DEFAULT_VEHTYPE" depart="115.00" route="!v115!var#7" speedFactor="0.92" state="117200 5 5.10 0 179800" pos="74.72" speed="12.72" posLat="0.00"/>
    <vehicle id="v116" type="DEFAULT_VEHTYPE" depart="116.00" route="!v116" speedFactor="1.18" state="9223372036854775807 0 -1.00 0 0" pos="0.00" speed="0.00" posLat="0.00"/>
    <vehicle id="v117" type="DEFAULT_VEHTYPE" depart="117.00" route="!v117!var#6" speedFactor="1.00" state="119800 5 5.10 0 179800" pos="54.00" speed="12.68" posLat="0.00"/>
    <vehicle id="v118" type="DEFAULT_VEHTYPE" depart="118.00" route="!v118!var#8" speedFactor="0.99" state="118000 6 5.10 0 179800" pos="10.44" speed="11.37" posLat="0.00"/>
    <vehicle id="v119" type="DEFAULT_VEHTYPE" depart="119.00" route="!v119" speedFactor="1.07" state="9223372036854775807 0 -1.00 0 0" pos="0.00" speed="0.00" posLat="0.00"/>
    <vehicle id="v120" type="DEFAULT_VEHTYPE" depart="120.00" route="!v120!var#4" speedFactor="0.94" state="122400 4 5.10 0 179800" pos="87.26" speed="12.98" posLat="0.00"/>
    <vehicle id="v121" type="DEFAULT_VEHTYPE" depart="121.00" route="!v121!var#3" speedFactor="1.10" state="126200 4 5.10 0 179800" pos="66.19" speed="12.85" posLat="0.00"/>
    <vehicle id="v122" type="DEFAULT_VEHTYPE" depart="122.00" route="!v122" speedFactor="1.03" state="9223372036854775807 0 -1.00 0 0" pos="0.00" speed="0.00" posLat="0.00"/>
    <vehicle id="v123" type="DEFAULT_VEHTYPE" depart="123.00" route="!v123" speedFactor="1.02" state="9223372036854775807 0 -1.00 0 0" pos="0.00" speed="0.00" posLat="0.00"/>
    <vehicle id="v124" type="DEFAULT_VEHTYPE" depart="124.00" route="!v124!var#7" speedFactor="1.06" state="124000 5 5.10 0 179800" pos="70.47" speed="14.49" posLat="0.00"/>
    <vehicle id="v125" type="DEFAULT_VEHTYPE" depart="125.00" route="!v125!var#5" speedFactor="1.15" state="125000 6 5.10 0 179800" pos="95.93" speed="12.83" posLat="0.00"/>
    <vehicle id="v126" type="DEFAULT_VEHTYPE" depart="126.00" route="!v126" speedFactor="1.03" state="9223372036854775807 0 -1.00 0 0" pos="0.00" speed="0.00" posLat="0.00"/>
    <vehicle id="v127" type="DEFAULT_VEHTYPE" depart="127.00" route="!v127!var#7" speedFactor="0.82" state="127000 3 5.10 0 179800" pos="33.83" speed="11.24" posLat="0.00"/>
    <vehicle id="v128" type="DEFAULT_VEHTYPE" depart="128.00" route="!v128!var#3" speedFactor="1.12" state="129000 4 5.10 0 179800" pos="44.30" speed="13.23" posLat="0.00"/>
    <vehicle id="v129" type="DEFAULT_VEHTYPE" depart="129.00" route="!v129!var#4" speedFactor="1.01" state="129000 6 5.10 0 179800" pos="15.34" speed="13.04" posLat="0.00"/>
    <vehicle id="v130" type="DEFAULT_VEHTYPE" depart="130.00" route="!v130!var#4" speedFactor="1.03" state="130000 5 5.10 0 179800" pos="20.49" speed="13.84" posLat="0.00"/>
    <vehicle id="v131" type="DEFAULT_VEHTYPE" depart="131.00" route="!v131" speedFactor="1.07" state="9223372036854775807 0 -1.00 0 0" pos="0.00" speed="0.00" posLat="0.00"/>
    <vehicle id="v132" type="DEFAULT_VEHTYPE" depart="132.00" route="!v132!var#2" speedFactor="0.96" state="134800 5 5.10 0 179800" pos="13.24" speed="12.53" posLat="0.00"/>
    <vehicle id="v133" type="DEFAULT_VEHTYPE" depart="133.00" route="!v133!var#3" speedFactor="1.04" state="133000 4 5.10 0 179800" pos="135.61" speed="14.19" posLat="0.00"/>
    <vehicle id="v134" type="DEFAULT_VEHTYPE" depart="134.00" route="!v134" speedFactor="1.23" state="9223372036854775807 0 -1.00 0 0" pos="0.00" speed="0.00" posLat="0.00"/>
    <vehicle id="v135" type="DEFAULT_VEHTYPE" depart="135.00" route="!v135!var#3" speedFactor="1.01" state="135800 4 5.10 0 179800" pos="80.95" speed="13.75" posLat="0.00"/>
    <vehicle id="v136" type="DEFAULT_VEHTYPE" depart="136.00" route="!v136" speedFactor="1.12" state="9223372036854775807 0 -1.00 0 0" pos="0.00" speed="0.00" posLat="0.00"/>
    <vehicle id="v137" type="DEFAULT_VEHTYPE" depart="137.00" route="!v137!var#2" speedFactor="1.02" state="138000 3 5.10 0 179800" pos="102.81" speed="13.89" posLat="0.00"/>
    <vehicle id="v138" type="DEFAULT_VEHTYPE" depart="138.00" route="!v138!var#5" speedFactor="1.00" state="138000 3 5.10 0 179800" pos="13.17" speed="11.67" posLat="0.00"/>
    <vehicle id="v139" type="DEFAULT_VEHTYPE" depart="139.00" route="!v139" speedFactor="0.95" state="9223372036854775807 0 -1.00 0 0" pos="0.00" speed="0.00" posLat="0.00"/>
    <vehicle id="v140" type="DEFAULT_VEHTYPE" depart="140.00" route="!v140!var#5" speedFactor="1.11" state="140800 2 5.10 0 179800" pos="7.51" speed="11.70" posLat="0.00"/>
    <vehicle id="v141" type="DEFAULT_VEHTYPE" depart="141.00" route="!v141" speedFactor="1.16" state="9223372036854775807 0 -1.00 0 0" pos="0.00" speed="0.00" posLat="0.00"/>
    <vehicle id="v142" type="DEFAULT_VEHTYPE" depart="142.00" route="!v142!var#4" speedFactor="0.94" state="143400 2 5.10 0 179800" pos="163.01" speed="12.97" posLat="0.00"/>
    <vehicle id="v143" type="DEFAULT_VEHTYPE" depart="143.00" route="!v143" speedFactor="1.13" state="9223372036854775807 0 -1.00 0 0" pos="0.00" speed="0.00" posLat="0.00"/>
    <vehicle id="v144" type="DEFAULT_VEHTYPE" depart="144.00" route="!v144!var#3" speedFactor="0.73" state="144000 3 5.10 0 179800" pos="69.56" speed="10.08" posLat="0.00"/>
    <vehicle id="v145" type="DEFAULT_VEHTYPE" depart="145.00" route="!v145" speedFactor="1.14" state="9223372036854775807 0 -1.00 0 0" pos="0.00" speed="0.00" posLat="0.00"/>
    <vehicle id="v146" type="DEFAULT_VEHTYPE" depart="146.00" route="!v146!var#3" speedFactor="0.89" state="146000 2 5.10 0 179800" pos="125.20" speed="12.22" posLat="0.00"/>
    <vehicle id="v147" type="DEFAULT_VEHTYPE" depart="147.00" route="!v147!var#3" speedFactor="1.00" state="147000 2 5.10 0 179800" pos="139.94" speed="13.39" posLat="0.00"/>
    <vehicle id="v148" type="DEFAULT_VEHTYPE" depart="148.00" route="!v148!var#2" speedFactor="0.97" state="148000 3 5.10 0 179800" pos="51.30" speed="10.05" posLat="0.00"/>
    <vehicle id="v149" type="DEFAULT_VEHTYPE" depart="149.00" route="!v149!var#2" speedFactor="1.04" state="149000 3 5.10 0 179800" pos="46.11" speed="14.28" posLat="0.00"/>
    <vehicle id="v15" type="DEFAULT_VEHTYPE" depart="15.00" route="!v15!var#9" speedFactor="0.93" state="17400 11 5.10 0 179800" pos="5.69" speed="9.23" posLat="0.00"/>
    <vehicle id="v150" type="DEFAULT_VEHTYPE" depart="150.00" route="!v150" speedFactor="0.96" state="9223372036854775807 0 -1.00 0 0" pos="0.00" speed="0.00" posLat="0.00"/>
    <vehicle id="v151" type="DEFAULT_VEHTYPE" depart="151.00" route="!v151" speedFactor="1.00" state="9223372036854775807 0 -1.00 0 0" pos="0.00" speed="0.00" posLat="0.00"/>
    <vehicle id="v152" type="DEFAULT_VEHTYPE" depart="152.00" route="!v152" speedFactor="1.07" state="9223372036854775807 0 -1.00 0 0" pos="0.00" speed="0.00" posLat="0.00"/>
    <vehicle id="v153" type="DEFAULT_VEHTYPE" depart="153.00" route="!v153" speedFactor="0.93" state="9223372036854775807 0 -1.00 0 0" pos="0.00" speed="0.00" posLat="0.00"/>
    <vehicle id="v154" type="DEFAULT_VEHTYPE" depart="154.00" route="!v154" speedFactor="1.06" state="9223372036854775807 0 -1.00 0 0" pos="0.00" speed="0.00" posLat="0.00"/>
    <vehicle id="v155" type="DEFAULT_VEHTYPE" depart="155.00" route="!v155!var#4" speedFactor="1.12" state="155000 2 5.10 0 179800" pos="65.00" speed="9.96" posLat="0.00"/>
    <vehicle id="v156" type="DEFAULT_VEHTYPE" depart="156.00" route="!v156!var#4" speedFactor="1.18" state="157800 2 5.10 0 179800" pos="22.43" speed="11.81" posLat="0.00"/>
    <vehicle id="v157" type="DEFAULT_VEHTYPE" depart="157.00" route="!v157" speedFactor="1.08" state="9223372036854775807 0 -1.00 0 0" pos="0.00" speed="0.00" posLat="0.00"/>
    <vehicle id="v158" type="DEFAULT_VEHTYPE" depart="158.00" route="!v158" speedFactor="0.91" state="9223372036854775807 0 -1.00 0 0" pos="0.00" speed="0.00" posLat="0.00"/>
    <vehicle id="v159" type="DEFAULT_VEHTYPE" depart="159.00" route="!v159!var#4" speedFactor="1.14" state="159000 2 5.10 0 179800" pos="31.54" speed="11.68" posLat="0.00"/>
    <vehicle id="v160" type="DEFAULT_VEHTYPE" depart="160.00" route="!v160!var#4" speedFactor="0.88" state="160400 1 5.10 0 179800" pos="86.94" speed="6.58" posLat="0.00"/>
    <vehicle id="v161" type="DEFAULT_VEHTYPE" depart="161.00" route="!v161!var#4" speedFactor="1.08" state="161000 1 5.10 0 179800" pos="7.07" speed="7.63" posLat="0.00"/>
    <vehicle id="v162" type="DEFAULT_VEHTYPE" depart="162.00" route="!v162!var#3" speedFactor="0.99" state="168600 1 5.10 0 179800" pos="5.14" speed="5.62" posLat="0.00"/>
    <vehicle id="v163" type="DEFAULT_VEHTYPE" depart="163.00" route="!v163!var#3" speedFactor="1.13" state="171200 0 5.10 0 179800" pos="58.79" speed="6.10" posLat="0.00"/>
    <vehicle id="v164" type="DEFAULT_VEHTYPE" depart="164.00" route="!v164!var#4" speedFactor="1.05" state="164000 1 5.10 0 179800" pos="49.22" speed="14.47" posLat="0.00"/>
    <vehicle id="v165" type="DEFAULT_VEHTYPE" depart="165.00" route="!v165!var#4" speedFactor="0.91" state="166800 1 5.10 0 179800" pos="9.32" speed="8.51" posLat="0.00"/>
    <vehicle id="v166" type="DEFAULT_VEHTYPE" depart="166.00" route="!v166" speedFactor="1.00" state="9223372036854775807 0 -1.00 0 0" pos="0.00" speed="0.00" posLat="0.00"/>
    <vehicle id="v167" type="DEFAULT_VEHTYPE" depart="167.00" route="!v167" speedFactor="1.03" state="9223372036854775807 0 -1.00 0 0" pos="0.00" speed="0.00" posLat="0.00"/>
    <vehicle id="v168" type="DEFAULT_VEHTYPE" depart="168.00" route="!v168" speedFactor="0.98" state="9223372036854775807 0 -1.00 0 0" pos="0.00" speed="0.00" posLat="0.00"/>
    <vehicle id="v169" type="DEFAULT_VEHTYPE" depart="169.00" route="!v169" speedFactor="0.94" state="9223372036854775807 0 -1.00 0 0" pos="0.00" speed="0.00" posLat="0.00"/>
    <vehicle id="v17" type="DEFAULT_VEHTYPE" depart="17.00" route="!v17!var#12" speedFactor="0.94" state="17000 9 5.10 0 179800" pos="327.59" speed="8.86" posLat="0.00"/>
    <vehicle id="v170" type="DEFAULT_VEHTYPE" depart="170.00" route="!v170!var#3" speedFactor="1.09" state="170000 0 5.10 0 179800" pos="0.63" speed="15.02" posLat="0.00"/>
    <vehicle id="v171" type="DEFAULT_VEHTYPE" depart="171.00" route="!v171" speedFactor="0.90" state="9223372036854775807 0 -1.00 0 0" pos="0.00" speed="0.00" posLat="0.00"/>
    <vehicle id="v172" type="DEFAULT_VEHTYPE" depart="172.00" route="!v172!var#2" speedFactor="0.89" state="172000 0 5.10 0 179800" pos="65.10" speed="12.30" posLat="0.00"/>
    <vehicle id="v173" type="DEFAULT_VEHTYPE" depart="173.00" route="!v173" speedFactor="1.14" state="9223372036854775807 0 -1.00 0 0" pos="0.00" speed="0.00" posLat="0.00"/>
    <vehicle id="v174" type="DEFAULT_VEHTYPE" depart="174.00" route="!v174!var#1" speedFactor="0.96" state="174600 0 5.10 0 179800" pos="35.05" speed="10.96" posLat="0.00"/>
    <vehicle id="v175" type="DEFAULT_VEHTYPE" depart="175.00" route="!v175!var#1" speedFactor="0.92" state="177200 0 5.10 0 179800" pos="13.07" speed="5.45" posLat="0.00"/>
    <vehicle id="v176" type="DEFAULT_VEHTYPE" depart="176.00" route="!v176!var#1" speedFactor="1.09" state="176000 0 5.10 0 179800" pos="21.20" speed="7.95" posLat="0.00"/>
    <vehicle id="v177" type="DEFAULT_VEHTYPE" depart="177.00" route="!v177" speedFactor="1.03" state="9223372036854775807 0 -1.00 0 0" pos="0.00" speed="0.00" posLat="0.00"/>
    <vehicle id="v178" type="DEFAULT_VEHTYPE" depart="178.00" route="!v178!var#1" speedFactor="1.08" state="178000 0 5.10 0 179800" pos="9.30" speed="4.08" posLat="0.00"/>
    <vehicle id="v179" type="DEFAULT_VEHTYPE" depart="179.00" route="!v179" speedFactor="1.06" state="179000 0 5.10 0 179800" pos="6.02" speed="1.73" posLat="0.00"/>
    <vehicle id="v18" type="DEFAULT_VEHTYPE" depart="18.00" route="!v18!var#9" speedFactor="0.94" state="20200 14 5.10 0 179800" pos="15.97" speed="12.92" posLat="0.00"/>
    <vehicle id="v180" type="DEFAULT_VEHTYPE" depart="180.00" route="!v180" speedFactor="1.10" state="9223372036854775807 0 -1.00 0 0" pos="0.00" speed="0.00" posLat="0.00"/>
    <vehicle id="v181" type="DEFAULT_VEHTYPE" depart="181.00" route="!v181" speedFactor="1.03" state="9223372036854775807 0 -1.00 0 0" pos="0.00" speed="0.00" posLat="0.00"/>
    <vehicle id="v182" type="DEFAULT_VEHTYPE" depart="182.00" route="!v182" speedFactor="1.03" state="9223372036854775807 0 -1.00 0 0" pos="0.00" speed="0.00" posLat="0.00"/>
    <vehicle id="v183" type="DEFAULT_VEHTYPE" depart="183.00" route="!v183" speedFactor="1.08" state="9223372036854775807 0 -1.00 0 0" pos="0.00" speed="0.00" posLat="0.00"/>
    <vehicle id="v184" type="DEFAULT_VEHTYPE" depart="184.00" route="!v184" speedFactor="0.94" state="9223372036854775807 0 -1.00 0 0" pos="0.00" speed="0.00" posLat="0.00"/>
    <vehicle id="v185" type="DEFAULT_VEHTYPE" depart="185.00" route="!v185" speedFactor="0.92" state="9223372036854775807 0 -1.00 0 0" pos="0.00" speed="0.00" posLat="0.00"/>
    <vehicle id="v186" type="DEFAULT_VEHTYPE" depart="186.00" route="!v186" speedFactor="1.08" state="9223372036854775807 0 -1.00 0 0" pos="0.00" speed="0.00" posLat="0.00"/>
    <vehicle id="v187" type="DEFAULT_VEHTYPE" depart="187.00" route="!v187" speedFactor="0.89" state="9223372036854775807 0 -1.00 0 0" pos="0.00" speed="0.00" posLat="0.00"/>
    <vehicle id="v188" type="DEFAULT_VEHTYPE" depart="188.00" route="!v188" speedFactor="0.97" state="9223372036854775807 0 -1.00 0 0" pos="0.00" speed="0.00" posLat="0.00"/>
    <vehicle id="v189" type="DEFAULT_VEHTYPE" depart="189.00" route="!v189" speedFactor="0.97" state="9223372036854775807 0 -1.00 0 0" pos="0.00" speed="0.00" posLat="0.00"/>
    <vehicle id="v19" type="DEFAULT_VEHTYPE" depart="19.00" route="!v19!var#16" speedFactor="1.16" state="19600 9 5.10 0 179800" pos="345.22" speed="8.08" posLat="0.00"/>
    <vehicle id="v190" type="DEFAULT_VEHTYPE" depart="190.00" route="!v190" speedFactor="0.90" state="9223372036854775807 0 -1.00 0 0" pos="0.00" speed="0.00" posLat="0.00"/>
    <vehicle id="v191" type="DEFAULT_VEHTYPE" depart="191.00" route="!v191" speedFactor="0.93" state="9223372036854775807 0 -1.00 0 0" pos="0.00" speed="0.00" posLat="0.00"/>
    <vehicle id="v192" type="DEFAULT_VEHTYPE" depart="192.00" route="!v192" speedFactor="1.10" state="9223372036854775807 0 -1.00 0 0" pos="0.00" speed="0.00" posLat="0.00"/>
    <vehicle id="v193" type="DEFAULT_VEHTYPE" depart="193.00" route="!v193" speedFactor="1.07" state="9223372036854775807 0 -1.00 0 0" pos="0.00" speed="0.00" posLat="0.00"/>
    <vehicle id="v194" type="DEFAULT_VEHTYPE" depart="194.00" route="!v194" speedFactor="1.00" state="9223372036854775807 0 -1.00 0 0" pos="0.00" speed="0.00" posLat="0.00"/>
    <vehicle id="v195" type="DEFAULT_VEHTYPE" depart="195.00" route="!v195" speedFactor="0.84" state="9223372036854775807 0 -1.00 0 0" pos="0.00" speed="0.00" posLat="0.00"/>
    <vehicle id="v196" type="DEFAULT_VEHTYPE" depart="196.00" route="!v196" speedFactor="1.03" state="9223372036854775807 0 -1.00 0 0" pos="0.00" speed="0.00" posLat="0.00"/>
    <vehicle id="v197" type="DEFAULT_VEHTYPE" depart="197.00" route="!v197" speedFactor="0.87" state="9223372036854775807 0 -1.00 0 0" pos="0.00" speed="0.00" posLat="0.00"/>
    <vehicle id="v198" type="DEFAULT_VEHTYPE" depart="198.00" route="!v198" speedFactor="1.06" state="9223372036854775807 0 -1.00 0 0" pos="0.00" speed="0.00" posLat="0.00"/>
    <vehicle id="v199" type="DEFAULT_VEHTYPE" depart="199.00" route="!v199" speedFactor="0.83" state="9223372036854775807 0 -1.00 0 0" pos="0.00" speed="0.00" posLat="0.00"/>
    <vehicle id="v20" type="DEFAULT_VEHTYPE" depart="20.00" route="!v20!var#16" speedFactor="1.02" state="22200 10 5.10 0 179800" pos="85.84" speed="9.48" posLat="0.00"/>
    <vehicle id="v200" type="DEFAULT_VEHTYPE" depart="200.00" route="!v200" speedFactor="0.95" state="9223372036854775807 0 -1.00 0 0" pos="0.00" speed="0.00" posLat="0.00"/>
    <vehicle id="v201" type="DEFAULT_VEHTYPE" depart="201.00" route="!v201" speedFactor="0.87" state="9223372036854775807 0 -1.00 0 0" pos="0.00" speed="0.00" posLat="0.00"/>
    <vehicle id="v202" type="DEFAULT_VEHTYPE" depart="202.00" route="!v202" speedFactor="1.04" state="9223372036854775807 0 -1.00 0 0" pos="0.00" speed="0.00" posLat="0.00"/>
    <vehicle id="v22" type="DEFAULT_VEHTYPE" depart="22.00" route="!v22!var#9" speedFactor="0.98" state="23800 10 5.10 0 179800" pos="12.54" speed="8.87" posLat="0.00"/>
    <vehicle id="v23" type="DEFAULT_VEHTYPE" depart="23.00" route="!v23!var#9" speedFactor="0.89" state="26400 9 5.10 0 179800" pos="4.90" speed="6.21" posLat="0.00"/>
    <vehicle id="v24" type="DEFAULT_VEHTYPE" depart="24.00" route="!v24!var#13" speedFactor="0.83" state="25200 9 5.10 0 179800" pos="50.76" speed="9.65" posLat="0.00"/>
    <vehicle id="v25" type="DEFAULT_VEHTYPE" depart="25.00" route="!v25!var#8" speedFactor="0.87" state="25000 11 5.10 0 179800" pos="80.02" speed="6.49" posLat="0.00"/>
    <vehicle id="v26" type="DEFAULT_VEHTYPE" depart="26.00" route="!v26!var#12" speedFactor="0.92" state="40000 9 5.10 0 179800" pos="108.22" speed="7.69" posLat="0.00"/>
    <vehicle id="v27" type="DEFAULT_VEHTYPE" depart="27.00" route="!v27!var#10" speedFactor="0.95" state="29000 9 5.10 0 179800" pos="69.60" speed="10.32" posLat="0.00"/>
    <vehicle id="v28" type="DEFAULT_VEHTYPE" depart="28.00" route="!v28!var#11" speedFactor="1.13" state="31600 8 5.10 0 179800" pos="32.83" speed="9.66" posLat="0.00"/>
    <vehicle id="v30" type="DEFAULT_VEHTYPE" depart="30.00" route="!v30!var#11" speedFactor="1.18" state="42600 9 5.10 0 179800" pos="91.09" speed="8.81" posLat="0.00"/>
    <vehicle id="v31" type="DEFAULT_VEHTYPE" depart="31.00" route="!v31!var#9" speedFactor="1.15" state="31000 13 5.10 0 179800" pos="37.42" speed="12.30" posLat="0.00"/>
    <vehicle id="v32" type="DEFAULT_VEHTYPE" depart="32.00" route="!v32!var#7" speedFactor="1.01" state="36800 11 5.10 0 179800" pos="63.42" speed="7.42" posLat="0.00"/>
    <vehicle id="v33" type="DEFAULT_VEHTYPE" depart="33.00" route="!v33!var#8" speedFactor="1.17" state="39600 15 5.10 0 179800" pos="64.79" speed="16.14" posLat="0.00"/>
    <vehicle id="v34" type="DEFAULT_VEHTYPE" depart="34.00" route="!v34!var#14" speedFactor="0.99" state="42200 8 5.10 0 179800" pos="137.87" speed="8.88" posLat="0.00"/>
    <vehicle id="v35" type="DEFAULT_VEHTYPE" depart="35.00" route="!v35!var#9" speedFactor="1.02" state="44800 8 5.10 0 179800" pos="46.66" speed="12.00" posLat="0.00"/>
    <vehicle id="v36" type="DEFAULT_VEHTYPE" depart="36.00" route="!v36!var#10" speedFactor="0.97" state="47400 6 5.10 0 179800" pos="4.14" speed="7.53" posLat="0.00"/>
    <vehicle id="v37" type="DEFAULT_VEHTYPE" depart="37.00" route="!v37!var#5" speedFactor="1.18" state="50600 13 5.10 0 179800" pos="10.31" speed="16.17" posLat="0.00"/>
    <vehicle id="v38" type="DEFAULT_VEHTYPE" depart="38.00" route="!v38!var#8" speedFactor="1.10" state="55400 15 5.10 0 179800" pos="27.83" speed="15.30" posLat="0.00"/>
    <vehicle id="v39" type="DEFAULT_VEHTYPE" depart="39.00" route="!v39!var#6" speedFactor="0.90" state="39200 14 5.10 0 179800" pos="104.43" speed="9.59" posLat="0.00"/>
    <vehicle id="v40" type="DEFAULT_VEHTYPE" depart="40.00" route="!v40!var#11" speedFactor="1.03" state="58400 9 5.10 0 179800" pos="45.67" speed="9.14" posLat="0.00"/>
    <vehicle id="v41" type="DEFAULT_VEHTYPE" depart="41.00" route="!v41!var#8" speedFactor="0.96" state="45000 14 5.10 0 179800" pos="85.10" speed="13.12" posLat="0.00"/>
    <vehicle id="v42" type="DEFAULT_VEHTYPE" depart="42.00" route="!v42!var#11" speedFactor="1.09" state="61000 9 5.10 0 179800" pos="65.32" speed="7.48" posLat="0.00"/>
    <vehicle id="v43" type="DEFAULT_VEHTYPE" depart="43.00" route="!v43!var#14" speedFactor="1.04" state="71800 8 5.10 0 179800" pos="86.59" speed="11.90" posLat="0.00"/>
    <vehicle id="v44" type="DEFAULT_VEHTYPE" depart="44.00" route="!v44!var#13" speedFactor="1.04" state="44000 7 5.10 0 179800" pos="309.62" speed="9.74" posLat="0.00"/>
    <vehicle id="v45" type="DEFAULT_VEHTYPE" depart="45.00" route="!v45!var#16" speedFactor="1.09" state="74400 6 5.10 0 179800" pos="15.75" speed="11.24" posLat="0.00"/>
    <vehicle id="v46" type="DEFAULT_VEHTYPE" depart="46.00" route="!v46!var#9" speedFactor="1.00" state="47800 8 5.10 0 179800" pos="36.31" speed="11.72" posLat="0.00"/>
    <vehicle id="v47" type="DEFAULT_VEHTYPE" depart="47.00" route="!v47!var#12" speedFactor="0.90" state="47000 8 5.10 0 179800" pos="141.09" speed="6.69" posLat="0.00"/>
    <vehicle id="v48" type="DEFAULT_VEHTYPE" depart="48.00" route="!v48!var#16" speedFactor="0.88" state="77000 5 5.10 0 179800" pos="291.29" speed="10.31" posLat="0.00"/>
    <vehicle id="v49" type="DEFAULT_VEHTYPE" depart="49.00" route="!v49!var#17" speedFactor="0.85" state="49000 12 5.10 0 179800" pos="50.83" speed="11.76" posLat="0.00"/>
    <vehicle id="v50" type="DEFAULT_VEHTYPE" depart="50.00" route="!v50!var#14" speedFactor="0.85" state="51600 10 5.10 0 179800" pos="54.44" speed="11.72" posLat="0.00"/>
    <vehicle id="v51" type="DEFAULT_VEHTYPE" depart="51.00" route="!v51!var#9" speedFactor="1.17" state="51000 7 5.10 0 179800" pos="5.40" speed="6.97" posLat="0.00"/>
    <vehicle id="v52" type="DEFAULT_VEHTYPE" depart="52.00" route="!v52!var#13" speedFactor="1.02" state="54400 10 5.10 0 179800" pos="34.68" speed="11.76" posLat="0.00"/>
    <vehicle id="v53" type="DEFAULT_VEHTYPE" depart="53.00" route="!v53!var#8" speedFactor="1.10" state="79600 13 5.10 0 179800" pos="41.90" speed="15.14" posLat="0.00"/>
    <vehicle id="v54" type="DEFAULT_VEHTYPE" depart="54.00" route="!v54!var#11" speedFactor="1.00" state="57000 8 5.10 0 179800" pos="26.08" speed="11.24" posLat="0.00"/>
    <vehicle id="v55" type="DEFAULT_VEHTYPE" depart="55.00" route="!v55!var#11" speedFactor="1.00" state="82200 7 5.10 0 179800" pos="125.18" speed="7.20" posLat="0.00"/>
    <vehicle id="v56" type="DEFAULT_VEHTYPE" depart="56.00" route="!v56!var#13" speedFactor="0.90" state="84800 5 5.10 0 179800" pos="242.99" speed="12.27" posLat="0.00"/>
    <vehicle id="v57" type="DEFAULT_VEHTYPE" depart="57.00" route="!v57!var#11" speedFactor="1.14" state="59600 8 5.10 0 179800" pos="6.67" speed="8.70" posLat="0.00"/>
    <vehicle id="v58" type="DEFAULT_VEHTYPE" depart="58.00" route="!v58!var#12" speedFactor="1.02" state="58000 11 5.10 0 179800" pos="11.87" speed="14.04" posLat="0.00"/>
    <vehicle id="v59" type="DEFAULT_VEHTYPE" depart="59.00" route="!v59!var#14" speedFactor="0.97" state="60200 9 5.10 0 179800" pos="155.08" speed="8.26" posLat="0.00"/>
    <vehicle id="v6" type="DEFAULT_VEHTYPE" depart="6.00" route="!v6!var#7" speedFactor="1.05" state="6000 12 5.10 0 179800" pos="122.49" speed="9.41" posLat="0.00"/>
    <vehicle id="v60" type="DEFAULT_VEHTYPE" depart="60.00" route="!v60!var#12" speedFactor="1.08" state="87400 6 5.10 0 179800" pos="120.45" speed="9.18" posLat="0.00"/>
    <vehicle id="v61" type="DEFAULT_VEHTYPE" depart="61.00" route="!v61!var#6" speedFactor="1.12" state="90000 13 5.10 0 179800" pos="13.73" speed="14.90" posLat="0.00"/>
    <vehicle id="v62" type="DEFAULT_VEHTYPE" depart="62.00" route="!v62!var#5" speedFactor="1.02" state="121400 6 5.10 0 179800" pos="25.36" speed="12.30" posLat="0.00"/>
    <vehicle id="v63" type="DEFAULT_VEHTYPE" depart="63.00" route="!v63!var#13" speedFactor="0.99" state="63000 11 5.10 0 179800" pos="21.02" speed="11.97" posLat="0.00"/>
    <vehicle id="v64" type="DEFAULT_VEHTYPE" depart="64.00" route="!v64!var#15" speedFactor="0.94" state="65600 9 5.10 0 179800" pos="100.33" speed="11.82" posLat="0.00"/>
    <vehicle id="v65" type="DEFAULT_VEHTYPE" depart="65.00" route="!v65!var#9" speedFactor="0.88" state="65000 6 5.10 0 179800" pos="67.87" speed="12.06" posLat="0.00"/>
    <vehicle id="v66" type="DEFAULT_VEHTYPE" depart="66.00" route="!v66!var#12" speedFactor="0.91" state="80800 8 5.10 0 179800" pos="40.97" speed="11.75" posLat="0.00"/>
    <vehicle id="v67" type="DEFAULT_VEHTYPE" depart="67.00" route="!v67!var#15" speedFactor="0.91" state="68200 9 5.10 0 179800" pos="60.98" speed="11.59" posLat="0.00"/>
    <vehicle id="v68" type="DEFAULT_VEHTYPE" depart="68.00" route="!v68" speedFactor="1.04" state="9223372036854775807 0 -1.00 0 0" pos="5.10" speed="0.00" posLat="0.00"/>
    <vehicle id="v69" type="DEFAULT_VEHTYPE" depart="69.00" route="!v69!var#9" speedFactor="1.02" state="69000 6 5.10 0 179800" pos="44.23" speed="12.91" posLat="0.00"/>
    <vehicle id="v7" type="DEFAULT_VEHTYPE" depart="7.00" route="!v7!var#9" speedFactor="0.89" state="8600 16 5.10 0 179800" pos="4.61" speed="5.43" posLat="0.00"/>
    <vehicle id="v70" type="DEFAULT_VEHTYPE" depart="70.00" route="!v70!var#14" speedFactor="1.02" state="88600 4 5.10 0 179800" pos="196.25" speed="14.07" posLat="0.00"/>
    <vehicle id="v71" type="DEFAULT_VEHTYPE" depart="71.00" route="!v71!var#9" speedFactor="0.97" state="71800 6 5.10 0 179800" pos="15.95" speed="10.40" posLat="0.00"/>
    <vehicle id="v72" type="DEFAULT_VEHTYPE" depart="72.00" route="!v72!var#12" speedFactor="0.94" state="92800 8 5.10 0 179800" pos="36.15" speed="13.06" posLat="0.00"/>
    <vehicle id="v73" type="DEFAULT_VEHTYPE" depart="73.00" route="!v73!var#10" speedFactor="1.06" state="95800 8 5.10 0 179800" pos="59.30" speed="12.36" posLat="0.00"/>
    <vehicle id="v74" type="DEFAULT_VEHTYPE" depart="74.00" route="!v74!var#14" speedFactor="0.96" state="98600 6 5.10 0 179800" pos="2.75" speed="8.13" posLat="0.00"/>
    <vehicle id="v75" type="DEFAULT_VEHTYPE" depart="75.00" route="!v75" speedFactor="0.98" state="9223372036854775807 0 -1.00 0 0" pos="0.00" speed="0.00" posLat="0.00"/>
    <vehicle id="v76" type="DEFAULT_VEHTYPE" depart="76.00" route="!v76" speedFactor="1.03" state="9223372036854775807 0 -1.00 0 0" pos="0.00" speed="0.00" posLat="0.00"/>
    <vehicle id="v77" type="DEFAULT_VEHTYPE" depart="77.00" route="!v77!var#15" speedFactor="0.98" state="77000 7 5.10 0 179800" pos="272.55" speed="10.28" posLat="0.00"/>
    <vehicle id="v78" type="DEFAULT_VEHTYPE" depart="78.00" route="!v78!var#13" speedFactor="1.01" state="101200 4 5.10 0 179800" pos="135.28" speed="13.82" posLat="0.00"/>
    <vehicle id="v79" type="DEFAULT_VEHTYPE" depart="79.00" route="!v79!var#8" speedFactor="1.09" state="79000 5 5.10 0 179800" pos="1.33" speed="6.62" posLat="0.00"/>
    <vehicle id="v80" type="DEFAULT_VEHTYPE" depart="80.00" route="!v80!var#13" speedFactor="1.03" state="80000 11 5.10 0 179800" pos="90.69" speed="13.99" posLat="0.00"/>
    <vehicle id="v81" type="DEFAULT_VEHTYPE" depart="81.00" route="!v81!var#11" speedFactor="1.00" state="81600 7 5.10 0 179800" pos="108.65" speed="8.02" posLat="0.00"/>
    <vehicle id="v82" type="DEFAULT_VEHTYPE" depart="82.00" route="!v82!var#12" speedFactor="1.02" state="104000 5 5.10 0 179800" pos="103.05" speed="9.19" posLat="0.00"/>
    <vehicle id="v83" type="DEFAULT_VEHTYPE" depart="83.00" route="!v83" speedFactor="0.97" state="9223372036854775807 0 -1.00 0 0" pos="0.00" speed="0.00" posLat="0.00"/>
    <vehicle id="v84" type="DEFAULT_VEHTYPE" depart="84.00" route="!v84!var#12" speedFactor="1.15" state="84400 7 5.10 0 179800" pos="222.42" speed="12.38" posLat="0.00"/>
    <vehicle id="v85" type="DEFAULT_VEHTYPE" depart="85.00" route="!v85!var#11" speedFactor="0.98" state="85000 10 5.10 0 179800" pos="14.93" speed="11.86" posLat="0.00"/>
    <vehicle id="v86" type="DEFAULT_VEHTYPE" depart="86.00" route="!v86" speedFactor="1.00" state="9223372036854775807 0 -1.00 0 0" pos="0.00" speed="0.00" posLat="0.00"/>
    <vehicle id="v87" type="DEFAULT_VEHTYPE" depart="87.00" route="!v87!var#13" speedFactor="1.04" state="106800 4 5.10 0 179800" pos="93.54" speed="13.50" posLat="0.00"/>
    <vehicle id="v88" type="DEFAULT_VEHTYPE" depart="88.00" route="!v88!var#9" speedFactor="1.01" state="88000 9 5.10 0 179800" pos="80.65" speed="11.57" posLat="0.00"/>
    <vehicle id="v89" type="DEFAULT_VEHTYPE" depart="89.00" route="!v89" speedFactor="1.02" state="9223372036854775807 0 -1.00 0 0" pos="0.00" speed="0.00" posLat="0.00"/>
    <vehicle id="v9" type="DEFAULT_VEHTYPE" depart="9.00" route="!v9!var#7" speedFactor="0.86" state="9000 13 5.10 0 179800" pos="58.99" speed="11.67" posLat="0.00"/>
    <vehicle id="v90" type="DEFAULT_VEHTYPE" depart="90.00" route="!v90" speedFactor="1.02" state="9223372036854775807 0 -1.00 0 0" pos="0.00" speed="0.00" posLat="0.00"/>
    <vehicle id="v91" type="DEFAULT_VEHTYPE" depart="91.00" route="!v91" speedFactor="0.89" state="9223372036854775807 0 -1.00 0 0" pos="0.00" speed="0.00" posLat="0.00"/>
    <vehicle id="v92" type="DEFAULT_VEHTYPE" depart="92.00" route="!v92" speedFactor="0.83" state="9223372036854775807 0 -1.00 0 0" pos="0.00" speed="0.00" posLat="0.00"/>
    <vehicle id="v93" type="DEFAULT_VEHTYPE" depart="93.00" route="!v93!var#13" speedFactor="0.92" state="109400 4 5.10 0 179800" pos="73.20" speed="12.67" posLat="0.00"/>
    <vehicle id="v94" type="DEFAULT_VEHTYPE" depart="94.00" route="!v94!var#14" speedFactor="1.09" state="112000 4 5.10 0 179800" pos="53.73" speed="12.26" posLat="0.00"/>
    <vehicle id="v95" type="DEFAULT_VEHTYPE" depart="95.00" route="!v95!var#10" speedFactor="1.06" state="95000 6 5.10 0 179800" pos="68.73" speed="9.34" posLat="0.00"/>
    <vehicle id="v96" type="DEFAULT_VEHTYPE" depart="96.00" route="!v96" speedFactor="1.01" state="9223372036854775807 0 -1.00 0 0" pos="0.00" speed="0.00" posLat="0.00"/>
    <vehicle id="v97" type="DEFAULT_VEHTYPE" depart="97.00" route="!v97!var#12" speedFactor="0.91" state="97600 6 5.10 0 179800" pos="19.83" speed="8.01" posLat="0.00"/>
    <vehicle id="v98" type="DEFAULT_VEHTYPE" depart="98.00" route="!v98" speedFactor="1.12" state="9223372036854775807 0 -1.00 0 0" pos="0.00" speed="0.00" posLat="0.00"/>
    <vehicle id="v99" type="DEFAULT_VEHTYPE" depart="99.00" route="!v99!var#8" speedFactor="1.10" state="99000 12 5.10 0 179800" pos="3.98" speed="15.10" posLat="0.00"/>
    <lane id=":n0_0_0">
        <vehicles value=""/>
    </lane>
    <lane id=":n1_0_0">
        <vehicles value=""/>
    </lane>
    <lane id=":n1_1_0">
        <vehicles value=""/>
    </lane>
    <lane id=":n10_0_0">
        <vehicles value=""/>
    </lane>
    <lane id=":n10_1_0">
        <vehicles value=""/>
    </lane>
    <lane id=":n10_2_0">
        <vehicles value=""/>
    </lane>
    <lane id=":n10_3_0">
        <vehicles value=""/>
    </lane>
    <lane id=":n11_0_0">
        <vehicles value=""/>
    </lane>
    <lane id=":n11_1_0">
        <vehicles value=""/>
    </lane>
    <lane id=":n11_2_0">
        <vehicles value="v140"/>
    </lane>
    <lane id=":n12_0_0">
        <vehicles value=""/>
    </lane>
    <lane id=":n13_0_0">
        <vehicles value=""/>
    </lane>
    <lane id=":n14_0_0">
        <vehicles value=""/>
    </lane>
    <lane id=":n15_0_0">
        <vehicles value=""/>
    </lane>
    <lane id=":n16_0_0">
        <vehicles value=""/>
    </lane>
    <lane id=":n17_0_0">
        <vehicles value=""/>
    </lane>
    <lane id=":n18_0_0">
        <vehicles value=""/>
    </lane>
    <lane id=":n19_0_0">
        <vehicles value=""/>
    </lane>
    <lane id=":n20_0_0">
        <vehicles value=""/>
    </lane>
    <lane id=":n21_0_0">
        <vehicles value=""/>
    </lane>
    <lane id=":n22_0_0">
        <vehicles value=""/>
    </lane>
    <lane id=":n22_1_0">
        <vehicles value=""/>
    </lane>
    <lane id=":n22_2_0">
        <vehicles value="v79"/>
    </lane>
    <lane id=":n23_0_0">
        <vehicles value=""/>
    </lane>
    <lane id=":n24_0_0">
        <vehicles value=""/>
    </lane>
    <lane id=":n25_0_0">
        <vehicles value="v36"/>
    </lane>
    <lane id=":n25_1_0">
        <vehicles value=""/>
    </lane>
    <lane id=":n25_2_0">
        <vehicles value=""/>
    </lane>
    <lane id=":n26_0_0">
        <vehicles value=""/>
    </lane>
    <lane id=":n26_1_0">
        <vehicles value=""/>
    </lane>
    <lane id=":n27_0_0">
        <vehicles value=""/>
    </lane>
    <lane id=":n27_1_0">
        <vehicles value=""/>
    </lane>
    <lane id=":n28_0_0">
        <vehicles value=""/>
    </lane>
    <lane id=":n28_1_0">
        <vehicles value="v37"/>
    </lane>
    <lane id=":n28_2_0">
        <vehicles value=""/>
    </lane>
    <lane id=":n28_3_0">
        <vehicles value=""/>
    </lane>
    <lane id=":n29_0_0">
        <vehicles value=""/>
    </lane>
    <lane id=":n29_1_0">
        <vehicles value=""/>
    </lane>
    <lane id=":n3_0_0">
        <vehicles value=""/>
    </lane>
    <lane id=":n3_1_0">
        <vehicles value=""/>
    </lane>
    <lane id=":n30_0_0">
        <vehicles value="v23"/>
    </lane>
    <lane id=":n30_1_0">
        <vehicles value=""/>
    </lane>
    <lane id=":n31_0_0">
        <vehicles value=""/>
    </lane>
    <lane id=":n31_1_0">
        <vehicles value=""/>
    </lane>
    <lane id=":n31_2_0">
        <vehicles value=""/>
    </lane>
    <lane id=":n31_3_0">
        <vehicles value=""/>
    </lane>
    <lane id=":n32_0_0">
        <vehicles value="v15"/>
    </lane>
    <lane id=":n32_1_0">
        <vehicles value="v51"/>
    </lane>
    <lane id=":n34_0_0">
        <vehicles value=""/>
    </lane>
    <lane id=":n34_1_0">
        <vehicles value=""/>
    </lane>
    <lane id=":n35_0_0">
        <vehicles value=""/>
    </lane>
    <lane id=":n4_0_0">
        <vehicles value=""/>
    </lane>
    <lane id=":n4_1_0">
        <vehicles value=""/>
    </lane>
    <lane id=":n4_2_0">
        <vehicles value=""/>
    </lane>
    <lane id=":n4_3_0">
        <vehicles value=""/>
    </lane>
    <lane id=":n5_0_0">
        <vehicles value="v161"/>
    </lane>
    <lane id=":n5_1_0">
        <vehicles value="v170"/>
    </lane>
    <lane id=":n6_0_0">
        <vehicles value=""/>
    </lane>
    <lane id=":n6_1_0">
        <vehicles value=""/>
    </lane>
    <lane id=":n7_0_0">
        <vehicles value=""/>
    </lane>
    <lane id=":n7_1_0">
        <vehicles value=""/>
    </lane>
    <lane id=":n7_2_0">
        <vehicles value=""/>
    </lane>
    <lane id=":n7_3_0">
        <vehicles value=""/>
    </lane>
    <lane id=":n8_0_0">
        <vehicles value=""/>
    </lane>
    <lane id=":n8_1_0">
        <vehicles value=""/>
    </lane>
    <lane id=":n9_0_0">
        <vehicles value="v114"/>
    </lane>
    <lane id=":n9_1_0">
        <vehicles value=""/>
    </lane>
    <lane id="e0_0">
        <vehicles value=""/>
    </lane>
    <lane id="e1_0">
        <vehicles value=""/>
    </lane>
    <lane id="e10_0">
        <vehicles value="v178"/>
    </lane>
    <lane id="e11_0">
        <vehicles value=""/>
    </lane>
    <lane id="e12_0">
        <vehicles value="v149 v135 v137 v133"/>
    </lane>
    <lane id="e13_0">
        <vehicles value="v130 v128 v121 v120"/>
    </lane>
    <lane id="e14_0">
        <vehicles value="v132 v105 v117 v115 v125"/>
    </lane>
    <lane id="e15_0">
        <vehicles value="v129 v72 v73 v104"/>
    </lane>
    <lane id="e16_0">
        <vehicles value="v62 v101 v107 v43"/>
    </lane>
    <lane id="e17_0">
        <vehicles value="v103 v63 v66 v67 v88 v64"/>
    </lane>
    <lane id="e18_0">
        <vehicles value="v85 v52 v50"/>
    </lane>
    <lane id="e19_0">
        <vehicles value="v80"/>
    </lane>
    <lane id="e2_0">
        <vehicles value=""/>
    </lane>
    <lane id="e20_0">
        <vehicles value="v58"/>
    </lane>
    <lane id="e21_0">
        <vehicles value="v99"/>
    </lane>
    <lane id="e22_0">
        <vehicles value="v146"/>
    </lane>
    <lane id="e23_0">
        <vehicles value=""/>
    </lane>
    <lane id="e24_0">
        <vehicles value="v147 v142"/>
    </lane>
    <lane id="e25_0">
        <vehicles value=""/>
    </lane>
    <lane id="e26_0">
        <vehicles value=""/>
    </lane>
    <lane id="e27_0">
        <vehicles value=""/>
    </lane>
    <lane id="e28_0">
        <vehicles value="v118 v124"/>
    </lane>
    <lane id="e29_0">
        <vehicles value="v138 v127 v94 v93 v87 v108 v78 v106 v70 v84 v56 v77 v48 v44 v17 v19"/>
    </lane>
    <lane id="e3_0">
        <vehicles value="v179 v176 v163"/>
    </lane>
    <lane id="e30_0">
        <vehicles value=""/>
    </lane>
    <lane id="e31_0">
        <vehicles value=""/>
    </lane>
    <lane id="e32_0">
        <vehicles value="v45"/>
    </lane>
    <lane id="e33_0">
        <vehicles value="v57 v54 v49 v41"/>
    </lane>
    <lane id="e34_0">
        <vehicles value="v102 v97 v28 v24 v95 v20 v82 v60 v34 v59"/>
    </lane>
    <lane id="e35_0">
        <vehicles value="v35 v27 v30 v26"/>
    </lane>
    <lane id="e36_0">
        <vehicles value="v74 v11"/>
    </lane>
    <lane id="e37_0">
        <vehicles value=""/>
    </lane>
    <lane id="e38_0">
        <vehicles value="v38"/>
    </lane>
    <lane id="e39_0">
        <vehicles value="v61 v53 v33"/>
    </lane>
    <lane id="e4_0">
        <vehicles value="v175 v174 v172"/>
    </lane>
    <lane id="e40_0">
        <vehicles value=""/>
    </lane>
    <lane id="e41_0">
        <vehicles value=""/>
    </lane>
    <lane id="e42_0">
        <vehicles value="v71 v69 v65"/>
    </lane>
    <lane id="e43_0">
        <vehicles value=""/>
    </lane>
    <lane id="e44_0">
        <vehicles value=""/>
    </lane>
    <lane id="e45_0">
        <vehicles value="v22 v46 v32 v25"/>
    </lane>
    <lane id="e46_0">
        <vehicles value="v18 v40 v42"/>
    </lane>
    <lane id="e47_0">
        <vehicles value="v7 v31 v9"/>
    </lane>
    <lane id="e48_0">
        <vehicles value="v39 v6"/>
    </lane>
    <lane id="e49_0">
        <vehicles value="v81 v55 v47"/>
    </lane>
    <lane id="e5_0">
        <vehicles value="v162 v159 v155 v160"/>
    </lane>
    <lane id="e6_0">
        <vehicles value=""/>
    </lane>
    <lane id="e7_0">
        <vehicles value="v165 v164"/>
    </lane>
    <lane id="e8_0">
        <vehicles value="v156"/>
    </lane>
    <lane id="e9_0">
        <vehicles value="v148 v144"/>
    </lane>
</snapshot>
