<?xml version="1.0" encoding="UTF-8"?>

<!-- generated on vie 27 sep 2019 16:29:58 CDT by Eclipse SUMO GUI Version 1.1.0
<configuration xmlns:xsi="http://www.w3.org/2001/XMLSchema-instance" xsi:noNamespaceSchemaLocation="http://sumo.dlr.de/xsd/sumoConfiguration.xsd">

    <input>
        <net-file value="generator/irregular_grid/net.net.xml"/>
        <route-files value="generator/irregular_grid/routes.rou.xml"/>
    </input>

    <output>
        <save-state.period value="10"/>
        <save-state.suffix value=".xml"/>
    </output>

    <time>
        <begin value="0"/>
        <end value="50000"/>
        <step-length value="0.2"/>
    </time>

    <traci_server>
        <remote-port value="55083"/>
    </traci_server>

    <gui_only>
        <tracker-interval value="0.2"/>
    </gui_only>

</configuration>
-->

<snapshot xmlns:xsi="http://www.w3.org/2001/XMLSchema-instance" xsi:noNamespaceSchemaLocation="http://sumo.dlr.de/xsd/state_file.xsd" version="1.1.0" time="1360.00">
    <route id="!v158" state="0" edges="e5 e8 e6 e2 e12 e13 e14 e15 e16 e17 e18 e19 e20 e21 e33 e39 e40 e46 e45 e47 e44"/>
    <route id="!v158!var#5" state="0" edges="e5 e8 e7 e1 e11 e2 e12 e13 e14 e15 e16 e17 e18 e19 e20 e21 e33 e39 e40 e46 e45 e47 e44"/>
    <route id="!v166" state="0" edges="e5 e9 e12 e27 e23 e25 e26 e29 e32 e31 e30 e33 e48 e45 e47 e44"/>
    <route id="!v166!var#5" state="0" edges="e5 e8 e7 e1 e11 e2 e12 e13 e14 e15 e16 e17 e18 e19 e20 e21 e33 e39 e40 e46 e45 e47 e44"/>
    <route id="!v173" state="0" edges="e5 e9 e12 e13 e14 e15 e16 e17 e18 e19 e20 e21 e33 e39 e38 e49 e43"/>
    <route id="!v173!var#4" state="0" edges="e5 e8 e7 e1 e11 e22 e23 e25 e26 e29 e34 e35 e33 e39 e38 e49 e43"/>
    <route id="!v188" state="0" edges="e5 e9 e12 e27 e23 e25 e26 e29 e32 e31 e30 e33 e48 e45 e47 e44"/>
    <route id="!v188!var#3" state="0" edges="e5 e8 e6 e22 e23 e25 e26 e29 e32 e31 e30 e33 e39 e38 e49 e43"/>
    <route id="!v189" state="0" edges="e5 e9 e12 e13 e14 e15 e16 e17 e18 e19 e20 e21 e33 e48 e45 e47 e44"/>
    <route id="!v189!var#4" state="0" edges="e5 e8 e6 e22 e23 e25 e26 e29 e32 e31 e30 e33 e39 e40 e46 e45 e47 e44"/>
    <route id="!v193" state="0" edges="e5 e9 e12 e13 e14 e15 e16 e17 e18 e19 e20 e21 e33 e48 e45 e47 e44"/>
    <route id="!v193!var#3" state="0" edges="e5 e8 e6 e22 e23 e25 e26 e29 e32 e31 e30 e33 e39 e40 e46 e45 e47 e44"/>
    <route id="!v219" state="0" edges="e5 e9 e12 e27 e23 e25 e26 e29 e37 e49 e43"/>
    <route id="!v219!var#4" state="0" edges="e5 e8 e6 e22 e23 e25 e26 e29 e34 e35 e33 e39 e40 e46 e45 e47 e44"/>
    <route id="!v223" state="0" edges="e5 e8 e6 e22 e28 e29 e34 e36 e40 e41 e44"/>
    <route id="!v223!var#4" state="0" edges="e5 e8 e6 e22 e23 e25 e26 e29 e34 e35 e33 e39 e40 e46 e45 e47 e44"/>
    <route id="!v224" state="0" edges="e5 e8 e6 e2 e12 e13 e14 e15 e16 e17 e18 e19 e20 e21 e33 e39 e40 e41 e44"/>
    <route id="!v224!var#3" state="0" edges="e5 e8 e6 e22 e23 e25 e26 e29 e34 e35 e33 e39 e38 e49 e43"/>
    <route id="!v228" state="0" edges="e5 e9 e12 e13 e14 e15 e16 e17 e18 e19 e20 e21 e33 e48 e45 e47 e44"/>
    <route id="!v228!var#4" state="0" edges="e5 e8 e6 e22 e23 e25 e26 e29 e34 e35 e33 e39 e40 e46 e45 e47 e44"/>
    <route id="!v235" state="0" edges="e5 e9 e12 e13 e14 e15 e16 e17 e18 e19 e20 e21 e33 e39 e38 e49 e43"/>
    <route id="!v235!var#4" state="0" edges="e5 e8 e6 e22 e23 e25 e26 e29 e34 e35 e33 e39 e40 e46 e45 e47 e44"/>
    <route id="!v239" state="0" edges="e5 e9 e12 e27 e23 e25 e26 e29 e37 e49 e42 e41 e44"/>
    <route id="!v239!var#4" state="0" edges="e5 e8 e6 e22 e23 e25 e26 e29 e34 e35 e33 e39 e40 e46 e45 e47 e44"/>
    <route id="!v244" state="0" edges="e5 e8 e7 e1 e24 e29 e34 e35 e33 e48 e45 e47 e44"/>
    <route id="!v244!var#4" state="0" edges="e5 e8 e6 e22 e23 e25 e26 e29 e34 e35 e33 e39 e40 e46 e45 e47 e44"/>
    <route id="!v246" state="0" edges="e5 e8 e7 e1 e24 e29 e37 e49 e42 e41 e44"/>
    <route id="!v246!var#4" state="0" edges="e5 e8 e7 e1 e11 e22 e23 e25 e26 e29 e34 e35 e33 e39 e40 e46 e45 e47 e44"/>
    <route id="!v248" state="0" edges="e5 e9 e12 e27 e23 e25 e26 e29 e32 e31 e30 e33 e39 e38 e49 e42 e41 e44"/>
    <route id="!v248!var#4" state="0" edges="e5 e8 e7 e1 e11 e22 e23 e25 e26 e29 e34 e35 e33 e39 e40 e46 e45 e47 e44"/>
    <route id="!v251" state="0" edges="e5 e9 e12 e13 e14 e15 e16 e17 e18 e19 e20 e21 e33 e48 e45 e47 e44"/>
    <route id="!v251!var#4" state="0" edges="e5 e8 e7 e1 e11 e22 e23 e25 e26 e29 e34 e35 e33 e39 e40 e46 e45 e47 e44"/>
    <route id="!v252" state="0" edges="e5 e8 e6 e2 e12 e27 e23 e25 e26 e29 e32 e31 e30 e33 e39 e40 e46 e45 e47 e44"/>
    <route id="!v252!var#4" state="0" edges="e5 e8 e7 e1 e11 e22 e23 e25 e26 e29 e34 e35 e33 e39 e40 e46 e45 e47 e44"/>
    <route id="!v256" state="0" edges="e5 e9 e12 e13 e14 e15 e16 e17 e18 e19 e20 e21 e33 e39 e40 e46 e45 e47 e44"/>
    <route id="!v256!var#4" state="0" edges="e5 e8 e7 e1 e11 e22 e23 e25 e26 e29 e34 e35 e33 e39 e40 e46 e45 e47 e44"/>
    <route id="!v259" state="0" edges="e5 e8 e6 e2 e12 e27 e28 e29 e34 e36 e40 e41 e44"/>
    <route id="!v259!var#4" state="0" edges="e5 e8 e7 e1 e11 e22 e23 e25 e26 e29 e34 e35 e33 e39 e40 e46 e45 e47 e44"/>
    <route id="!v262" state="0" edges="e5 e9 e12 e13 e14 e15 e16 e17 e18 e19 e20 e21 e33 e48 e45 e47 e44"/>
    <route id="!v262!var#4" state="0" edges="e5 e8 e7 e1 e11 e22 e23 e25 e26 e29 e34 e35 e33 e39 e40 e46 e45 e47 e44"/>
    <route id="!v268" state="0" edges="e5 e8 e6 e2 e12 e13 e14 e15 e16 e17 e18 e19 e20 e21 e33 e39 e38 e49 e42 e41 e44"/>
    <route id="!v268!var#3" state="0" edges="e5 e8 e7 e1 e11 e22 e23 e25 e26 e29 e34 e35 e33 e39 e40 e46 e45 e47 e44"/>
    <route id="!v278" state="0" edges="e5 e8 e7 e1 e24 e29 e37 e49 e42 e46 e45 e47 e44"/>
    <route id="!v278!var#3" state="0" edges="e5 e8 e7 e1 e11 e22 e23 e25 e26 e29 e34 e35 e33 e39 e40 e46 e45 e47 e44"/>
    <route id="!v281" state="0" edges="e5 e8 e7 e1 e24 e29 e37 e49 e42 e41 e44"/>
    <route id="!v281!var#3" state="0" edges="e5 e8 e7 e1 e11 e22 e23 e25 e26 e29 e34 e35 e33 e39 e40 e46 e45 e47 e44"/>
    <route id="!v289" state="0" edges="e5 e8 e6 e22 e28 e29 e32 e31 e30 e33 e48 e45 e47 e44"/>
    <route id="!v289!var#3" state="0" edges="e5 e8 e7 e1 e11 e22 e23 e25 e26 e29 e34 e35 e33 e39 e40 e46 e45 e47 e44"/>
    <route id="!v290" state="0" edges="e5 e9 e12 e13 e14 e15 e16 e17 e18 e19 e20 e21 e33 e48 e45 e47 e44"/>
    <route id="!v290!var#3" state="0" edges="e5 e8 e7 e1 e11 e22 e23 e25 e26 e29 e34 e35 e33 e39 e40 e46 e45 e47 e44"/>
    <route id="!v292" state="0" edges="e5 e9 e12 e13 e14 e15 e16 e17 e18 e19 e20 e21 e33 e39 e38 e49 e42 e46 e45 e47 e44"/>
    <route id="!v292!var#3" state="0" edges="e5 e8 e7 e1 e11 e22 e23 e25 e26 e29 e34 e35 e33 e39 e40 e46 e45 e47 e44"/>
    <route id="!v299" state="0" edges="e5 e8 e6 e22 e28 e29 e37 e49 e43"/>
    <route id="!v299!var#4" state="0" edges="e5 e8 e7 e1 e11 e22 e23 e25 e26 e29 e34 e36 e40 e46 e45 e47 e44"/>
    <route id="!v300" state="0" edges="e5 e9 e12 e13 e14 e15 e16 e17 e18 e19 e20 e21 e33 e48 e45 e47 e44"/>
    <route id="!v300!var#4" state="0" edges="e5 e8 e7 e1 e11 e22 e23 e25 e26 e29 e34 e36 e40 e46 e45 e47 e44"/>
    <route id="!v303" state="0" edges="e5 e9 e12 e13 e14 e15 e16 e17 e18 e19 e20 e21 e33 e48 e45 e47 e44"/>
    <route id="!v303!var#4" state="0" edges="e5 e8 e7 e1 e11 e22 e23 e25 e26 e29 e34 e36 e40 e46 e45 e47 e44"/>
    <route id="!v347" state="0" edges="e5 e9 e12 e27 e28 e29 e32 e31 e30 e33 e39 e38 e49 e42 e41 e44"/>
    <route id="!v347!var#3" state="0" edges="e5 e8 e7 e1 e11 e22 e23 e25 e26 e29 e37 e49 e43"/>
    <route id="!v354" state="0" edges="e5 e9 e12 e27 e23 e25 e26 e29 e34 e36 e38 e49 e43"/>
    <route id="!v354!var#3" state="0" edges="e5 e8 e7 e1 e11 e22 e23 e25 e26 e29 e37 e49 e43"/>
    <route id="!v359" state="0" edges="e5 e8 e6 e22 e28 e29 e34 e36 e38 e49 e43"/>
    <route id="!v359!var#3" state="0" edges="e5 e8 e7 e1 e11 e22 e23 e25 e26 e29 e37 e49 e43"/>
    <route id="!v361" state="0" edges="e5 e8 e6 e22 e23 e25 e26 e29 e34 e36 e38 e49 e43"/>
    <route id="!v361!var#3" state="0" edges="e5 e8 e7 e1 e11 e22 e23 e25 e26 e29 e37 e49 e43"/>
    <route id="!v363" state="0" edges="e5 e9 e12 e13 e14 e15 e16 e17 e18 e19 e20 e21 e33 e39 e38 e49 e42 e46 e45 e47 e44"/>
    <route id="!v363!var#3" state="0" edges="e5 e8 e7 e1 e11 e22 e23 e25 e26 e29 e37 e49 e43"/>
    <route id="!v364" state="0" edges="e5 e9 e12 e27 e28 e29 e34 e35 e33 e48 e45 e47 e44"/>
    <route id="!v364!var#3" state="0" edges="e5 e8 e7 e1 e11 e22 e23 e25 e26 e29 e37 e49 e43"/>
    <route id="!v367" state="0" edges="e5 e9 e12 e27 e23 e25 e26 e29 e34 e35 e33 e39 e38 e49 e43"/>
    <route id="!v367!var#3" state="0" edges="e5 e8 e7 e1 e11 e22 e23 e25 e26 e29 e37 e49 e43"/>
    <route id="!v371" state="0" edges="e5 e8 e6 e2 e12 e27 e23 e25 e26 e29 e34 e35 e33 e48 e45 e47 e44"/>
    <route id="!v371!var#3" state="0" edges="e5 e8 e7 e1 e11 e22 e23 e25 e26 e29 e37 e49 e43"/>
    <route id="!v378" state="0" edges="e5 e8 e6 e22 e23 e25 e26 e29 e32 e31 e30 e33 e39 e38 e49 e43"/>
    <route id="!v378!var#2" state="0" edges="e5 e8 e7 e1 e11 e22 e23 e25 e26 e29 e37 e49 e43"/>
    <route id="!v380" state="0" edges="e5 e8 e7 e1 e11 e22 e23 e25 e26 e29 e34 e36 e38 e49 e43"/>
    <route id="!v380!var#2" state="0" edges="e5 e8 e7 e1 e11 e22 e23 e25 e26 e29 e37 e49 e43"/>
    <route id="!v386" state="0" edges="e5 e9 e12 e13 e14 e15 e16 e17 e18 e19 e20 e21 e33 e48 e45 e47 e44"/>
    <route id="!v386!var#2" state="0" edges="e5 e8 e7 e1 e11 e22 e23 e25 e26 e29 e37 e49 e43"/>
    <route id="!v390" state="0" edges="e5 e8 e7 e1 e11 e22 e28 e29 e37 e49 e43"/>
    <route id="!v390!var#2" state="0" edges="e5 e8 e7 e1 e11 e22 e23 e25 e26 e29 e37 e49 e43"/>
    <route id="!v396" state="0" edges="e5 e9 e12 e27 e23 e25 e26 e29 e37 e49 e42 e41 e44"/>
    <route id="!v396!var#2" state="0" edges="e5 e8 e7 e1 e11 e22 e23 e25 e26 e29 e37 e49 e43"/>
    <route id="!v401" state="0" edges="e5 e9 e12 e13 e14 e15 e16 e17 e18 e19 e20 e21 e33 e39 e38 e49 e43"/>
    <route id="!v401!var#2" state="0" edges="e5 e8 e7 e1 e11 e22 e23 e25 e26 e29 e37 e49 e43"/>
    <route id="!v403" state="0" edges="e5 e9 e12 e13 e14 e15 e16 e17 e18 e19 e20 e21 e33 e48 e45 e47 e44"/>
    <route id="!v403!var#2" state="0" edges="e5 e8 e7 e1 e11 e22 e23 e25 e26 e29 e37 e49 e43"/>
    <route id="!v411" state="0" edges="e5 e9 e12 e27 e28 e29 e32 e31 e30 e33 e48 e45 e47 e44"/>
    <route id="!v411!var#2" state="0" edges="e5 e8 e7 e1 e11 e22 e23 e25 e26 e29 e37 e49 e43"/>
    <route id="!v413" state="0" edges="e5 e8 e6 e2 e12 e27 e28 e29 e34 e36 e38 e49 e42 e46 e45 e47 e44"/>
    <route id="!v413!var#2" state="0" edges="e5 e8 e7 e1 e11 e22 e23 e25 e26 e29 e37 e49 e43"/>
    <route id="!v414" state="0" edges="e5 e8 e7 e1 e11 e2 e12 e13 e14 e15 e16 e17 e18 e19 e20 e21 e33 e39 e38 e49 e42 e41 e44"/>
    <route id="!v414!var#2" state="0" edges="e5 e8 e7 e1 e11 e22 e23 e25 e26 e29 e37 e49 e43"/>
    <route id="!v417" state="0" edges="e5 e8 e7 e1 e24 e29 e37 e49 e43"/>
    <route id="!v417!var#2" state="0" edges="e5 e8 e7 e1 e11 e22 e23 e25 e26 e29 e37 e49 e43"/>
    <route id="!v418" state="0" edges="e5 e9 e12 e13 e14 e15 e16 e17 e18 e19 e20 e21 e33 e48 e45 e47 e44"/>
    <route id="!v418!var#2" state="0" edges="e5 e8 e7 e1 e11 e22 e23 e25 e26 e29 e37 e49 e43"/>
    <route id="!v419" state="0" edges="e5 e9 e12 e13 e14 e15 e16 e17 e18 e19 e20 e21 e33 e48 e45 e47 e44"/>
    <route id="!v419!var#2" state="0" edges="e5 e8 e7 e1 e11 e22 e23 e25 e26 e29 e37 e49 e43"/>
    <route id="!v425" state="0" edges="e5 e8 e7 e1 e11 e2 e12 e27 e28 e29 e32 e31 e30 e33 e39 e40 e41 e44"/>
    <route id="!v425!var#2" state="0" edges="e5 e8 e7 e1 e11 e22 e23 e25 e26 e29 e37 e49 e43"/>
    <route id="!v428" state="0" edges="e5 e9 e12 e13 e14 e15 e16 e17 e18 e19 e20 e21 e33 e39 e40 e46 e45 e47 e44"/>
    <route id="!v428!var#2" state="0" edges="e5 e8 e7 e1 e11 e22 e23 e25 e26 e29 e37 e49 e43"/>
    <route id="!v433" state="0" edges="e5 e9 e12 e13 e14 e15 e16 e17 e18 e19 e20 e21 e33 e48 e45 e47 e44"/>
    <route id="!v433!var#2" state="0" edges="e5 e8 e7 e1 e11 e22 e23 e25 e26 e29 e37 e49 e43"/>
    <route id="!v436" state="0" edges="e5 e8 e6 e22 e28 e29 e37 e49 e42 e46 e45 e47 e44"/>
    <route id="!v436!var#2" state="0" edges="e5 e8 e7 e1 e11 e22 e23 e25 e26 e29 e37 e49 e43"/>
    <route id="!v441" state="0" edges="e5 e9 e12 e13 e14 e15 e16 e17 e18 e19 e20 e21 e33 e39 e40 e41 e44"/>
    <route id="!v441!var#2" state="0" edges="e5 e8 e7 e1 e11 e22 e23 e25 e26 e29 e37 e49 e43"/>
    <route id="!v443" state="0" edges="e5 e9 e12 e13 e14 e15 e16 e17 e18 e19 e20 e21 e33 e48 e45 e47 e44"/>
    <route id="!v443!var#2" state="0" edges="e5 e8 e7 e1 e11 e22 e23 e25 e26 e29 e37 e49 e43"/>
    <route id="!v444" state="0" edges="e5 e9 e12 e27 e28 e29 e37 e49 e42 e41 e44"/>
    <route id="!v444!var#2" state="0" edges="e5 e8 e7 e1 e11 e22 e23 e25 e26 e29 e37 e49 e43"/>
    <route id="!v445" state="0" edges="e5 e8 e6 e2 e12 e27 e23 e25 e26 e29 e32 e31 e30 e33 e48 e45 e47 e44"/>
    <route id="!v445!var#2" state="0" edges="e5 e8 e7 e1 e11 e22 e23 e25 e26 e29 e37 e49 e43"/>
    <route id="!v449" state="0" edges="e5 e9 e12 e13 e14 e15 e16 e17 e18 e19 e20 e21 e33 e48 e45 e47 e44"/>
    <route id="!v449!var#2" state="0" edges="e5 e8 e7 e1 e11 e22 e23 e25 e26 e29 e37 e49 e43"/>
    <route id="!v451" state="0" edges="e5 e8 e6 e2 e12 e27 e23 e25 e26 e29 e32 e31 e30 e33 e39 e38 e49 e43"/>
    <route id="!v451!var#2" state="0" edges="e5 e8 e7 e1 e11 e22 e23 e25 e26 e29 e37 e49 e43"/>
    <route id="!v458" state="0" edges="e5 e9 e12 e13 e14 e15 e16 e17 e18 e19 e20 e21 e33 e48 e45 e47 e44"/>
    <route id="!v458!var#2" state="0" edges="e5 e8 e7 e1 e11 e22 e23 e25 e26 e29 e37 e49 e43"/>
    <route id="!v459" state="0" edges="e5 e8 e7 e1 e11 e22 e23 e25 e26 e29 e34 e36 e40 e41 e44"/>
    <route id="!v459!var#2" state="0" edges="e5 e8 e7 e1 e11 e22 e23 e25 e26 e29 e37 e49 e43"/>
    <route id="!v464" state="0" edges="e5 e9 e12 e27 e23 e25 e26 e29 e37 e49 e43"/>
    <route id="!v464!var#2" state="0" edges="e5 e8 e7 e1 e11 e22 e23 e25 e26 e29 e37 e49 e43"/>
    <route id="!v471" state="0" edges="e5 e8 e7 e1 e11 e2 e12 e27 e28 e29 e37 e49 e42 e46 e45 e47 e44"/>
    <route id="!v471!var#2" state="0" edges="e5 e8 e7 e1 e11 e22 e23 e25 e26 e29 e37 e49 e43"/>
    <route id="!v484" state="0" edges="e5 e9 e12 e27 e23 e25 e26 e29 e37 e49 e43"/>
    <route id="!v484!var#2" state="0" edges="e5 e8 e7 e1 e11 e22 e23 e25 e26 e29 e37 e49 e43"/>
    <route id="!v488" state="0" edges="e5 e8 e7 e1 e24 e29 e34 e36 e40 e46 e45 e47 e44"/>
    <route id="!v488!var#2" state="0" edges="e5 e8 e7 e1 e11 e22 e23 e25 e26 e29 e37 e49 e43"/>
    <route id="!v492" state="0" edges="e5 e8 e6 e2 e12 e27 e28 e29 e34 e35 e33 e48 e45 e47 e44"/>
    <route id="!v492!var#2" state="0" edges="e5 e8 e7 e1 e11 e22 e23 e25 e26 e29 e37 e49 e43"/>
    <route id="!v495" state="0" edges="e5 e9 e12 e13 e14 e15 e16 e17 e18 e19 e20 e21 e33 e48 e45 e47 e44"/>
    <route id="!v495!var#2" state="0" edges="e5 e8 e7 e1 e11 e22 e23 e25 e26 e29 e37 e49 e43"/>
    <route id="!v497" state="0" edges="e5 e9 e12 e27 e28 e29 e34 e36 e38 e49 e42 e41 e44"/>
    <route id="!v497!var#2" state="0" edges="e5 e8 e7 e1 e11 e22 e23 e25 e26 e29 e37 e49 e43"/>
    <route id="!v506" state="0" edges="e5 e9 e12 e13 e14 e15 e16 e17 e18 e19 e20 e21 e33 e48 e45 e47 e44"/>
    <route id="!v506!var#2" state="0" edges="e5 e8 e7 e1 e11 e22 e23 e25 e26 e29 e37 e49 e43"/>
    <route id="!v507" state="0" edges="e5 e8 e7 e1 e11 e22 e28 e29 e37 e49 e42 e41 e44"/>
    <route id="!v507!var#2" state="0" edges="e5 e8 e7 e1 e11 e22 e23 e25 e26 e29 e37 e49 e43"/>
    <route id="!v512" state="0" edges="e5 e9 e12 e13 e14 e15 e16 e17 e18 e19 e20 e21 e33 e39 e38 e49 e42 e46 e45 e47 e44"/>
    <route id="!v512!var#2" state="0" edges="e5 e8 e7 e1 e11 e22 e23 e25 e26 e29 e37 e49 e43"/>
    <route id="!v514" state="0" edges="e5 e8 e7 e1 e11 e22 e28 e29 e37 e49 e42 e46 e45 e47 e44"/>
    <route id="!v514!var#2" state="0" edges="e5 e8 e7 e1 e11 e22 e23 e25 e26 e29 e37 e49 e43"/>
    <route id="!v518" state="0" edges="e5 e8 e7 e1 e11 e22 e28 e29 e32 e31 e30 e33 e39 e40 e46 e45 e47 e44"/>
    <route id="!v518!var#1" state="0" edges="e5 e8 e7 e1 e11 e22 e23 e25 e26 e29 e37 e49 e43"/>
    <route id="!v521" state="0" edges="e5 e8 e6 e22 e28 e29 e37 e49 e43"/>
    <route id="!v521!var#1" state="0" edges="e5 e8 e7 e1 e11 e22 e23 e25 e26 e29 e37 e49 e43"/>
    <route id="!v522" state="0" edges="e5 e9 e12 e27 e23 e25 e26 e29 e37 e49 e42 e46 e45 e47 e44"/>
    <route id="!v522!var#1" state="0" edges="e5 e8 e7 e1 e11 e22 e23 e25 e26 e29 e37 e49 e43"/>
    <route id="!v525" state="0" edges="e5 e8 e7 e1 e11 e2 e12 e13 e14 e15 e16 e17 e18 e19 e20 e21 e33 e48 e45 e47 e44"/>
    <route id="!v525!var#1" state="0" edges="e5 e8 e7 e1 e11 e22 e23 e25 e26 e29 e37 e49 e43"/>
    <route id="!v528" state="0" edges="e5 e9 e12 e27 e23 e25 e26 e29 e32 e31 e30 e33 e39 e40 e46 e45 e47 e44"/>
    <route id="!v528!var#1" state="0" edges="e5 e8 e7 e1 e11 e22 e23 e25 e26 e29 e37 e49 e43"/>
    <route id="!v531" state="0" edges="e5 e9 e12 e27 e28 e29 e34 e35 e33 e48 e45 e47 e44"/>
    <route id="!v531!var#1" state="0" edges="e5 e8 e7 e1 e11 e22 e23 e25 e26 e29 e37 e49 e43"/>
    <route id="!v534" state="0" edges="e5 e9 e12 e27 e23 e25 e26 e29 e34 e36 e40 e41 e44"/>
    <route id="!v534!var#1" state="0" edges="e5 e8 e7 e1 e11 e22 e23 e25 e26 e29 e37 e49 e43"/>
    <route id="!v535" state="0" edges="e5 e9 e12 e13 e14 e15 e16 e17 e18 e19 e20 e21 e33 e48 e45 e47 e44"/>
    <route id="!v535!var#1" state="0" edges="e5 e8 e7 e1 e11 e22 e23 e25 e26 e29 e37 e49 e43"/>
    <route id="!v540" state="0" edges="e5 e8 e6 e22 e23 e25 e26 e29 e34 e35 e33 e39 e40 e41 e44"/>
    <route id="!v540!var#1" state="0" edges="e5 e8 e7 e1 e11 e22 e23 e25 e26 e29 e37 e49 e43"/>
    <route id="!v542" state="0" edges="e5 e8 e7 e1 e11 e22 e28 e29 e37 e49 e42 e41 e44"/>
    <route id="!v542!var#1" state="0" edges="e5 e8 e7 e1 e11 e22 e23 e25 e26 e29 e37 e49 e43"/>
    <route id="!v543" state="0" edges="e5 e8 e6 e22 e23 e25 e26 e29 e32 e31 e30 e33 e39 e38 e49 e43"/>
    <route id="!v543!var#1" state="0" edges="e5 e8 e7 e1 e11 e22 e23 e25 e26 e29 e37 e49 e43"/>
    <route id="!v557" state="0" edges="e5 e9 e12 e13 e14 e15 e16 e17 e18 e19 e20 e21 e33 e39 e38 e49 e43"/>
    <route id="!v557!var#1" state="0" edges="e5 e8 e7 e1 e11 e22 e23 e25 e26 e29 e37 e49 e43"/>
    <route id="!v559" state="0" edges="e5 e9 e12 e13 e14 e15 e16 e17 e18 e19 e20 e21 e33 e48 e45 e47 e44"/>
    <route id="!v559!var#1" state="0" edges="e5 e8 e7 e1 e11 e22 e23 e25 e26 e29 e37 e49 e43"/>
    <route id="!v560" state="0" edges="e5 e9 e12 e13 e14 e15 e16 e17 e18 e19 e20 e21 e33 e48 e45 e47 e44"/>
    <route id="!v560!var#1" state="0" edges="e5 e8 e7 e1 e11 e22 e23 e25 e26 e29 e37 e49 e43"/>
    <route id="!v561" state="0" edges="e5 e9 e12 e27 e23 e25 e26 e29 e37 e49 e43"/>
    <route id="!v561!var#1" state="0" edges="e5 e8 e7 e1 e11 e22 e23 e25 e26 e29 e37 e49 e43"/>
    <route id="!v563" state="0" edges="e5 e8 e7 e1 e24 e29 e32 e31 e30 e33 e39 e38 e49 e43"/>
    <route id="!v563!var#1" state="0" edges="e5 e8 e7 e1 e11 e22 e23 e25 e26 e29 e37 e49 e43"/>
    <route id="!v564" state="0" edges="e5 e9 e12 e13 e14 e15 e16 e17 e18 e19 e20 e21 e33 e39 e40 e46 e45 e47 e44"/>
    <route id="!v564!var#1" state="0" edges="e5 e8 e7 e1 e11 e22 e23 e25 e26 e29 e37 e49 e43"/>
    <route id="!v567" state="0" edges="e5 e8 e7 e1 e24 e29 e34 e36 e38 e49 e43"/>
    <route id="!v567!var#1" state="0" edges="e5 e8 e7 e1 e11 e22 e23 e25 e26 e29 e37 e49 e43"/>
    <route id="!v569" state="0" edges="e5 e9 e12 e13 e14 e15 e16 e17 e18 e19 e20 e21 e33 e39 e38 e49 e43"/>
    <route id="!v569!var#1" state="0" edges="e5 e8 e7 e1 e11 e22 e23 e25 e26 e29 e37 e49 e43"/>
    <route id="!v574" state="0" edges="e5 e9 e12 e27 e23 e25 e26 e29 e37 e49 e42 e46 e45 e47 e44"/>
    <route id="!v574!var#1" state="0" edges="e5 e8 e7 e1 e11 e22 e23 e25 e26 e29 e37 e49 e43"/>
    <route id="!v577" state="0" edges="e5 e9 e12 e27 e28 e29 e32 e31 e30 e33 e39 e38 e49 e43"/>
    <route id="!v577!var#1" state="0" edges="e5 e8 e7 e1 e11 e22 e23 e25 e26 e29 e37 e49 e43"/>
    <route id="!v579" state="0" edges="e5 e8 e6 e22 e23 e25 e26 e29 e34 e36 e40 e41 e44"/>
    <route id="!v579!var#1" state="0" edges="e5 e8 e7 e1 e11 e22 e23 e25 e26 e29 e37 e49 e43"/>
    <route id="!v580" state="0" edges="e5 e9 e12 e13 e14 e15 e16 e17 e18 e19 e20 e21 e33 e39 e40 e46 e45 e47 e44"/>
    <route id="!v580!var#1" state="0" edges="e5 e8 e7 e1 e11 e22 e23 e25 e26 e29 e37 e49 e43"/>
    <route id="!v586" state="0" edges="e5 e9 e12 e13 e14 e15 e16 e17 e18 e19 e20 e21 e33 e48 e45 e47 e44"/>
    <route id="!v586!var#1" state="0" edges="e5 e8 e7 e1 e11 e22 e23 e25 e26 e29 e37 e49 e43"/>
    <route id="!v588" state="0" edges="e5 e8 e6 e22 e23 e25 e26 e29 e34 e35 e33 e39 e38 e49 e43"/>
    <route id="!v588!var#1" state="0" edges="e5 e8 e7 e1 e11 e22 e23 e25 e26 e29 e37 e49 e43"/>
    <route id="!v591" state="0" edges="e5 e8 e7 e1 e11 e2 e12 e13 e14 e15 e16 e17 e18 e19 e20 e21 e33 e48 e45 e47 e44"/>
    <route id="!v591!var#1" state="0" edges="e5 e8 e7 e1 e11 e22 e23 e25 e26 e29 e37 e49 e43"/>
    <route id="!v592" state="0" edges="e5 e8 e6 e2 e12 e13 e14 e15 e16 e17 e18 e19 e20 e21 e33 e48 e45 e47 e44"/>
    <route id="!v592!var#1" state="0" edges="e5 e8 e7 e1 e11 e22 e23 e25 e26 e29 e37 e49 e43"/>
    <route id="!v595" state="0" edges="e5 e8 e7 e1 e11 e2 e12 e13 e14 e15 e16 e17 e18 e19 e20 e21 e33 e48 e45 e47 e44"/>
    <route id="!v595!var#1" state="0" edges="e5 e8 e7 e1 e11 e22 e23 e25 e26 e29 e37 e49 e43"/>
    <route id="!v596" state="0" edges="e5 e9 e12 e13 e14 e15 e16 e17 e18 e19 e20 e21 e33 e39 e38 e49 e43"/>
    <route id="!v596!var#1" state="0" edges="e5 e8 e7 e1 e11 e22 e23 e25 e26 e29 e37 e49 e43"/>
    <route id="!v597" state="0" edges="e5 e8 e6 e2 e12 e27 e28 e29 e34 e36 e38 e49 e42 e41 e44"/>
    <route id="!v597!var#1" state="0" edges="e5 e8 e7 e1 e11 e22 e23 e25 e26 e29 e37 e49 e43"/>
    <route id="!v605" state="0" edges="e5 e8 e7 e1 e11 e22 e23 e25 e26 e29 e32 e31 e30 e33 e39 e38 e49 e43"/>
    <route id="!v605!var#1" state="0" edges="e5 e8 e7 e1 e11 e22 e23 e25 e26 e29 e37 e49 e43"/>
    <route id="!v606" state="0" edges="e5 e9 e12 e27 e28 e29 e34 e35 e33 e48 e45 e47 e44"/>
    <route id="!v606!var#1" state="0" edges="e5 e8 e7 e1 e11 e22 e23 e25 e26 e29 e37 e49 e43"/>
    <route id="!v609" state="0" edges="e5 e9 e12 e27 e23 e25 e26 e29 e32 e31 e30 e33 e39 e40 e46 e45 e47 e44"/>
    <route id="!v609!var#1" state="0" edges="e5 e8 e7 e1 e11 e22 e23 e25 e26 e29 e37 e49 e43"/>
    <route id="!v610" state="0" edges="e5 e8 e7 e1 e24 e29 e32 e31 e30 e33 e39 e40 e46 e45 e47 e44"/>
    <route id="!v610!var#1" state="0" edges="e5 e8 e7 e1 e11 e22 e23 e25 e26 e29 e37 e49 e43"/>
    <route id="!v611" state="0" edges="e5 e8 e6 e2 e12 e13 e14 e15 e16 e17 e18 e19 e20 e21 e33 e39 e40 e41 e44"/>
    <route id="!v611!var#1" state="0" edges="e5 e8 e7 e1 e11 e22 e23 e25 e26 e29 e37 e49 e43"/>
    <route id="!v615" state="0" edges="e5 e9 e12 e13 e14 e15 e16 e17 e18 e19 e20 e21 e33 e48 e45 e47 e44"/>
    <route id="!v615!var#1" state="0" edges="e5 e8 e7 e1 e11 e22 e23 e25 e26 e29 e37 e49 e43"/>
    <route id="!v620" state="0" edges="e5 e9 e12 e13 e14 e15 e16 e17 e18 e19 e20 e21 e33 e48 e45 e47 e44"/>
    <route id="!v620!var#1" state="0" edges="e5 e8 e7 e1 e11 e22 e23 e25 e26 e29 e37 e49 e43"/>
    <route id="!v627" state="0" edges="e5 e9 e12 e13 e14 e15 e16 e17 e18 e19 e20 e21 e33 e39 e40 e41 e44"/>
    <route id="!v627!var#1" state="0" edges="e5 e8 e7 e1 e11 e22 e23 e25 e26 e29 e37 e49 e43"/>
    <route id="!v632" state="0" edges="e5 e8 e6 e2 e12 e27 e23 e25 e26 e29 e34 e35 e33 e39 e40 e46 e45 e47 e44"/>
    <route id="!v632!var#1" state="0" edges="e5 e8 e7 e1 e11 e22 e23 e25 e26 e29 e37 e49 e43"/>
    <route id="!v635" state="0" edges="e5 e9 e12 e13 e14 e15 e16 e17 e18 e19 e20 e21 e33 e48 e45 e47 e44"/>
    <route id="!v636" state="0" edges="e5 e9 e12 e13 e14 e15 e16 e17 e18 e19 e20 e21 e33 e48 e45 e47 e44"/>
    <route id="!v639" state="0" edges="e5 e8 e7 e1 e11 e2 e12 e13 e14 e15 e16 e17 e18 e19 e20 e21 e33 e48 e45 e47 e44"/>
    <route id="!v645" state="0" edges="e5 e9 e12 e13 e14 e15 e16 e17 e18 e19 e20 e21 e33 e48 e45 e47 e44"/>
    <route id="!v648" state="0" edges="e5 e9 e12 e13 e14 e15 e16 e17 e18 e19 e20 e21 e33 e39 e40 e41 e44"/>
    <route id="!v650" state="0" edges="e5 e9 e12 e13 e14 e15 e16 e17 e18 e19 e20 e21 e33 e39 e38 e49 e43"/>
    <route id="!v655" state="0" edges="e5 e8 e7 e1 e11 e2 e12 e13 e14 e15 e16 e17 e18 e19 e20 e21 e33 e48 e45 e47 e44"/>
    <route id="!v656" state="0" edges="e5 e8 e6 e22 e28 e29 e37 e49 e42 e46 e45 e47 e44"/>
    <route id="!v662" state="0" edges="e5 e9 e12 e13 e14 e15 e16 e17 e18 e19 e20 e21 e33 e48 e45 e47 e44"/>
    <route id="!v668" state="0" edges="e5 e8 e6 e22 e28 e29 e37 e49 e43"/>
    <route id="!v669" state="0" edges="e5 e8 e6 e22 e28 e29 e34 e35 e33 e39 e38 e49 e42 e41 e44"/>
    <route id="!v671" state="0" edges="e5 e8 e7 e1 e11 e2 e12 e27 e23 e25 e26 e29 e32 e31 e30 e33 e48 e45 e47 e44"/>
    <route id="!v672" state="0" edges="e5 e9 e12 e27 e28 e29 e32 e31 e30 e33 e48 e45 e47 e44"/>
    <route id="!v674" state="0" edges="e5 e9 e12 e27 e23 e25 e26 e29 e34 e36 e38 e49 e43"/>
    <route id="!v676" state="0" edges="e5 e9 e12 e13 e14 e15 e16 e17 e18 e19 e20 e21 e33 e48 e45 e47 e44"/>
    <route id="!v679" state="0" edges="e5 e8 e7 e1 e24 e29 e37 e49 e42 e46 e45 e47 e44"/>
    <route id="!v681" state="0" edges="e5 e9 e12 e13 e14 e15 e16 e17 e18 e19 e20 e21 e33 e48 e45 e47 e44"/>
    <route id="!v682" state="0" edges="e5 e9 e12 e13 e14 e15 e16 e17 e18 e19 e20 e21 e33 e39 e38 e49 e43"/>
    <route id="!v686" state="0" edges="e5 e9 e12 e27 e23 e25 e26 e29 e32 e31 e30 e33 e39 e38 e49 e42 e46 e45 e47 e44"/>
    <route id="!v688" state="0" edges="e5 e9 e12 e27 e23 e25 e26 e29 e37 e49 e42 e41 e44"/>
    <route id="!v689" state="0" edges="e5 e8 e6 e2 e12 e27 e28 e29 e34 e36 e38 e49 e43"/>
    <route id="!v691" state="0" edges="e5 e9 e12 e27 e28 e29 e32 e31 e30 e33 e39 e40 e46 e45 e47 e44"/>
    <route id="!v693" state="0" edges="e5 e9 e12 e27 e28 e29 e37 e49 e43"/>
    <route id="!v694" state="0" edges="e5 e8 e6 e22 e28 e29 e37 e49 e42 e46 e45 e47 e44"/>
    <route id="!v696" state="0" edges="e5 e8 e6 e2 e12 e13 e14 e15 e16 e17 e18 e19 e20 e21 e33 e48 e45 e47 e44"/>
    <route id="!v697" state="0" edges="e5 e9 e12 e13 e14 e15 e16 e17 e18 e19 e20 e21 e33 e48 e45 e47 e44"/>
    <route id="!v701" state="0" edges="e5 e8 e6 e2 e12 e13 e14 e15 e16 e17 e18 e19 e20 e21 e33 e48 e45 e47 e44"/>
    <route id="!v712" state="0" edges="e5 e9 e12 e13 e14 e15 e16 e17 e18 e19 e20 e21 e33 e39 e38 e49 e43"/>
    <route id="!v714" state="0" edges="e5 e9 e12 e27 e23 e25 e26 e29 e34 e36 e40 e46 e45 e47 e44"/>
    <route id="!v715" state="0" edges="e5 e9 e12 e27 e28 e29 e37 e49 e42 e46 e45 e47 e44"/>
    <route id="!v716" state="0" edges="e5 e9 e12 e27 e23 e25 e26 e29 e37 e49 e43"/>
    <route id="!v717" state="0" edges="e5 e9 e12 e27 e23 e25 e26 e29 e37 e49 e42 e46 e45 e47 e44"/>
    <route id="!v720" state="0" edges="e5 e9 e12 e27 e23 e25 e26 e29 e37 e49 e42 e46 e45 e47 e44"/>
    <route id="!v721" state="0" edges="e5 e8 e7 e1 e24 e29 e34 e36 e40 e41 e44"/>
    <route id="!v723" state="0" edges="e5 e9 e12 e27 e23 e25 e26 e29 e32 e31 e30 e33 e48 e45 e47 e44"/>
    <route id="!v724" state="0" edges="e5 e9 e12 e27 e23 e25 e26 e29 e32 e31 e30 e33 e39 e38 e49 e42 e41 e44"/>
    <route id="!v728" state="0" edges="e5 e9 e12 e13 e14 e15 e16 e17 e18 e19 e20 e21 e33 e39 e38 e49 e42 e46 e45 e47 e44"/>
    <route id="!v730" state="0" edges="e5 e9 e12 e13 e14 e15 e16 e17 e18 e19 e20 e21 e33 e48 e45 e47 e44"/>
    <route id="!v731" state="0" edges="e5 e8 e7 e1 e24 e29 e34 e35 e33 e48 e45 e47 e44"/>
    <route id="!v733" state="0" edges="e5 e8 e7 e1 e11 e22 e28 e29 e34 e36 e38 e49 e42 e41 e44"/>
    <route id="!v734" state="0" edges="e5 e9 e12 e27 e23 e25 e26 e29 e34 e36 e38 e49 e43"/>
    <route id="!v738" state="0" edges="e5 e8 e7 e1 e11 e2 e12 e13 e14 e15 e16 e17 e18 e19 e20 e21 e33 e48 e45 e47 e44"/>
    <route id="!v739" state="0" edges="e5 e8 e6 e22 e23 e25 e26 e29 e32 e31 e30 e33 e48 e45 e47 e44"/>
    <route id="!v740" state="0" edges="e5 e9 e12 e27 e23 e25 e26 e29 e32 e31 e30 e33 e48 e45 e47 e44"/>
    <route id="!v741" state="0" edges="e5 e8 e7 e1 e24 e29 e34 e36 e38 e49 e43"/>
    <route id="!v746" state="0" edges="e5 e8 e6 e22 e28 e29 e32 e31 e30 e33 e48 e45 e47 e44"/>
    <route id="!v749" state="0" edges="e5 e9 e12 e13 e14 e15 e16 e17 e18 e19 e20 e21 e33 e48 e45 e47 e44"/>
    <route id="!v750" state="0" edges="e5 e8 e6 e22 e23 e25 e26 e29 e32 e31 e30 e33 e39 e40 e46 e45 e47 e44"/>
    <route id="!v752" state="0" edges="e5 e8 e6 e2 e12 e27 e28 e29 e32 e31 e30 e33 e48 e45 e47 e44"/>
    <route id="!v753" state="0" edges="e5 e8 e6 e2 e12 e13 e14 e15 e16 e17 e18 e19 e20 e21 e33 e39 e40 e41 e44"/>
    <route id="!v763" state="0" edges="e5 e9 e12 e13 e14 e15 e16 e17 e18 e19 e20 e21 e33 e48 e45 e47 e44"/>
    <route id="!v767" state="0" edges="e5 e8 e7 e1 e24 e29 e37 e49 e43"/>
    <route id="!v773" state="0" edges="e5 e8 e6 e22 e23 e25 e26 e29 e32 e31 e30 e33 e48 e45 e47 e44"/>
    <route id="!v775" state="0" edges="e5 e8 e7 e1 e11 e2 e12 e27 e28 e29 e34 e36 e38 e49 e42 e46 e45 e47 e44"/>
    <route id="!v780" state="0" edges="e5 e8 e7 e1 e11 e22 e23 e25 e26 e29 e34 e36 e40 e46 e45 e47 e44"/>
    <route id="!v781" state="0" edges="e5 e9 e12 e13 e14 e15 e16 e17 e18 e19 e20 e21 e33 e48 e45 e47 e44"/>
    <route id="!v782" state="0" edges="e5 e9 e12 e27 e28 e29 e34 e36 e40 e46 e45 e47 e44"/>
    <route id="!v785" state="0" edges="e5 e9 e12 e27 e23 e25 e26 e29 e37 e49 e42 e41 e44"/>
    <route id="!v788" state="0" edges="e5 e9 e12 e13 e14 e15 e16 e17 e18 e19 e20 e21 e33 e48 e45 e47 e44"/>
    <route id="!v792" state="0" edges="e5 e8 e7 e1 e24 e29 e32 e31 e30 e33 e39 e38 e49 e43"/>
    <route id="!v811" state="0" edges="e5 e9 e12 e27 e23 e25 e26 e29 e34 e35 e33 e48 e45 e47 e44"/>
    <route id="!v814" state="0" edges="e5 e8 e6 e2 e12 e27 e28 e29 e37 e49 e43"/>
    <route id="!v817" state="0" edges="e5 e8 e7 e1 e24 e29 e32 e31 e30 e33 e39 e40 e46 e45 e47 e44"/>
    <route id="!v821" state="0" edges="e5 e9 e12 e13 e14 e15 e16 e17 e18 e19 e20 e21 e33 e39 e38 e49 e42 e46 e45 e47 e44"/>
    <route id="!v822" state="0" edges="e5 e9 e12 e13 e14 e15 e16 e17 e18 e19 e20 e21 e33 e39 e40 e46 e45 e47 e44"/>
    <route id="!v823" state="0" edges="e5 e9 e12 e27 e28 e29 e34 e36 e38 e49 e43"/>
    <route id="!v824" state="0" edges="e5 e9 e12 e27 e28 e29 e37 e49 e43"/>
    <route id="!v825" state="0" edges="e5 e9 e12 e13 e14 e15 e16 e17 e18 e19 e20 e21 e33 e48 e45 e47 e44"/>
    <route id="!v828" state="0" edges="e5 e8 e6 e2 e12 e27 e23 e25 e26 e29 e32 e31 e30 e33 e39 e38 e49 e42 e41 e44"/>
    <route id="!v831" state="0" edges="e5 e8 e6 e2 e12 e27 e28 e29 e34 e36 e38 e49 e43"/>
    <route id="!v842" state="0" edges="e5 e8 e7 e1 e24 e29 e37 e49 e43"/>
    <route id="!v846" state="0" edges="e5 e9 e12 e27 e23 e25 e26 e29 e37 e49 e43"/>
    <route id="!v849" state="0" edges="e5 e8 e7 e1 e11 e2 e12 e27 e28 e29 e32 e31 e30 e33 e48 e45 e47 e44"/>
    <route id="!v852" state="0" edges="e5 e9 e12 e27 e23 e25 e26 e29 e32 e31 e30 e33 e39 e40 e41 e44"/>
    <route id="!v858" state="0" edges="e5 e9 e12 e27 e23 e25 e26 e29 e32 e31 e30 e33 e48 e45 e47 e44"/>
    <route id="!v865" state="0" edges="e5 e8 e6 e22 e23 e25 e26 e29 e34 e35 e33 e48 e45 e47 e44"/>
    <route id="!v873" state="0" edges="e5 e9 e12 e13 e14 e15 e16 e17 e18 e19 e20 e21 e33 e48 e45 e47 e44"/>
    <route id="!v877" state="0" edges="e5 e9 e12 e27 e23 e25 e26 e29 e34 e35 e33 e39 e38 e49 e43"/>
    <route id="!v879" state="0" edges="e5 e8 e7 e1 e11 e22 e23 e25 e26 e29 e32 e31 e30 e33 e39 e38 e49 e43"/>
    <route id="!v880" state="0" edges="e5 e8 e7 e1 e24 e29 e34 e36 e40 e46 e45 e47 e44"/>
    <route id="!v881" state="0" edges="e5 e9 e12 e27 e28 e29 e37 e49 e43"/>
    <route id="!v884" state="0" edges="e5 e9 e12 e13 e14 e15 e16 e17 e18 e19 e20 e21 e33 e39 e38 e49 e43"/>
    <route id="!v889" state="0" edges="e5 e8 e7 e1 e24 e29 e34 e35 e33 e48 e45 e47 e44"/>
    <route id="!v890" state="0" edges="e5 e8 e6 e2 e12 e13 e14 e15 e16 e17 e18 e19 e20 e21 e33 e39 e40 e41 e44"/>
    <route id="!v894" state="0" edges="e5 e9 e12 e27 e28 e29 e32 e31 e30 e33 e39 e40 e41 e44"/>
    <route id="!v895" state="0" edges="e5 e8 e6 e2 e12 e27 e28 e29 e37 e49 e43"/>
    <route id="!v898" state="0" edges="e5 e8 e6 e22 e23 e25 e26 e29 e37 e49 e43"/>
    <route id="!v912" state="0" edges="e5 e9 e12 e13 e14 e15 e16 e17 e18 e19 e20 e21 e33 e48 e45 e47 e44"/>
    <route id="!v914" state="0" edges="e5 e8 e6 e2 e12 e13 e14 e15 e16 e17 e18 e19 e20 e21 e33 e39 e38 e49 e43"/>
    <route id="!v916" state="0" edges="e5 e8 e7 e1 e24 e29 e34 e36 e38 e49 e43"/>
    <route id="!v920" state="0" edges="e0 e1 e24 e29 e37 e49 e42 e41 e44"/>
    <route id="!v920!var#7" state="0" edges="e0 e1 e11 e2 e12 e13 e14 e15 e16 e17 e18 e19 e20 e21 e33 e39 e38 e49 e43"/>
    <route id="!v921" state="0" edges="e5 e8 e7 e1 e11 e22 e23 e25 e26 e29 e37 e49 e43"/>
    <route id="!v923" state="0" edges="e4 e6 e22 e28 e29 e34 e35 e33 e39 e38 e49 e42 e41 e44"/>
    <route id="!v923!var#5" state="0" edges="e4 e6 e2 e12 e13 e14 e15 e16 e17 e18 e19 e20 e21 e33 e39 e40 e46 e45 e47 e44"/>
    <route id="!v924" state="0" edges="e10 e3 e5 e8 e7 e1 e24 e29 e32 e31 e30 e33 e48 e45 e47 e44"/>
    <route id="!v924!var#7" state="0" edges="e10 e4 e6 e2 e12 e13 e14 e15 e16 e17 e18 e19 e20 e21 e33 e39 e38 e49 e43"/>
    <route id="!v925" state="0" edges="e5 e8 e7 e1 e24 e29 e34 e36 e38 e49 e43"/>
    <route id="!v927" state="0" edges="e5 e9 e12 e27 e23 e25 e26 e29 e32 e31 e30 e33 e48 e45 e47 e44"/>
    <route id="!v929" state="0" edges="e10 e4 e6 e22 e23 e25 e26 e29 e32 e31 e30 e33 e39 e40 e46 e45 e47 e44"/>
    <route id="!v929!var#6" state="0" edges="e10 e4 e6 e2 e12 e13 e14 e15 e16 e17 e18 e19 e20 e21 e33 e39 e38 e49 e43"/>
    <route id="!v932" state="0" edges="e5 e8 e7 e1 e11 e2 e12 e27 e28 e29 e32 e31 e30 e33 e48 e45 e47 e44"/>
    <route id="!v933" state="0" edges="e0 e1 e11 e2 e12 e13 e14 e15 e16 e17 e18 e19 e20 e21 e33 e39 e40 e41 e44"/>
    <route id="!v933!var#7" state="0" edges="e0 e1 e11 e2 e12 e13 e14 e15 e16 e17 e18 e19 e20 e21 e33 e39 e40 e46 e45 e47 e44"/>
    <route id="!v934" state="0" edges="e5 e8 e6 e22 e23 e25 e26 e29 e34 e36 e38 e49 e42 e46 e45 e47 e44"/>
    <route id="!v935" state="0" edges="e4 e6 e2 e12 e27 e23 e25 e26 e29 e34 e36 e38 e49 e42 e46 e45 e47 e44"/>
    <route id="!v935!var#5" state="0" edges="e4 e7 e1 e11 e22 e23 e25 e26 e29 e32 e31 e30 e33 e39 e38 e49 e43"/>
    <route id="!v936" state="0" edges="e5 e8 e7 e1 e11 e22 e28 e29 e34 e35 e33 e48 e45 e47 e44"/>
    <route id="!v937" state="0" edges="e5 e8 e7 e1 e24 e29 e32 e31 e30 e33 e39 e40 e46 e45 e47 e44"/>
    <route id="!v939" state="0" edges="e0 e1 e11 e22 e23 e25 e26 e29 e32 e31 e30 e33 e48 e45 e47 e44"/>
    <route id="!v939!var#6" state="0" edges="e0 e1 e11 e2 e12 e13 e14 e15 e16 e17 e18 e19 e20 e21 e33 e39 e40 e46 e45 e47 e44"/>
    <route id="!v940" state="0" edges="e10 e3 e5 e8 e7 e1 e24 e29 e37 e49 e42 e46 e45 e47 e44"/>
    <route id="!v940!var#6" state="0" edges="e10 e4 e6 e2 e12 e13 e14 e15 e16 e17 e18 e19 e20 e21 e33 e39 e40 e46 e45 e47 e44"/>
    <route id="!v941" state="0" edges="e10 e3 e5 e8 e7 e1 e11 e22 e28 e29 e32 e31 e30 e33 e48 e45 e47 e44"/>
    <route id="!v941!var#6" state="0" edges="e10 e4 e6 e2 e12 e13 e14 e15 e16 e17 e18 e19 e20 e21 e33 e39 e40 e46 e45 e47 e44"/>
    <route id="!v942" state="0" edges="e4 e7 e1 e11 e2 e12 e13 e14 e15 e16 e17 e18 e19 e20 e21 e33 e48 e45 e47 e44"/>
    <route id="!v942!var#4" state="0" edges="e4 e7 e1 e11 e22 e23 e25 e26 e29 e32 e31 e30 e33 e39 e40 e46 e45 e47 e44"/>
    <route id="!v943" state="0" edges="e5 e9 e12 e27 e28 e29 e32 e31 e30 e33 e39 e38 e49 e43"/>
    <route id="!v946" state="0" edges="e5 e8 e7 e1 e24 e29 e37 e49 e43"/>
    <route id="!v947" state="0" edges="e5 e8 e7 e1 e11 e22 e28 e29 e34 e36 e38 e49 e42 e46 e45 e47 e44"/>
    <route id="!v953" state="0" edges="e5 e9 e12 e13 e14 e15 e16 e17 e18 e19 e20 e21 e33 e39 e40 e41 e44"/>
    <route id="!v955" state="0" edges="e5 e9 e12 e27 e28 e29 e32 e31 e30 e33 e48 e45 e47 e44"/>
    <route id="!v956" state="0" edges="e5 e8 e6 e2 e12 e27 e28 e29 e32 e31 e30 e33 e39 e38 e49 e43"/>
    <route id="!v959" state="0" edges="e5 e9 e12 e13 e14 e15 e16 e17 e18 e19 e20 e21 e33 e39 e38 e49 e43"/>
    <route id="!v960" state="0" edges="e5 e9 e12 e27 e23 e25 e26 e29 e37 e49 e42 e41 e44"/>
    <route id="!v963" state="0" edges="e5 e9 e12 e13 e14 e15 e16 e17 e18 e19 e20 e21 e33 e48 e45 e47 e44"/>
    <route id="!v965" state="0" edges="e3 e5 e9 e12 e27 e28 e29 e37 e49 e43"/>
    <route id="!v965!var#7" state="0" edges="e3 e5 e8 e7 e1 e11 e22 e23 e25 e26 e29 e32 e31 e30 e33 e39 e40 e46 e45 e47 e44"/>
    <route id="!v969" state="0" edges="e5 e8 e6 e22 e28 e29 e37 e49 e43"/>
    <route id="!v970" state="0" edges="e3 e5 e9 e12 e27 e23 e25 e26 e29 e37 e49 e43"/>
    <route id="!v970!var#6" state="0" edges="e3 e5 e8 e7 e1 e11 e22 e23 e25 e26 e29 e32 e31 e30 e33 e39 e40 e46 e45 e47 e44"/>
    <route id="!v972" state="0" edges="e5 e8 e6 e2 e12 e13 e14 e15 e16 e17 e18 e19 e20 e21 e33 e39 e38 e49 e42 e46 e45 e47 e44"/>
    <route id="!v975" state="0" edges="e5 e8 e7 e1 e11 e2 e12 e27 e28 e29 e32 e31 e30 e33 e39 e40 e41 e44"/>
    <route id="!v976" state="0" edges="e5 e9 e12 e27 e23 e25 e26 e29 e37 e49 e43"/>
    <route id="!v977" state="0" edges="e5 e8 e7 e1 e11 e22 e23 e25 e26 e29 e34 e35 e33 e39 e40 e41 e44"/>
    <route id="!v978" state="0" edges="e10 e4 e6 e2 e12 e13 e14 e15 e16 e17 e18 e19 e20 e21 e33 e39 e38 e49 e42 e46 e45 e47 e44"/>
    <route id="!v978!var#6" state="0" edges="e10 e4 e7 e1 e11 e22 e23 e25 e26 e29 e32 e31 e30 e33 e39 e40 e46 e45 e47 e44"/>
    <route id="!v979" state="0" edges="e5 e9 e12 e27 e28 e29 e32 e31 e30 e33 e39 e40 e41 e44"/>
    <route id="!v984" state="0" edges="e5 e8 e6 e22 e23 e25 e26 e29 e37 e49 e42 e41 e44"/>
    <route id="!v985" state="0" edges="e3 e5 e8 e7 e1 e24 e29 e37 e49 e43"/>
    <route id="!v985!var#5" state="0" edges="e3 e5 e8 e7 e1 e11 e22 e23 e25 e26 e29 e32 e31 e30 e33 e39 e40 e46 e45 e47 e44"/>
    <route id="!v986" state="0" edges="e3 e5 e8 e7 e1 e11 e2 e12 e27 e23 e25 e26 e29 e37 e49 e42 e41 e44"/>
    <route id="!v986!var#5" state="0" edges="e3 e5 e8 e7 e1 e11 e22 e23 e25 e26 e29 e34 e35 e33 e39 e40 e46 e45 e47 e44"/>
    <route id="!v987" state="0" edges="e3 e5 e9 e12 e13 e14 e15 e16 e17 e18 e19 e20 e21 e33 e39 e40 e46 e45 e47 e44"/>
    <route id="!v987!var#5" state="0" edges="e3 e5 e8 e7 e1 e11 e22 e23 e25 e26 e29 e34 e35 e33 e39 e40 e46 e45 e47 e44"/>
    <route id="!v988" state="0" edges="e10 e4 e7 e1 e11 e2 e12 e27 e28 e29 e32 e31 e30 e33 e48 e45 e47 e44"/>
    <route id="!v988!var#7" state="0" edges="e10 e3 e5 e8 e7 e1 e11 e22 e23 e25 e26 e29 e34 e35 e33 e39 e40 e46 e45 e47 e44"/>
    <route id="!v991" state="0" edges="e10 e4 e7 e1 e24 e29 e32 e31 e30 e33 e48 e45 e47 e44"/>
    <route id="!v991!var#5" state="0" edges="e10 e3 e5 e8 e6 e22 e23 e25 e26 e29 e32 e31 e30 e33 e39 e38 e49 e43"/>
    <route id="!v993" state="0" edges="e4 e6 e2 e12 e27 e23 e25 e26 e29 e37 e49 e42 e41 e44"/>
    <route id="!v993!var#4" state="0" edges="e4 e7 e1 e11 e22 e23 e25 e26 e29 e34 e35 e33 e39 e40 e46 e45 e47 e44"/>
    <route id="!v995" state="0" edges="e0 e1 e11 e2 e12 e27 e23 e25 e26 e29 e34 e35 e33 e48 e45 e47 e44"/>
    <route id="!v995!var#3" state="0" edges="e0 e1 e11 e22 e23 e25 e26 e29 e32 e31 e30 e33 e39 e40 e46 e45 e47 e44"/>
    <route id="!v996" state="0" edges="e0 e1 e11 e2 e12 e13 e14 e15 e16 e17 e18 e19 e20 e21 e33 e48 e45 e47 e44"/>
    <route id="!v996!var#3" state="0" edges="e0 e1 e11 e22 e23 e25 e26 e29 e32 e31 e30 e33 e39 e40 e46 e45 e47 e44"/>
    <route id="!v997" state="0" edges="e5 e8 e6 e22 e28 e29 e34 e36 e38 e49 e42 e46 e45 e47 e44"/>
    <route id="!v999" state="0" edges="e5 e8 e7 e1 e11 e22 e28 e29 e34 e36 e38 e49 e43"/>
    <delay number="134" begin="1000" end="752" depart="124499.40" time="185779.80"/>
    <vType id="DEFAULT_BIKETYPE" vClass="bicycle"/>
    <vType id="DEFAULT_PEDTYPE" vClass="pedestrian"/>
    <vType id="DEFAULT_VEHTYPE"/>
    <vehicle id="v158" type="DEFAULT_VEHTYPE" depart="158.00" route="!v158!var#5" speedFactor="0.91" state="965800 18 5.10 0 1359800" pos="41.37" speed="9.97" posLat="0.00"/>
    <vehicle id="v166" type="DEFAULT_VEHTYPE" depart="166.00" route="!v166!var#5" speedFactor="1.00" state="968400 18 5.10 0 1359800" pos="8.70" speed="6.33" posLat="0.00"/>
    <vehicle id="v173" type="DEFAULT_VEHTYPE" depart="173.00" route="!v173!var#4" speedFactor="1.14" state="990000 15 5.10 0 1359800" pos="113.33" speed="14.71" posLat="0.00"/>
    <vehicle id="v188" type="DEFAULT_VEHTYPE" depart="188.00" route="!v188!var#3" speedFactor="0.97" state="1017600 13 5.10 0 1359800" pos="1.36" speed="0.62" posLat="0.00"/>
    <vehicle id="v189" type="DEFAULT_VEHTYPE" depart="189.00" route="!v189!var#4" speedFactor="0.97" state="1020200 13 5.10 0 1359800" pos="0.13" speed="6.17" posLat="0.00"/>
    <vehicle id="v193" type="DEFAULT_VEHTYPE" depart="193.00" route="!v193!var#3" speedFactor="1.07" state="1022800 12 5.10 0 1359800" pos="71.22" speed="6.34" posLat="0.00"/>
    <vehicle id="v219" type="DEFAULT_VEHTYPE" depart="219.00" route="!v219!var#4" speedFactor="0.91" state="1044000 16 5.10 0 1359800" pos="30.95" speed="12.54" posLat="0.00"/>
    <vehicle id="v223" type="DEFAULT_VEHTYPE" depart="223.00" route="!v223!var#4" speedFactor="1.06" state="1046600 14 5.10 0 1359800" pos="86.94" speed="5.45" posLat="0.00"/>
    <vehicle id="v224" type="DEFAULT_VEHTYPE" depart="224.00" route="!v224!var#3" speedFactor="1.02" state="1049200 12 5.10 0 1359800" pos="76.19" speed="1.58" posLat="0.00"/>
    <vehicle id="v228" type="DEFAULT_VEHTYPE" depart="228.00" route="!v228!var#4" speedFactor="1.09" state="1051800 14 5.10 0 1310400" pos="5.00" speed="0.92" posLat="0.00"/>
    <vehicle id="v235" type="DEFAULT_VEHTYPE" depart="235.00" route="!v235!var#4" speedFactor="0.96" state="1054400 12 5.10 0 1359800" pos="19.47" speed="10.90" posLat="0.00"/>
    <vehicle id="v239" type="DEFAULT_VEHTYPE" depart="239.00" route="!v239!var#4" speedFactor="1.13" state="1057000 11 5.10 0 1359800" pos="85.23" speed="6.10" posLat="0.00"/>
    <vehicle id="v244" type="DEFAULT_VEHTYPE" depart="244.00" route="!v244!var#4" speedFactor="1.02" state="1059600 11 5.10 0 1359800" pos="56.94" speed="6.36" posLat="0.00"/>
    <vehicle id="v246" type="DEFAULT_VEHTYPE" depart="246.00" route="!v246!var#4" speedFactor="0.97" state="1062200 14 5.10 0 1359800" pos="95.12" speed="7.99" posLat="0.00"/>
    <vehicle id="v248" type="DEFAULT_VEHTYPE" depart="248.00" route="!v248!var#4" speedFactor="1.14" state="1064800 15 5.10 0 1330200" pos="5.00" speed="7.03" posLat="0.00"/>
    <vehicle id="v251" type="DEFAULT_VEHTYPE" depart="251.00" route="!v251!var#4" speedFactor="0.88" state="1067400 13 5.10 0 1359800" pos="42.08" speed="6.70" posLat="0.00"/>
    <vehicle id="v252" type="DEFAULT_VEHTYPE" depart="252.00" route="!v252!var#4" speedFactor="0.99" state="1070000 13 5.10 0 1359800" pos="26.50" speed="7.32" posLat="0.00"/>
    <vehicle id="v256" type="DEFAULT_VEHTYPE" depart="256.00" route="!v256!var#4" speedFactor="0.96" state="1072600 13 5.10 0 1359800" pos="9.45" speed="7.89" posLat="0.00"/>
    <vehicle id="v259" type="DEFAULT_VEHTYPE" depart="259.00" route="!v259!var#4" speedFactor="0.84" state="1075200 12 5.10 0 1359800" pos="1.38" speed="5.39" posLat="0.00"/>
    <vehicle id="v262" type="DEFAULT_VEHTYPE" depart="262.00" route="!v262!var#4" speedFactor="1.04" state="1078000 12 5.10 0 1359800" pos="154.61" speed="6.23" posLat="0.00"/>
    <vehicle id="v268" type="DEFAULT_VEHTYPE" depart="268.00" route="!v268!var#3" speedFactor="0.96" state="1080800 12 5.10 0 1359800" pos="138.82" speed="7.44" posLat="0.00"/>
    <vehicle id="v278" type="DEFAULT_VEHTYPE" depart="278.00" route="!v278!var#3" speedFactor="0.99" state="1083400 12 5.10 0 1359800" pos="121.42" speed="8.42" posLat="0.00"/>
    <vehicle id="v281" type="DEFAULT_VEHTYPE" depart="281.00" route="!v281!var#3" speedFactor="1.08" state="1086000 12 5.10 0 1359800" pos="102.74" speed="9.14" posLat="0.00"/>
    <vehicle id="v289" type="DEFAULT_VEHTYPE" depart="289.00" route="!v289!var#3" speedFactor="1.19" state="1088600 12 5.10 0 1359800" pos="82.45" speed="10.48" posLat="0.00"/>
    <vehicle id="v290" type="DEFAULT_VEHTYPE" depart="290.00" route="!v290!var#3" speedFactor="0.97" state="1091200 12 5.10 0 1359800" pos="51.63" speed="13.32" posLat="0.00"/>
    <vehicle id="v292" type="DEFAULT_VEHTYPE" depart="292.00" route="!v292!var#3" speedFactor="1.09" state="1093800 12 5.10 0 1359800" pos="25.41" speed="11.54" posLat="0.00"/>
    <vehicle id="v299" type="DEFAULT_VEHTYPE" depart="299.00" route="!v299!var#4" speedFactor="1.16" state="1096400 15 5.10 0 1359800" pos="1.75" speed="11.85" posLat="0.00"/>
    <vehicle id="v300" type="DEFAULT_VEHTYPE" depart="300.00" route="!v300!var#4" speedFactor="1.07" state="1099000 15 5.10 0 1340000" pos="5.00" speed="6.60" posLat="0.00"/>
    <vehicle id="v303" type="DEFAULT_VEHTYPE" depart="303.00" route="!v303!var#4" speedFactor="1.04" state="1101600 15 5.10 0 1360000" pos="16.94" speed="12.21" posLat="0.00"/>
    <vehicle id="v347" type="DEFAULT_VEHTYPE" depart="347.00" route="!v347!var#3" speedFactor="0.82" state="1138000 12 5.10 0 1359800" pos="24.61" speed="11.31" posLat="0.00"/>
    <vehicle id="v354" type="DEFAULT_VEHTYPE" depart="354.00" route="!v354!var#3" speedFactor="0.98" state="1140600 11 5.10 0 1359800" pos="141.62" speed="12.93" posLat="0.00"/>
    <vehicle id="v359" type="DEFAULT_VEHTYPE" depart="359.00" route="!v359!var#3" speedFactor="0.86" state="1143200 11 5.10 0 1359800" pos="65.39" speed="11.89" posLat="0.00"/>
    <vehicle id="v361" type="DEFAULT_VEHTYPE" depart="361.00" route="!v361!var#3" speedFactor="0.95" state="1145800 11 5.10 0 1359800" pos="11.58" speed="6.83" posLat="0.00"/>
    <vehicle id="v363" type="DEFAULT_VEHTYPE" depart="363.00" route="!v363!var#3" speedFactor="0.90" state="1148400 10 5.10 0 1359800" pos="12.20" speed="3.15" posLat="0.00"/>
    <vehicle id="v364" type="DEFAULT_VEHTYPE" depart="364.00" route="!v364!var#3" speedFactor="0.99" state="1151000 10 5.10 0 1359800" pos="1.79" speed="3.19" posLat="0.00"/>
    <vehicle id="v367" type="DEFAULT_VEHTYPE" depart="367.00" route="!v367!var#3" speedFactor="1.00" state="1153600 10 5.10 0 1359800" pos="204.39" speed="2.44" posLat="0.00"/>
    <vehicle id="v371" type="DEFAULT_VEHTYPE" depart="371.00" route="!v371!var#3" speedFactor="0.94" state="1156400 10 5.10 0 1359800" pos="194.97" speed="1.82" posLat="0.00"/>
    <vehicle id="v378" type="DEFAULT_VEHTYPE" depart="378.00" route="!v378!var#2" speedFactor="0.92" state="1159000 10 5.10 0 1359800" pos="185.73" speed="1.65" posLat="0.00"/>
    <vehicle id="v380" type="DEFAULT_VEHTYPE" depart="380.00" route="!v380!var#2" speedFactor="0.85" state="1161600 10 5.10 0 1359800" pos="176.50" speed="1.69" posLat="0.00"/>
    <vehicle id="v386" type="DEFAULT_VEHTYPE" depart="386.00" route="!v386!var#2" speedFactor="0.99" state="1164200 10 5.10 0 1359800" pos="167.07" speed="1.70" posLat="0.00"/>
    <vehicle id="v390" type="DEFAULT_VEHTYPE" depart="390.00" route="!v390!var#2" speedFactor="1.07" state="1166800 10 5.10 0 1359800" pos="157.65" speed="1.77" posLat="0.00"/>
    <vehicle id="v396" type="DEFAULT_VEHTYPE" depart="396.00" route="!v396!var#2" speedFactor="0.98" state="1169400 10 5.10 0 1359800" pos="148.21" speed="1.82" posLat="0.00"/>
    <vehicle id="v401" type="DEFAULT_VEHTYPE" depart="401.00" route="!v401!var#2" speedFactor="1.03" state="1172000 10 5.10 0 1359800" pos="138.74" speed="1.81" posLat="0.00"/>
    <vehicle id="v403" type="DEFAULT_VEHTYPE" depart="403.00" route="!v403!var#2" speedFactor="1.09" state="1174600 10 5.10 0 1359800" pos="129.33" speed="1.83" posLat="0.00"/>
    <vehicle id="v411" type="DEFAULT_VEHTYPE" depart="411.00" route="!v411!var#2" speedFactor="0.98" state="1177200 10 5.10 0 1359800" pos="119.90" speed="1.72" posLat="0.00"/>
    <vehicle id="v413" type="DEFAULT_VEHTYPE" depart="413.00" route="!v413!var#2" speedFactor="0.80" state="1179800 10 5.10 0 1359800" pos="110.47" speed="1.71" posLat="0.00"/>
    <vehicle id="v414" type="DEFAULT_VEHTYPE" depart="414.00" route="!v414!var#2" speedFactor="1.00" state="1182600 10 5.10 0 1359800" pos="101.02" speed="1.88" posLat="0.00"/>
    <vehicle id="v417" type="DEFAULT_VEHTYPE" depart="417.00" route="!v417!var#2" speedFactor="1.11" state="1185400 10 5.10 0 1359800" pos="91.54" speed="1.91" posLat="0.00"/>
    <vehicle id="v418" type="DEFAULT_VEHTYPE" depart="418.00" route="!v418!var#2" speedFactor="0.92" state="1188200 10 5.10 0 1359800" pos="81.82" speed="2.15" posLat="0.00"/>
    <vehicle id="v419" type="DEFAULT_VEHTYPE" depart="419.00" route="!v419!var#2" speedFactor="1.03" state="1191000 10 5.10 0 1359800" pos="71.69" speed="2.51" posLat="0.00"/>
    <vehicle id="v425" type="DEFAULT_VEHTYPE" depart="425.00" route="!v425!var#2" speedFactor="0.88" state="1193600 10 5.10 0 1359800" pos="60.69" speed="2.94" posLat="0.00"/>
    <vehicle id="v428" type="DEFAULT_VEHTYPE" depart="428.00" route="!v428!var#2" speedFactor="0.97" state="1196200 10 5.10 0 1359800" pos="48.59" speed="3.97" posLat="0.00"/>
    <vehicle id="v433" type="DEFAULT_VEHTYPE" depart="433.00" route="!v433!var#2" speedFactor="1.05" state="1198800 10 5.10 0 1359800" pos="35.26" speed="5.11" posLat="0.00"/>
    <vehicle id="v436" type="DEFAULT_VEHTYPE" depart="436.00" route="!v436!var#2" speedFactor="0.88" state="1201600 10 5.10 0 1359800" pos="8.61" speed="10.62" posLat="0.00"/>
    <vehicle id="v441" type="DEFAULT_VEHTYPE" depart="441.00" route="!v441!var#2" speedFactor="0.93" state="1204200 9 5.10 0 1359800" pos="358.10" speed="11.50" posLat="0.00"/>
    <vehicle id="v443" type="DEFAULT_VEHTYPE" depart="443.00" route="!v443!var#2" speedFactor="1.24" state="1207000 9 5.10 0 1359800" pos="338.09" speed="11.68" posLat="0.00"/>
    <vehicle id="v444" type="DEFAULT_VEHTYPE" depart="444.00" route="!v444!var#2" speedFactor="0.96" state="1209600 9 5.10 0 1359800" pos="312.38" speed="13.28" posLat="0.00"/>
    <vehicle id="v445" type="DEFAULT_VEHTYPE" depart="445.00" route="!v445!var#2" speedFactor="0.97" state="1212200 9 5.10 0 1359800" pos="279.88" speed="13.24" posLat="0.00"/>
    <vehicle id="v449" type="DEFAULT_VEHTYPE" depart="449.00" route="!v449!var#2" speedFactor="1.12" state="1215000 9 5.10 0 1359800" pos="258.51" speed="13.30" posLat="0.00"/>
    <vehicle id="v451" type="DEFAULT_VEHTYPE" depart="451.00" route="!v451!var#2" speedFactor="0.89" state="1217600 9 5.10 0 1359800" pos="194.40" speed="12.14" posLat="0.00"/>
    <vehicle id="v458" type="DEFAULT_VEHTYPE" depart="458.00" route="!v458!var#2" speedFactor="0.80" state="1220200 9 5.10 0 1359800" pos="137.20" speed="11.03" posLat="0.00"/>
    <vehicle id="v459" type="DEFAULT_VEHTYPE" depart="459.00" route="!v459!var#2" speedFactor="0.77" state="1222800 9 5.10 0 1359800" pos="99.34" speed="10.56" posLat="0.00"/>
    <vehicle id="v464" type="DEFAULT_VEHTYPE" depart="464.00" route="!v464!var#2" speedFactor="1.21" state="1225400 9 5.10 0 1359800" pos="81.05" speed="10.54" posLat="0.00"/>
    <vehicle id="v471" type="DEFAULT_VEHTYPE" depart="471.00" route="!v471!var#2" speedFactor="0.94" state="1228000 9 5.10 0 1359800" pos="58.11" speed="12.00" posLat="0.00"/>
    <vehicle id="v484" type="DEFAULT_VEHTYPE" depart="484.00" route="!v484!var#2" speedFactor="0.98" state="1230600 9 5.10 0 1359800" pos="29.20" speed="12.34" posLat="0.00"/>
    <vehicle id="v488" type="DEFAULT_VEHTYPE" depart="488.00" route="!v488!var#2" speedFactor="1.09" state="1233400 9 5.10 0 1359800" pos="6.80" speed="8.98" posLat="0.00"/>
    <vehicle id="v492" type="DEFAULT_VEHTYPE" depart="492.00" route="!v492!var#2" speedFactor="1.16" state="1236000 8 5.10 0 1359800" pos="88.04" speed="8.61" posLat="0.00"/>
    <vehicle id="v495" type="DEFAULT_VEHTYPE" depart="495.00" route="!v495!var#2" speedFactor="0.85" state="1238600 8 5.10 0 1359800" pos="65.08" speed="10.81" posLat="0.00"/>
    <vehicle id="v497" type="DEFAULT_VEHTYPE" depart="497.00" route="!v497!var#2" speedFactor="0.93" state="1241200 8 5.10 0 1359800" pos="37.03" speed="12.36" posLat="0.00"/>
    <vehicle id="v506" type="DEFAULT_VEHTYPE" depart="506.00" route="!v506!var#2" speedFactor="1.01" state="1243800 8 5.10 0 1359800" pos="11.39" speed="7.61" posLat="0.00"/>
    <vehicle id="v507" type="DEFAULT_VEHTYPE" depart="507.00" route="!v507!var#2" speedFactor="0.69" state="1246600 7 5.10 0 1359800" pos="65.67" speed="4.45" posLat="0.00"/>
    <vehicle id="v512" type="DEFAULT_VEHTYPE" depart="512.00" route="!v512!var#2" speedFactor="1.09" state="1249400 7 5.10 0 1359800" pos="52.95" speed="5.22" posLat="0.00"/>
    <vehicle id="v514" type="DEFAULT_VEHTYPE" depart="514.00" route="!v514!var#2" speedFactor="1.08" state="1252200 7 5.10 0 1359800" pos="40.11" speed="5.31" posLat="0.00"/>
    <vehicle id="v518" type="DEFAULT_VEHTYPE" depart="518.00" route="!v518!var#1" speedFactor="1.03" state="1254800 7 5.10 0 1359800" pos="27.05" speed="5.24" posLat="0.00"/>
    <vehicle id="v521" type="DEFAULT_VEHTYPE" depart="521.00" route="!v521!var#1" speedFactor="1.11" state="1257400 7 5.10 0 1359800" pos="13.76" speed="5.19" posLat="0.00"/>
    <vehicle id="v522" type="DEFAULT_VEHTYPE" depart="522.00" route="!v522!var#1" speedFactor="0.86" state="1260200 6 5.10 0 1359800" pos="1.18" speed="3.42" posLat="0.00"/>
    <vehicle id="v525" type="DEFAULT_VEHTYPE" depart="525.00" route="!v525!var#1" speedFactor="1.02" state="1262800 6 5.10 0 1359800" pos="88.96" speed="4.28" posLat="0.00"/>
    <vehicle id="v528" type="DEFAULT_VEHTYPE" depart="528.00" route="!v528!var#1" speedFactor="1.02" state="1265600 6 5.10 0 1359800" pos="76.19" speed="4.86" posLat="0.00"/>
    <vehicle id="v531" type="DEFAULT_VEHTYPE" depart="531.00" route="!v531!var#1" speedFactor="1.02" state="1268200 6 5.10 0 1359800" pos="63.34" speed="5.35" posLat="0.00"/>
    <vehicle id="v534" type="DEFAULT_VEHTYPE" depart="534.00" route="!v534!var#1" speedFactor="1.04" state="1270800 6 5.10 0 1359800" pos="50.25" speed="5.41" posLat="0.00"/>
    <vehicle id="v535" type="DEFAULT_VEHTYPE" depart="535.00" route="!v535!var#1" speedFactor="0.86" state="1273400 6 5.10 0 1359800" pos="36.77" speed="5.32" posLat="0.00"/>
    <vehicle id="v540" type="DEFAULT_VEHTYPE" depart="540.00" route="!v540!var#1" speedFactor="1.17" state="1276000 6 5.10 0 1359800" pos="22.91" speed="5.96" posLat="0.00"/>
    <vehicle id="v542" type="DEFAULT_VEHTYPE" depart="542.00" route="!v542!var#1" speedFactor="1.02" state="1278600 6 5.10 0 1359800" pos="8.23" speed="6.36" posLat="0.00"/>
    <vehicle id="v543" type="DEFAULT_VEHTYPE" depart="543.00" route="!v543!var#1" speedFactor="0.90" state="1281200 5 5.10 0 1359800" pos="1.25" speed="8.23" posLat="0.00"/>
    <vehicle id="v557" type="DEFAULT_VEHTYPE" depart="557.00" route="!v557!var#1" speedFactor="0.96" state="1283800 5 5.10 0 1359800" pos="126.94" speed="10.02" posLat="0.00"/>
    <vehicle id="v559" type="DEFAULT_VEHTYPE" depart="559.00" route="!v559!var#1" speedFactor="0.93" state="1286600 5 5.10 0 1359800" pos="97.60" speed="12.85" posLat="0.00"/>
    <vehicle id="v560" type="DEFAULT_VEHTYPE" depart="560.00" route="!v560!var#1" speedFactor="1.13" state="1289200 5 5.10 0 1359800" pos="75.24" speed="13.45" posLat="0.00"/>
    <vehicle id="v561" type="DEFAULT_VEHTYPE" depart="561.00" route="!v561!var#1" speedFactor="0.95" state="1292000 5 5.10 0 1359800" pos="36.52" speed="12.92" posLat="0.00"/>
    <vehicle id="v563" type="DEFAULT_VEHTYPE" depart="563.00" route="!v563!var#1" speedFactor="1.00" state="1294800 5 5.10 0 1359800" pos="10.88" speed="8.28" posLat="0.00"/>
    <vehicle id="v564" type="DEFAULT_VEHTYPE" depart="564.00" route="!v564!var#1" speedFactor="0.83" state="1297400 4 5.10 0 1359800" pos="3.09" speed="4.62" posLat="0.00"/>
    <vehicle id="v567" type="DEFAULT_VEHTYPE" depart="567.00" route="!v567!var#1" speedFactor="1.07" state="1300200 4 5.10 0 1359800" pos="89.93" speed="5.29" posLat="0.00"/>
    <vehicle id="v569" type="DEFAULT_VEHTYPE" depart="569.00" route="!v569!var#1" speedFactor="0.86" state="1303000 4 5.10 0 1359800" pos="73.44" speed="7.03" posLat="0.00"/>
    <vehicle id="v574" type="DEFAULT_VEHTYPE" depart="574.00" route="!v574!var#1" speedFactor="0.90" state="1305800 4 5.10 0 1359800" pos="52.57" speed="9.39" posLat="0.00"/>
    <vehicle id="v577" type="DEFAULT_VEHTYPE" depart="577.00" route="!v577!var#1" speedFactor="0.97" state="1308600 4 5.10 0 1359800" pos="25.61" speed="10.84" posLat="0.00"/>
    <vehicle id="v579" type="DEFAULT_VEHTYPE" depart="579.00" route="!v579!var#1" speedFactor="0.93" state="1311200 4 5.10 0 1359800" pos="3.64" speed="6.12" posLat="0.00"/>
    <vehicle id="v580" type="DEFAULT_VEHTYPE" depart="580.00" route="!v580!var#1" speedFactor="0.95" state="1313800 3 5.10 0 1359800" pos="153.21" speed="5.89" posLat="0.00"/>
    <vehicle id="v586" type="DEFAULT_VEHTYPE" depart="586.00" route="!v586!var#1" speedFactor="1.09" state="1316400 3 5.10 0 1359800" pos="139.23" speed="5.76" posLat="0.00"/>
    <vehicle id="v588" type="DEFAULT_VEHTYPE" depart="588.00" route="!v588!var#1" speedFactor="0.95" state="1319000 3 5.10 0 1359800" pos="123.48" speed="6.80" posLat="0.00"/>
    <vehicle id="v591" type="DEFAULT_VEHTYPE" depart="591.00" route="!v591!var#1" speedFactor="1.06" state="1321600 3 5.10 0 1359800" pos="105.94" speed="8.11" posLat="0.00"/>
    <vehicle id="v592" type="DEFAULT_VEHTYPE" depart="592.00" route="!v592!var#1" speedFactor="1.25" state="1324200 3 5.10 0 1359800" pos="87.41" speed="9.19" posLat="0.00"/>
    <vehicle id="v595" type="DEFAULT_VEHTYPE" depart="595.00" route="!v595!var#1" speedFactor="1.12" state="1326800 3 5.10 0 1359800" pos="63.53" speed="11.45" posLat="0.00"/>
    <vehicle id="v596" type="DEFAULT_VEHTYPE" depart="596.00" route="!v596!var#1" speedFactor="0.97" state="1329600 3 5.10 0 1359800" pos="23.11" speed="11.30" posLat="0.00"/>
    <vehicle id="v597" type="DEFAULT_VEHTYPE" depart="597.00" route="!v597!var#1" speedFactor="0.93" state="1332200 2 5.10 0 1359800" pos="1.89" speed="6.47" posLat="0.00"/>
    <vehicle id="v605" type="DEFAULT_VEHTYPE" depart="605.00" route="!v605!var#1" speedFactor="0.92" state="1334800 2 5.10 0 1359800" pos="53.78" speed="11.81" posLat="0.00"/>
    <vehicle id="v606" type="DEFAULT_VEHTYPE" depart="606.00" route="!v606!var#1" speedFactor="0.95" state="1337400 2 5.10 0 1359800" pos="21.65" speed="13.14" posLat="0.00"/>
    <vehicle id="v609" type="DEFAULT_VEHTYPE" depart="609.00" route="!v609!var#1" speedFactor="1.06" state="1340000 1 5.10 0 1359800" pos="9.18" speed="13.76" posLat="0.00"/>
    <vehicle id="v610" type="DEFAULT_VEHTYPE" depart="610.00" route="!v610!var#1" speedFactor="1.05" state="1342600 1 5.10 0 1359800" pos="51.56" speed="14.61" posLat="0.00"/>
    <vehicle id="v611" type="DEFAULT_VEHTYPE" depart="611.00" route="!v611!var#1" speedFactor="1.13" state="1345200 1 5.10 0 1359800" pos="21.36" speed="11.13" posLat="0.00"/>
    <vehicle id="v615" type="DEFAULT_VEHTYPE" depart="615.00" route="!v615!var#1" speedFactor="1.00" state="1347800 0 5.10 0 1359800" pos="7.23" speed="6.11" posLat="0.00"/>
    <vehicle id="v620" type="DEFAULT_VEHTYPE" depart="620.00" route="!v620!var#1" speedFactor="1.18" state="1350400 0 5.10 0 1359800" pos="76.58" speed="8.29" posLat="0.00"/>
    <vehicle id="v627" type="DEFAULT_VEHTYPE" depart="627.00" route="!v627!var#1" speedFactor="0.90" state="1353200 0 5.10 0 1359800" pos="48.41" speed="12.18" posLat="0.00"/>
    <vehicle id="v632" type="DEFAULT_VEHTYPE" depart="632.00" route="!v632!var#1" speedFactor="1.22" state="1356000 0 5.10 0 1359800" pos="21.06" speed="7.91" posLat="0.00"/>
    <vehicle id="v635" type="DEFAULT_VEHTYPE" depart="635.00" route="!v635" speedFactor="1.13" state="1358600 0 5.10 0 1359800" pos="7.02" speed="2.54" posLat="0.00"/>
    <vehicle id="v636" type="DEFAULT_VEHTYPE" depart="636.00" route="!v636" speedFactor="1.02" state="9223372036854775807 0 -1.00 0 0" pos="5.10" speed="0.00" posLat="0.00"/>
    <vehicle id="v639" type="DEFAULT_VEHTYPE" depart="639.00" route="!v639" speedFactor="0.98" state="9223372036854775807 0 -1.00 0 0" pos="0.00" speed="0.00" posLat="0.00"/>
    <vehicle id="v645" type="DEFAULT_VEHTYPE" depart="645.00" route="!v645" speedFactor="0.84" state="9223372036854775807 0 -1.00 0 0" pos="0.00" speed="0.00" posLat="0.00"/>
    <vehicle id="v648" type="DEFAULT_VEHTYPE" depart="648.00" route="!v648" speedFactor="0.96" state="9223372036854775807 0 -1.00 0 0" pos="0.00" speed="0.00" posLat="0.00"/>
    <vehicle id="v650" type="DEFAULT_VEHTYPE" depart="650.00" route="!v650" speedFactor="1.04" state="9223372036854775807 0 -1.00 0 0" pos="0.00" speed="0.00" posLat="0.00"/>
    <vehicle id="v655" type="DEFAULT_VEHTYPE" depart="655.00" route="!v655" speedFactor="1.00" state="9223372036854775807 0 -1.00 0 0" pos="0.00" speed="0.00" posLat="0.00"/>
    <vehicle id="v656" type="DEFAULT_VEHTYPE" depart="656.00" route="!v656" speedFactor="1.10" state="9223372036854775807 0 -1.00 0 0" pos="0.00" speed="0.00" posLat="0.00"/>
    <vehicle id="v662" type="DEFAULT_VEHTYPE" depart="662.00" route="!v662" speedFactor="0.88" state="9223372036854775807 0 -1.00 0 0" pos="0.00" speed="0.00" posLat="0.00"/>
    <vehicle id="v668" type="DEFAULT_VEHTYPE" depart="668.00" route="!v668" speedFactor="0.94" state="9223372036854775807 0 -1.00 0 0" pos="0.00" speed="0.00" posLat="0.00"/>
    <vehicle id="v669" type="DEFAULT_VEHTYPE" depart="669.00" route="!v669" speedFactor="1.00" state="9223372036854775807 0 -1.00 0 0" pos="0.00" speed="0.00" posLat="0.00"/>
    <vehicle id="v671" type="DEFAULT_VEHTYPE" depart="671.00" route="!v671" speedFactor="1.14" state="9223372036854775807 0 -1.00 0 0" pos="0.00" speed="0.00" posLat="0.00"/>
    <vehicle id="v672" type="DEFAULT_VEHTYPE" depart="672.00" route="!v672" speedFactor="0.88" state="9223372036854775807 0 -1.00 0 0" pos="0.00" speed="0.00" posLat="0.00"/>
    <vehicle id="v674" type="DEFAULT_VEHTYPE" depart="674.00" route="!v674" speedFactor="0.89" state="9223372036854775807 0 -1.00 0 0" pos="0.00" speed="0.00" posLat="0.00"/>
    <vehicle id="v676" type="DEFAULT_VEHTYPE" depart="676.00" route="!v676" speedFactor="1.13" state="9223372036854775807 0 -1.00 0 0" pos="0.00" speed="0.00" posLat="0.00"/>
    <vehicle id="v679" type="DEFAULT_VEHTYPE" depart="679.00" route="!v679" speedFactor="0.99" state="9223372036854775807 0 -1.00 0 0" pos="0.00" speed="0.00" posLat="0.00"/>
    <vehicle id="v681" type="DEFAULT_VEHTYPE" depart="681.00" route="!v681" speedFactor="1.13" state="9223372036854775807 0 -1.00 0 0" pos="0.00" speed="0.00" posLat="0.00"/>
    <vehicle id="v682" type="DEFAULT_VEHTYPE" depart="682.00" route="!v682" speedFactor="0.97" state="9223372036854775807 0 -1.00 0 0" pos="0.00" speed="0.00" posLat="0.00"/>
    <vehicle id="v686" type="DEFAULT_VEHTYPE" depart="686.00" route="!v686" speedFactor="0.89" state="9223372036854775807 0 -1.00 0 0" pos="0.00" speed="0.00" posLat="0.00"/>
    <vehicle id="v688" type="DEFAULT_VEHTYPE" depart="688.00" route="!v688" speedFactor="0.79" state="9223372036854775807 0 -1.00 0 0" pos="0.00" speed="0.00" posLat="0.00"/>
    <vehicle id="v689" type="DEFAULT_VEHTYPE" depart="689.00" route="!v689" speedFactor="1.22" state="9223372036854775807 0 -1.00 0 0" pos="0.00" speed="0.00" posLat="0.00"/>
    <vehicle id="v691" type="DEFAULT_VEHTYPE" depart="691.00" route="!v691" speedFactor="1.10" state="9223372036854775807 0 -1.00 0 0" pos="0.00" speed="0.00" posLat="0.00"/>
    <vehicle id="v693" type="DEFAULT_VEHTYPE" depart="693.00" route="!v693" speedFactor="0.93" state="9223372036854775807 0 -1.00 0 0" pos="0.00" speed="0.00" posLat="0.00"/>
    <vehicle id="v694" type="DEFAULT_VEHTYPE" depart="694.00" route="!v694" speedFactor="0.95" state="9223372036854775807 0 -1.00 0 0" pos="0.00" speed="0.00" posLat="0.00"/>
    <vehicle id="v696" type="DEFAULT_VEHTYPE" depart="696.00" route="!v696" speedFactor="1.10" state="9223372036854775807 0 -1.00 0 0" pos="0.00" speed="0.00" posLat="0.00"/>
    <vehicle id="v697" type="DEFAULT_VEHTYPE" depart="697.00" route="!v697" speedFactor="0.98" state="9223372036854775807 0 -1.00 0 0" pos="0.00" speed="0.00" posLat="0.00"/>
    <vehicle id="v701" type="DEFAULT_VEHTYPE" depart="701.00" route="!v701" speedFactor="0.93" state="9223372036854775807 0 -1.00 0 0" pos="0.00" speed="0.00" posLat="0.00"/>
    <vehicle id="v712" type="DEFAULT_VEHTYPE" depart="712.00" route="!v712" speedFactor="1.01" state="9223372036854775807 0 -1.00 0 0" pos="0.00" speed="0.00" posLat="0.00"/>
    <vehicle id="v714" type="DEFAULT_VEHTYPE" depart="714.00" route="!v714" speedFactor="0.99" state="9223372036854775807 0 -1.00 0 0" pos="0.00" speed="0.00" posLat="0.00"/>
    <vehicle id="v715" type="DEFAULT_VEHTYPE" depart="715.00" route="!v715" speedFactor="1.14" state="9223372036854775807 0 -1.00 0 0" pos="0.00" speed="0.00" posLat="0.00"/>
    <vehicle id="v716" type="DEFAULT_VEHTYPE" depart="716.00" route="!v716" speedFactor="0.99" state="9223372036854775807 0 -1.00 0 0" pos="0.00" speed="0.00" posLat="0.00"/>
    <vehicle id="v717" type="DEFAULT_VEHTYPE" depart="717.00" route="!v717" speedFactor="1.18" state="9223372036854775807 0 -1.00 0 0" pos="0.00" speed="0.00" posLat="0.00"/>
    <vehicle id="v720" type="DEFAULT_VEHTYPE" depart="720.00" route="!v720" speedFactor="1.01" state="9223372036854775807 0 -1.00 0 0" pos="0.00" speed="0.00" posLat="0.00"/>
    <vehicle id="v721" type="DEFAULT_VEHTYPE" depart="721.00" route="!v721" speedFactor="0.93" state="9223372036854775807 0 -1.00 0 0" pos="0.00" speed="0.00" posLat="0.00"/>
    <vehicle id="v723" type="DEFAULT_VEHTYPE" depart="723.00" route="!v723" speedFactor="1.07" state="9223372036854775807 0 -1.00 0 0" pos="0.00" speed="0.00" posLat="0.00"/>
    <vehicle id="v724" type="DEFAULT_VEHTYPE" depart="724.00" route="!v724" speedFactor="1.11" state="9223372036854775807 0 -1.00 0 0" pos="0.00" speed="0.00" posLat="0.00"/>
    <vehicle id="v728" type="DEFAULT_VEHTYPE" depart="728.00" route="!v728" speedFactor="1.01" state="9223372036854775807 0 -1.00 0 0" pos="0.00" speed="0.00" posLat="0.00"/>
    <vehicle id="v730" type="DEFAULT_VEHTYPE" depart="730.00" route="!v730" speedFactor="1.01" state="9223372036854775807 0 -1.00 0 0" pos="0.00" speed="0.00" posLat="0.00"/>
    <vehicle id="v731" type="DEFAULT_VEHTYPE" depart="731.00" route="!v731" speedFactor="1.31" state="9223372036854775807 0 -1.00 0 0" pos="0.00" speed="0.00" posLat="0.00"/>
    <vehicle id="v733" type="DEFAULT_VEHTYPE" depart="733.00" route="!v733" speedFactor="0.95" state="9223372036854775807 0 -1.00 0 0" pos="0.00" speed="0.00" posLat="0.00"/>
    <vehicle id="v734" type="DEFAULT_VEHTYPE" depart="734.00" route="!v734" speedFactor="1.01" state="9223372036854775807 0 -1.00 0 0" pos="0.00" speed="0.00" posLat="0.00"/>
    <vehicle id="v738" type="DEFAULT_VEHTYPE" depart="738.00" route="!v738" speedFactor="1.08" state="9223372036854775807 0 -1.00 0 0" pos="0.00" speed="0.00" posLat="0.00"/>
    <vehicle id="v739" type="DEFAULT_VEHTYPE" depart="739.00" route="!v739" speedFactor="0.87" state="9223372036854775807 0 -1.00 0 0" pos="0.00" speed="0.00" posLat="0.00"/>
    <vehicle id="v740" type="DEFAULT_VEHTYPE" depart="740.00" route="!v740" speedFactor="0.99" state="9223372036854775807 0 -1.00 0 0" pos="0.00" speed="0.00" posLat="0.00"/>
    <vehicle id="v741" type="DEFAULT_VEHTYPE" depart="741.00" route="!v741" speedFactor="1.10" state="9223372036854775807 0 -1.00 0 0" pos="0.00" speed="0.00" posLat="0.00"/>
    <vehicle id="v746" type="DEFAULT_VEHTYPE" depart="746.00" route="!v746" speedFactor="0.95" state="9223372036854775807 0 -1.00 0 0" pos="0.00" speed="0.00" posLat="0.00"/>
    <vehicle id="v749" type="DEFAULT_VEHTYPE" depart="749.00" route="!v749" speedFactor="0.95" state="9223372036854775807 0 -1.00 0 0" pos="0.00" speed="0.00" posLat="0.00"/>
    <vehicle id="v750" type="DEFAULT_VEHTYPE" depart="750.00" route="!v750" speedFactor="1.14" state="9223372036854775807 0 -1.00 0 0" pos="0.00" speed="0.00" posLat="0.00"/>
    <vehicle id="v752" type="DEFAULT_VEHTYPE" depart="752.00" route="!v752" speedFactor="0.88" state="9223372036854775807 0 -1.00 0 0" pos="0.00" speed="0.00" posLat="0.00"/>
    <vehicle id="v753" type="DEFAULT_VEHTYPE" depart="753.00" route="!v753" speedFactor="1.03" state="9223372036854775807 0 -1.00 0 0" pos="0.00" speed="0.00" posLat="0.00"/>
    <vehicle id="v763" type="DEFAULT_VEHTYPE" depart="763.00" route="!v763" speedFactor="1.05" state="9223372036854775807 0 -1.00 0 0" pos="0.00" speed="0.00" posLat="0.00"/>
    <vehicle id="v767" type="DEFAULT_VEHTYPE" depart="767.00" route="!v767" speedFactor="1.14" state="9223372036854775807 0 -1.00 0 0" pos="0.00" speed="0.00" posLat="0.00"/>
    <vehicle id="v773" type="DEFAULT_VEHTYPE" depart="773.00" route="!v773" speedFactor="1.14" state="9223372036854775807 0 -1.00 0 0" pos="0.00" speed="0.00" posLat="0.00"/>
    <vehicle id="v775" type="DEFAULT_VEHTYPE" depart="775.00" route="!v775" speedFactor="1.14" state="9223372036854775807 0 -1.00 0 0" pos="0.00" speed="0.00" posLat="0.00"/>
    <vehicle id="v780" type="DEFAULT_VEHTYPE" depart="780.00" route="!v780" speedFactor="1.07" state="9223372036854775807 0 -1.00 0 0" pos="0.00" speed="0.00" posLat="0.00"/>
    <vehicle id="v781" type="DEFAULT_VEHTYPE" depart="781.00" route="!v781" speedFactor="1.00" state="9223372036854775807 0 -1.00 0 0" pos="0.00" speed="0.00" posLat="0.00"/>
    <vehicle id="v782" type="DEFAULT_VEHTYPE" depart="782.00" route="!v782" speedFactor="0.77" state="9223372036854775807 0 -1.00 0 0" pos="0.00" speed="0.00" posLat="0.00"/>
    <vehicle id="v785" type="DEFAULT_VEHTYPE" depart="785.00" route="!v785" speedFactor="0.75" state="9223372036854775807 0 -1.00 0 0" pos="0.00" speed="0.00" posLat="0.00"/>
    <vehicle id="v788" type="DEFAULT_VEHTYPE" depart="788.00" route="!v788" speedFactor="0.98" state="9223372036854775807 0 -1.00 0 0" pos="0.00" speed="0.00" posLat="0.00"/>
    <vehicle id="v792" type="DEFAULT_VEHTYPE" depart="792.00" route="!v792" speedFactor="0.99" state="9223372036854775807 0 -1.00 0 0" pos="0.00" speed="0.00" posLat="0.00"/>
    <vehicle id="v811" type="DEFAULT_VEHTYPE" depart="811.00" route="!v811" speedFactor="0.84" state="9223372036854775807 0 -1.00 0 0" pos="0.00" speed="0.00" posLat="0.00"/>
    <vehicle id="v814" type="DEFAULT_VEHTYPE" depart="814.00" route="!v814" speedFactor="1.19" state="9223372036854775807 0 -1.00 0 0" pos="0.00" speed="0.00" posLat="0.00"/>
    <vehicle id="v817" type="DEFAULT_VEHTYPE" depart="817.00" route="!v817" speedFactor="1.05" state="9223372036854775807 0 -1.00 0 0" pos="0.00" speed="0.00" posLat="0.00"/>
    <vehicle id="v821" type="DEFAULT_VEHTYPE" depart="821.00" route="!v821" speedFactor="0.92" state="9223372036854775807 0 -1.00 0 0" pos="0.00" speed="0.00" posLat="0.00"/>
    <vehicle id="v822" type="DEFAULT_VEHTYPE" depart="822.00" route="!v822" speedFactor="1.03" state="9223372036854775807 0 -1.00 0 0" pos="0.00" speed="0.00" posLat="0.00"/>
    <vehicle id="v823" type="DEFAULT_VEHTYPE" depart="823.00" route="!v823" speedFactor="0.95" state="9223372036854775807 0 -1.00 0 0" pos="0.00" speed="0.00" posLat="0.00"/>
    <vehicle id="v824" type="DEFAULT_VEHTYPE" depart="824.00" route="!v824" speedFactor="1.06" state="9223372036854775807 0 -1.00 0 0" pos="0.00" speed="0.00" posLat="0.00"/>
    <vehicle id="v825" type="DEFAULT_VEHTYPE" depart="825.00" route="!v825" speedFactor="1.11" state="9223372036854775807 0 -1.00 0 0" pos="0.00" speed="0.00" posLat="0.00"/>
    <vehicle id="v828" type="DEFAULT_VEHTYPE" depart="828.00" route="!v828" speedFactor="0.81" state="9223372036854775807 0 -1.00 0 0" pos="0.00" speed="0.00" posLat="0.00"/>
    <vehicle id="v831" type="DEFAULT_VEHTYPE" depart="831.00" route="!v831" speedFactor="1.00" state="9223372036854775807 0 -1.00 0 0" pos="0.00" speed="0.00" posLat="0.00"/>
    <vehicle id="v842" type="DEFAULT_VEHTYPE" depart="842.00" route="!v842" speedFactor="0.79" state="9223372036854775807 0 -1.00 0 0" pos="0.00" speed="0.00" posLat="0.00"/>
    <vehicle id="v846" type="DEFAULT_VEHTYPE" depart="846.00" route="!v846" speedFactor="0.76" state="9223372036854775807 0 -1.00 0 0" pos="0.00" speed="0.00" posLat="0.00"/>
    <vehicle id="v849" type="DEFAULT_VEHTYPE" depart="849.00" route="!v849" speedFactor="0.86" state="9223372036854775807 0 -1.00 0 0" pos="0.00" speed="0.00" posLat="0.00"/>
    <vehicle id="v852" type="DEFAULT_VEHTYPE" depart="852.00" route="!v852" speedFactor="0.96" state="9223372036854775807 0 -1.00 0 0" pos="0.00" speed="0.00" posLat="0.00"/>
    <vehicle id="v858" type="DEFAULT_VEHTYPE" depart="858.00" route="!v858" speedFactor="0.84" state="9223372036854775807 0 -1.00 0 0" pos="0.00" speed="0.00" posLat="0.00"/>
    <vehicle id="v865" type="DEFAULT_VEHTYPE" depart="865.00" route="!v865" speedFactor="1.17" state="9223372036854775807 0 -1.00 0 0" pos="0.00" speed="0.00" posLat="0.00"/>
    <vehicle id="v873" type="DEFAULT_VEHTYPE" depart="873.00" route="!v873" speedFactor="1.05" state="9223372036854775807 0 -1.00 0 0" pos="0.00" speed="0.00" posLat="0.00"/>
    <vehicle id="v877" type="DEFAULT_VEHTYPE" depart="877.00" route="!v877" speedFactor="0.91" state="9223372036854775807 0 -1.00 0 0" pos="0.00" speed="0.00" posLat="0.00"/>
    <vehicle id="v879" type="DEFAULT_VEHTYPE" depart="879.00" route="!v879" speedFactor="1.06" state="9223372036854775807 0 -1.00 0 0" pos="0.00" speed="0.00" posLat="0.00"/>
    <vehicle id="v880" type="DEFAULT_VEHTYPE" depart="880.00" route="!v880" speedFactor="0.98" state="9223372036854775807 0 -1.00 0 0" pos="0.00" speed="0.00" posLat="0.00"/>
    <vehicle id="v881" type="DEFAULT_VEHTYPE" depart="881.00" route="!v881" speedFactor="0.96" state="9223372036854775807 0 -1.00 0 0" pos="0.00" speed="0.00" posLat="0.00"/>
    <vehicle id="v884" type="DEFAULT_VEHTYPE" depart="884.00" route="!v884" speedFactor="1.01" state="9223372036854775807 0 -1.00 0 0" pos="0.00" speed="0.00" posLat="0.00"/>
    <vehicle id="v889" type="DEFAULT_VEHTYPE" depart="889.00" route="!v889" speedFactor="1.05" state="9223372036854775807 0 -1.00 0 0" pos="0.00" speed="0.00" posLat="0.00"/>
    <vehicle id="v890" type="DEFAULT_VEHTYPE" depart="890.00" route="!v890" speedFactor="1.06" state="9223372036854775807 0 -1.00 0 0" pos="0.00" speed="0.00" posLat="0.00"/>
    <vehicle id="v894" type="DEFAULT_VEHTYPE" depart="894.00" route="!v894" speedFactor="1.08" state="9223372036854775807 0 -1.00 0 0" pos="0.00" speed="0.00" posLat="0.00"/>
    <vehicle id="v895" type="DEFAULT_VEHTYPE" depart="895.00" route="!v895" speedFactor="1.02" state="9223372036854775807 0 -1.00 0 0" pos="0.00" speed="0.00" posLat="0.00"/>
    <vehicle id="v898" type="DEFAULT_VEHTYPE" depart="898.00" route="!v898" speedFactor="0.81" state="9223372036854775807 0 -1.00 0 0" pos="0.00" speed="0.00" posLat="0.00"/>
    <vehicle id="v912" type="DEFAULT_VEHTYPE" depart="912.00" route="!v912" speedFactor="1.01" state="9223372036854775807 0 -1.00 0 0" pos="0.00" speed="0.00" posLat="0.00"/>
    <vehicle id="v914" type="DEFAULT_VEHTYPE" depart="914.00" route="!v914" speedFactor="0.92" state="9223372036854775807 0 -1.00 0 0" pos="0.00" speed="0.00" posLat="0.00"/>
    <vehicle id="v916" type="DEFAULT_VEHTYPE" depart="916.00" route="!v916" speedFactor="0.91" state="9223372036854775807 0 -1.00 0 0" pos="0.00" speed="0.00" posLat="0.00"/>
    <vehicle id="v920" type="DEFAULT_VEHTYPE" depart="920.00" route="!v920!var#7" speedFactor="0.99" state="921600 17 5.10 0 1359800" pos="35.55" speed="11.65" posLat="0.00"/>
    <vehicle id="v921" type="DEFAULT_VEHTYPE" depart="921.00" route="!v921" speedFactor="0.91" state="9223372036854775807 0 -1.00 0 0" pos="0.00" speed="0.00" posLat="0.00"/>
    <vehicle id="v923" type="DEFAULT_VEHTYPE" depart="923.00" route="!v923!var#5" speedFactor="1.12" state="944200 17 5.10 0 1359800" pos="73.32" speed="5.57" posLat="0.00"/>
    <vehicle id="v924" type="DEFAULT_VEHTYPE" depart="924.00" route="!v924!var#7" speedFactor="0.97" state="924000 18 5.10 0 1359800" pos="4.77" speed="11.30" posLat="0.00"/>
    <vehicle id="v925" type="DEFAULT_VEHTYPE" depart="925.00" route="!v925" speedFactor="0.97" state="9223372036854775807 0 -1.00 0 0" pos="0.00" speed="0.00" posLat="0.00"/>
    <vehicle id="v927" type="DEFAULT_VEHTYPE" depart="927.00" route="!v927" speedFactor="0.90" state="9223372036854775807 0 -1.00 0 0" pos="0.00" speed="0.00" posLat="0.00"/>
    <vehicle id="v929" type="DEFAULT_VEHTYPE" depart="929.00" route="!v929!var#6" speedFactor="0.96" state="929200 17 5.10 0 1359800" pos="0.47" speed="1.36" posLat="0.00"/>
    <vehicle id="v932" type="DEFAULT_VEHTYPE" depart="932.00" route="!v932" speedFactor="0.92" state="9223372036854775807 0 -1.00 0 0" pos="0.00" speed="0.00" posLat="0.00"/>
    <vehicle id="v933" type="DEFAULT_VEHTYPE" depart="933.00" route="!v933!var#7" speedFactor="0.90" state="933000 19 5.10 0 1359800" pos="8.60" speed="6.19" posLat="0.00"/>
    <vehicle id="v934" type="DEFAULT_VEHTYPE" depart="934.00" route="!v934" speedFactor="1.02" state="9223372036854775807 0 -1.00 0 0" pos="0.00" speed="0.00" posLat="0.00"/>
    <vehicle id="v935" type="DEFAULT_VEHTYPE" depart="935.00" route="!v935!var#5" speedFactor="0.90" state="983000 14 5.10 0 1359800" pos="85.41" speed="1.12" posLat="0.00"/>
    <vehicle id="v936" type="DEFAULT_VEHTYPE" depart="936.00" route="!v936" speedFactor="1.11" state="9223372036854775807 0 -1.00 0 0" pos="0.00" speed="0.00" posLat="0.00"/>
    <vehicle id="v937" type="DEFAULT_VEHTYPE" depart="937.00" route="!v937" speedFactor="1.00" state="9223372036854775807 0 -1.00 0 0" pos="0.00" speed="0.00" posLat="0.00"/>
    <vehicle id="v939" type="DEFAULT_VEHTYPE" depart="939.00" route="!v939!var#6" speedFactor="1.07" state="939000 18 5.10 0 1359800" pos="41.07" speed="7.85" posLat="0.00"/>
    <vehicle id="v940" type="DEFAULT_VEHTYPE" depart="940.00" route="!v940!var#6" speedFactor="0.89" state="940000 17 5.10 0 1359800" pos="70.40" speed="6.40" posLat="0.00"/>
    <vehicle id="v941" type="DEFAULT_VEHTYPE" depart="941.00" route="!v941!var#6" speedFactor="1.00" state="942600 17 5.10 0 1359800" pos="37.81" speed="8.08" posLat="0.00"/>
    <vehicle id="v942" type="DEFAULT_VEHTYPE" depart="942.00" route="!v942!var#4" speedFactor="0.83" state="989600 14 5.10 0 1359800" pos="78.23" speed="8.41" posLat="0.00"/>
    <vehicle id="v943" type="DEFAULT_VEHTYPE" depart="943.00" route="!v943" speedFactor="0.92" state="9223372036854775807 0 -1.00 0 0" pos="0.00" speed="0.00" posLat="0.00"/>
    <vehicle id="v946" type="DEFAULT_VEHTYPE" depart="946.00" route="!v946" speedFactor="1.08" state="9223372036854775807 0 -1.00 0 0" pos="0.00" speed="0.00" posLat="0.00"/>
    <vehicle id="v947" type="DEFAULT_VEHTYPE" depart="947.00" route="!v947" speedFactor="1.04" state="9223372036854775807 0 -1.00 0 0" pos="0.00" speed="0.00" posLat="0.00"/>
    <vehicle id="v953" type="DEFAULT_VEHTYPE" depart="953.00" route="!v953" speedFactor="1.03" state="9223372036854775807 0 -1.00 0 0" pos="0.00" speed="0.00" posLat="0.00"/>
    <vehicle id="v955" type="DEFAULT_VEHTYPE" depart="955.00" route="!v955" speedFactor="0.91" state="9223372036854775807 0 -1.00 0 0" pos="0.00" speed="0.00" posLat="0.00"/>
    <vehicle id="v956" type="DEFAULT_VEHTYPE" depart="956.00" route="!v956" speedFactor="0.98" state="9223372036854775807 0 -1.00 0 0" pos="0.00" speed="0.00" posLat="0.00"/>
    <vehicle id="v959" type="DEFAULT_VEHTYPE" depart="959.00" route="!v959" speedFactor="1.11" state="9223372036854775807 0 -1.00 0 0" pos="0.00" speed="0.00" posLat="0.00"/>
    <vehicle id="v960" type="DEFAULT_VEHTYPE" depart="960.00" route="!v960" speedFactor="1.09" state="9223372036854775807 0 -1.00 0 0" pos="0.00" speed="0.00" posLat="0.00"/>
    <vehicle id="v963" type="DEFAULT_VEHTYPE" depart="963.00" route="!v963" speedFactor="1.23" state="9223372036854775807 0 -1.00 0 0" pos="0.00" speed="0.00" posLat="0.00"/>
    <vehicle id="v965" type="DEFAULT_VEHTYPE" depart="965.00" route="!v965!var#7" speedFactor="1.05" state="965600 20 5.10 0 1359800" pos="2.78" speed="14.35" posLat="0.00"/>
    <vehicle id="v969" type="DEFAULT_VEHTYPE" depart="969.00" route="!v969" speedFactor="1.09" state="9223372036854775807 0 -1.00 0 0" pos="0.00" speed="0.00" posLat="0.00"/>
    <vehicle id="v970" type="DEFAULT_VEHTYPE" depart="970.00" route="!v970!var#6" speedFactor="1.08" state="971000 18 5.10 0 1359800" pos="20.17" speed="9.90" posLat="0.00"/>
    <vehicle id="v972" type="DEFAULT_VEHTYPE" depart="972.00" route="!v972" speedFactor="0.98" state="9223372036854775807 0 -1.00 0 0" pos="0.00" speed="0.00" posLat="0.00"/>
    <vehicle id="v975" type="DEFAULT_VEHTYPE" depart="975.00" route="!v975" speedFactor="0.96" state="9223372036854775807 0 -1.00 0 0" pos="0.00" speed="0.00" posLat="0.00"/>
    <vehicle id="v976" type="DEFAULT_VEHTYPE" depart="976.00" route="!v976" speedFactor="0.85" state="9223372036854775807 0 -1.00 0 0" pos="0.00" speed="0.00" posLat="0.00"/>
    <vehicle id="v977" type="DEFAULT_VEHTYPE" depart="977.00" route="!v977" speedFactor="1.07" state="9223372036854775807 0 -1.00 0 0" pos="0.00" speed="0.00" posLat="0.00"/>
    <vehicle id="v978" type="DEFAULT_VEHTYPE" depart="978.00" route="!v978!var#6" speedFactor="1.00" state="978000 17 5.10 0 1359800" pos="0.19" speed="6.11" posLat="0.00"/>
    <vehicle id="v979" type="DEFAULT_VEHTYPE" depart="979.00" route="!v979" speedFactor="0.97" state="9223372036854775807 0 -1.00 0 0" pos="0.00" speed="0.00" posLat="0.00"/>
    <vehicle id="v984" type="DEFAULT_VEHTYPE" depart="984.00" route="!v984" speedFactor="1.20" state="9223372036854775807 0 -1.00 0 0" pos="0.00" speed="0.00" posLat="0.00"/>
    <vehicle id="v985" type="DEFAULT_VEHTYPE" depart="985.00" route="!v985!var#5" speedFactor="1.03" state="986400 17 5.10 0 1359800" pos="18.53" speed="9.34" posLat="0.00"/>
    <vehicle id="v986" type="DEFAULT_VEHTYPE" depart="986.00" route="!v986!var#5" speedFactor="1.01" state="989000 17 5.10 0 1359800" pos="58.10" speed="6.26" posLat="0.00"/>
    <vehicle id="v987" type="DEFAULT_VEHTYPE" depart="987.00" route="!v987!var#5" speedFactor="1.11" state="991800 16 5.10 0 1359800" pos="55.14" speed="7.01" posLat="0.00"/>
    <vehicle id="v988" type="DEFAULT_VEHTYPE" depart="988.00" route="!v988!var#7" speedFactor="0.98" state="988000 16 5.10 0 1359800" pos="127.86" speed="6.70" posLat="0.00"/>
    <vehicle id="v991" type="DEFAULT_VEHTYPE" depart="991.00" route="!v991!var#5" speedFactor="1.03" state="991000 17 5.10 0 1359800" pos="91.72" speed="14.21" posLat="0.00"/>
    <vehicle id="v993" type="DEFAULT_VEHTYPE" depart="993.00" route="!v993!var#4" speedFactor="0.89" state="1004200 16 5.10 0 1359800" pos="37.03" speed="12.21" posLat="0.00"/>
    <vehicle id="v995" type="DEFAULT_VEHTYPE" depart="995.00" route="!v995!var#3" speedFactor="0.77" state="998000 13 5.10 0 1359800" pos="60.76" speed="8.84" posLat="0.00"/>
    <vehicle id="v996" type="DEFAULT_VEHTYPE" depart="996.00" route="!v996!var#3" speedFactor="1.05" state="1000600 13 5.10 0 1359800" pos="112.34" speed="7.28" posLat="0.00"/>
    <vehicle id="v997" type="DEFAULT_VEHTYPE" depart="997.00" route="!v997" speedFactor="1.17" state="9223372036854775807 0 -1.00 0 0" pos="0.00" speed="0.00" posLat="0.00"/>
    <vehicle id="v999" type="DEFAULT_VEHTYPE" depart="999.00" route="!v999" speedFactor="0.93" state="9223372036854775807 0 -1.00 0 0" pos="0.00" speed="0.00" posLat="0.00"/>
    <vehicleTransfer id="v228" depart="1361571"/>
    <vehicleTransfer id="v248" depart="1368773"/>
    <vehicleTransfer id="v300" depart="1371859"/>
    <lane id=":n0_0_0">
        <vehicles value=""/>
    </lane>
    <lane id=":n1_0_0">
        <vehicles value=""/>
    </lane>
    <lane id=":n1_1_0">
        <vehicles value=""/>
    </lane>
    <lane id=":n10_0_0">
        <vehicles value=""/>
    </lane>
    <lane id=":n10_1_0">
        <vehicles value=""/>
    </lane>
    <lane id=":n10_2_0">
        <vehicles value="v543"/>
    </lane>
    <lane id=":n10_3_0">
        <vehicles value=""/>
    </lane>
    <lane id=":n11_0_0">
        <vehicles value=""/>
    </lane>
    <lane id=":n11_1_0">
        <vehicles value=""/>
    </lane>
    <lane id=":n11_2_0">
        <vehicles value=""/>
    </lane>
    <lane id=":n12_0_0">
        <vehicles value="v522"/>
    </lane>
    <lane id=":n13_0_0">
        <vehicles value=""/>
    </lane>
    <lane id=":n14_0_0">
        <vehicles value=""/>
    </lane>
    <lane id=":n15_0_0">
        <vehicles value=""/>
    </lane>
    <lane id=":n16_0_0">
        <vehicles value=""/>
    </lane>
    <lane id=":n17_0_0">
        <vehicles value=""/>
    </lane>
    <lane id=":n18_0_0">
        <vehicles value=""/>
    </lane>
    <lane id=":n19_0_0">
        <vehicles value=""/>
    </lane>
    <lane id=":n20_0_0">
        <vehicles value=""/>
    </lane>
    <lane id=":n21_0_0">
        <vehicles value=""/>
    </lane>
    <lane id=":n22_0_0">
        <vehicles value=""/>
    </lane>
    <lane id=":n22_1_0">
        <vehicles value=""/>
    </lane>
    <lane id=":n22_2_0">
        <vehicles value=""/>
    </lane>
    <lane id=":n23_0_0">
        <vehicles value=""/>
    </lane>
    <lane id=":n24_0_0">
        <vehicles value=""/>
    </lane>
    <lane id=":n25_0_0">
        <vehicles value=""/>
    </lane>
    <lane id=":n25_1_0">
        <vehicles value=""/>
    </lane>
    <lane id=":n25_2_0">
        <vehicles value=""/>
    </lane>
    <lane id=":n26_0_0">
        <vehicles value=""/>
    </lane>
    <lane id=":n26_1_0">
        <vehicles value=""/>
    </lane>
    <lane id=":n27_0_0">
        <vehicles value="v188"/>
    </lane>
    <lane id=":n27_1_0">
        <vehicles value="v364 v363"/>
    </lane>
    <lane id=":n28_0_0">
        <vehicles value=""/>
    </lane>
    <lane id=":n28_1_0">
        <vehicles value=""/>
    </lane>
    <lane id=":n28_2_0">
        <vehicles value=""/>
    </lane>
    <lane id=":n28_3_0">
        <vehicles value=""/>
    </lane>
    <lane id=":n29_0_0">
        <vehicles value=""/>
    </lane>
    <lane id=":n29_1_0">
        <vehicles value="v259"/>
    </lane>
    <lane id=":n3_0_0">
        <vehicles value=""/>
    </lane>
    <lane id=":n3_1_0">
        <vehicles value="v615"/>
    </lane>
    <lane id=":n30_0_0">
        <vehicles value=""/>
    </lane>
    <lane id=":n30_1_0">
        <vehicles value=""/>
    </lane>
    <lane id=":n31_0_0">
        <vehicles value="v166"/>
    </lane>
    <lane id=":n31_1_0">
        <vehicles value=""/>
    </lane>
    <lane id=":n31_2_0">
        <vehicles value=""/>
    </lane>
    <lane id=":n31_3_0">
        <vehicles value=""/>
    </lane>
    <lane id=":n32_0_0">
        <vehicles value=""/>
    </lane>
    <lane id=":n32_1_0">
        <vehicles value=""/>
    </lane>
    <lane id=":n34_0_0">
        <vehicles value="v299"/>
    </lane>
    <lane id=":n34_1_0">
        <vehicles value=""/>
    </lane>
    <lane id=":n35_0_0">
        <vehicles value=""/>
    </lane>
    <lane id=":n4_0_0">
        <vehicles value=""/>
    </lane>
    <lane id=":n4_1_0">
        <vehicles value="v609"/>
    </lane>
    <lane id=":n4_2_0">
        <vehicles value=""/>
    </lane>
    <lane id=":n4_3_0">
        <vehicles value=""/>
    </lane>
    <lane id=":n5_0_0">
        <vehicles value="v597"/>
    </lane>
    <lane id=":n5_1_0">
        <vehicles value=""/>
    </lane>
    <lane id=":n6_0_0">
        <vehicles value=""/>
    </lane>
    <lane id=":n6_1_0">
        <vehicles value=""/>
    </lane>
    <lane id=":n7_0_0">
        <vehicles value=""/>
    </lane>
    <lane id=":n7_1_0">
        <vehicles value="v564"/>
    </lane>
    <lane id=":n7_2_0">
        <vehicles value=""/>
    </lane>
    <lane id=":n7_3_0">
        <vehicles value=""/>
    </lane>
    <lane id=":n8_0_0">
        <vehicles value=""/>
    </lane>
    <lane id=":n8_1_0">
        <vehicles value=""/>
    </lane>
    <lane id=":n9_0_0">
        <vehicles value=""/>
    </lane>
    <lane id=":n9_1_0">
        <vehicles value=""/>
    </lane>
    <lane id="e0_0">
        <vehicles value=""/>
    </lane>
    <lane id="e1_0">
        <vehicles value="v596 v595 v592 v591 v588 v586 v580"/>
    </lane>
    <lane id="e10_0">
        <vehicles value=""/>
    </lane>
    <lane id="e11_0">
        <vehicles value="v579 v577 v574 v569 v567"/>
    </lane>
    <lane id="e12_0">
        <vehicles value=""/>
    </lane>
    <lane id="e13_0">
        <vehicles value=""/>
    </lane>
    <lane id="e14_0">
        <vehicles value=""/>
    </lane>
    <lane id="e15_0">
        <vehicles value=""/>
    </lane>
    <lane id="e16_0">
        <vehicles value=""/>
    </lane>
    <lane id="e17_0">
        <vehicles value=""/>
    </lane>
    <lane id="e18_0">
        <vehicles value=""/>
    </lane>
    <lane id="e19_0">
        <vehicles value=""/>
    </lane>
    <lane id="e2_0">
        <vehicles value=""/>
    </lane>
    <lane id="e20_0">
        <vehicles value=""/>
    </lane>
    <lane id="e21_0">
        <vehicles value=""/>
    </lane>
    <lane id="e22_0">
        <vehicles value="v563 v561 v560 v559 v557"/>
    </lane>
    <lane id="e23_0">
        <vehicles value="v542 v540 v535 v534 v531 v528 v525"/>
    </lane>
    <lane id="e24_0">
        <vehicles value=""/>
    </lane>
    <lane id="e25_0">
        <vehicles value="v521 v518 v514 v512 v507"/>
    </lane>
    <lane id="e26_0">
        <vehicles value="v506 v497 v495 v492"/>
    </lane>
    <lane id="e27_0">
        <vehicles value=""/>
    </lane>
    <lane id="e28_0">
        <vehicles value=""/>
    </lane>
    <lane id="e29_0">
        <vehicles value="v488 v484 v471 v464 v459 v458 v451 v449 v445 v444 v443 v441"/>
    </lane>
    <lane id="e3_0">
        <vehicles value=""/>
    </lane>
    <lane id="e30_0">
        <vehicles value=""/>
    </lane>
    <lane id="e31_0">
        <vehicles value=""/>
    </lane>
    <lane id="e32_0">
        <vehicles value=""/>
    </lane>
    <lane id="e33_0">
        <vehicles value="v292 v290 v289 v281 v278 v268 v262"/>
    </lane>
    <lane id="e34_0">
        <vehicles value=""/>
    </lane>
    <lane id="e35_0">
        <vehicles value=""/>
    </lane>
    <lane id="e36_0">
        <vehicles value=""/>
    </lane>
    <lane id="e37_0">
        <vehicles value="v436 v433 v428 v425 v419 v418 v417 v414 v413 v411 v403 v401 v396 v390 v386 v380 v378 v371 v367"/>
    </lane>
    <lane id="e38_0">
        <vehicles value="v224 v935"/>
    </lane>
    <lane id="e39_0">
        <vehicles value="v256 v252 v251 v244 v193 v239"/>
    </lane>
    <lane id="e4_0">
        <vehicles value=""/>
    </lane>
    <lane id="e40_0">
        <vehicles value="v189 v235 v158 v995 v942 v246 v996 v988"/>
    </lane>
    <lane id="e41_0">
        <vehicles value=""/>
    </lane>
    <lane id="e42_0">
        <vehicles value=""/>
    </lane>
    <lane id="e43_0">
        <vehicles value="v924 v347 v991"/>
    </lane>
    <lane id="e44_0">
        <vehicles value="v965 v219"/>
    </lane>
    <lane id="e45_0">
        <vehicles value="v978 v970 v939 v986 v923 v223"/>
    </lane>
    <lane id="e46_0">
        <vehicles value="v985 v941 v987 v940"/>
    </lane>
    <lane id="e47_0">
        <vehicles value="v933 v303 v993"/>
    </lane>
    <lane id="e48_0">
        <vehicles value=""/>
    </lane>
    <lane id="e49_0">
        <vehicles value="v929 v361 v920 v359 v173 v354"/>
    </lane>
    <lane id="e5_0">
        <vehicles value="v635 v632 v627 v620"/>
    </lane>
    <lane id="e6_0">
        <vehicles value=""/>
    </lane>
    <lane id="e7_0">
        <vehicles value="v606 v605"/>
    </lane>
    <lane id="e8_0">
        <vehicles value="v611 v610"/>
    </lane>
    <lane id="e9_0">
        <vehicles value=""/>
    </lane>
</snapshot>
