<?xml version="1.0" encoding="UTF-8"?>

<!-- generated on vie 27 sep 2019 16:38:09 CDT by Eclipse SUMO GUI Version 1.1.0
<configuration xmlns:xsi="http://www.w3.org/2001/XMLSchema-instance" xsi:noNamespaceSchemaLocation="http://sumo.dlr.de/xsd/sumoConfiguration.xsd">

    <input>
        <net-file value="generator/irregular_grid/net.net.xml"/>
        <route-files value="generator/irregular_grid/routes.rou.xml"/>
    </input>

    <output>
        <save-state.period value="10"/>
        <save-state.suffix value=".xml"/>
    </output>

    <time>
        <begin value="0"/>
        <end value="50000"/>
        <step-length value="0.2"/>
    </time>

    <traci_server>
        <remote-port value="55083"/>
    </traci_server>

    <gui_only>
        <tracker-interval value="0.2"/>
    </gui_only>

</configuration>
-->

<snapshot xmlns:xsi="http://www.w3.org/2001/XMLSchema-instance" xsi:noNamespaceSchemaLocation="http://sumo.dlr.de/xsd/state_file.xsd" version="1.1.0" time="1430.00">
    <route id="!v251" state="0" edges="e5 e9 e12 e13 e14 e15 e16 e17 e18 e19 e20 e21 e33 e48 e45 e47 e44"/>
    <route id="!v251!var#4" state="0" edges="e5 e8 e7 e1 e11 e22 e23 e25 e26 e29 e34 e35 e33 e39 e40 e46 e45 e47 e44"/>
    <route id="!v252" state="0" edges="e5 e8 e6 e2 e12 e27 e23 e25 e26 e29 e32 e31 e30 e33 e39 e40 e46 e45 e47 e44"/>
    <route id="!v252!var#4" state="0" edges="e5 e8 e7 e1 e11 e22 e23 e25 e26 e29 e34 e35 e33 e39 e40 e46 e45 e47 e44"/>
    <route id="!v256" state="0" edges="e5 e9 e12 e13 e14 e15 e16 e17 e18 e19 e20 e21 e33 e39 e40 e46 e45 e47 e44"/>
    <route id="!v256!var#4" state="0" edges="e5 e8 e7 e1 e11 e22 e23 e25 e26 e29 e34 e35 e33 e39 e40 e46 e45 e47 e44"/>
    <route id="!v259" state="0" edges="e5 e8 e6 e2 e12 e27 e28 e29 e34 e36 e40 e41 e44"/>
    <route id="!v259!var#4" state="0" edges="e5 e8 e7 e1 e11 e22 e23 e25 e26 e29 e34 e35 e33 e39 e40 e46 e45 e47 e44"/>
    <route id="!v262" state="0" edges="e5 e9 e12 e13 e14 e15 e16 e17 e18 e19 e20 e21 e33 e48 e45 e47 e44"/>
    <route id="!v262!var#4" state="0" edges="e5 e8 e7 e1 e11 e22 e23 e25 e26 e29 e34 e35 e33 e39 e40 e46 e45 e47 e44"/>
    <route id="!v268" state="0" edges="e5 e8 e6 e2 e12 e13 e14 e15 e16 e17 e18 e19 e20 e21 e33 e39 e38 e49 e42 e41 e44"/>
    <route id="!v268!var#3" state="0" edges="e5 e8 e7 e1 e11 e22 e23 e25 e26 e29 e34 e35 e33 e39 e40 e46 e45 e47 e44"/>
    <route id="!v278" state="0" edges="e5 e8 e7 e1 e24 e29 e37 e49 e42 e46 e45 e47 e44"/>
    <route id="!v278!var#3" state="0" edges="e5 e8 e7 e1 e11 e22 e23 e25 e26 e29 e34 e35 e33 e39 e40 e46 e45 e47 e44"/>
    <route id="!v281" state="0" edges="e5 e8 e7 e1 e24 e29 e37 e49 e42 e41 e44"/>
    <route id="!v281!var#3" state="0" edges="e5 e8 e7 e1 e11 e22 e23 e25 e26 e29 e34 e35 e33 e39 e40 e46 e45 e47 e44"/>
    <route id="!v289" state="0" edges="e5 e8 e6 e22 e28 e29 e32 e31 e30 e33 e48 e45 e47 e44"/>
    <route id="!v289!var#3" state="0" edges="e5 e8 e7 e1 e11 e22 e23 e25 e26 e29 e34 e35 e33 e39 e40 e46 e45 e47 e44"/>
    <route id="!v290" state="0" edges="e5 e9 e12 e13 e14 e15 e16 e17 e18 e19 e20 e21 e33 e48 e45 e47 e44"/>
    <route id="!v290!var#3" state="0" edges="e5 e8 e7 e1 e11 e22 e23 e25 e26 e29 e34 e35 e33 e39 e40 e46 e45 e47 e44"/>
    <route id="!v292" state="0" edges="e5 e9 e12 e13 e14 e15 e16 e17 e18 e19 e20 e21 e33 e39 e38 e49 e42 e46 e45 e47 e44"/>
    <route id="!v292!var#3" state="0" edges="e5 e8 e7 e1 e11 e22 e23 e25 e26 e29 e34 e35 e33 e39 e40 e46 e45 e47 e44"/>
    <route id="!v436" state="0" edges="e5 e8 e6 e22 e28 e29 e37 e49 e42 e46 e45 e47 e44"/>
    <route id="!v436!var#2" state="0" edges="e5 e8 e7 e1 e11 e22 e23 e25 e26 e29 e37 e49 e43"/>
    <route id="!v441" state="0" edges="e5 e9 e12 e13 e14 e15 e16 e17 e18 e19 e20 e21 e33 e39 e40 e41 e44"/>
    <route id="!v441!var#2" state="0" edges="e5 e8 e7 e1 e11 e22 e23 e25 e26 e29 e37 e49 e43"/>
    <route id="!v443" state="0" edges="e5 e9 e12 e13 e14 e15 e16 e17 e18 e19 e20 e21 e33 e48 e45 e47 e44"/>
    <route id="!v443!var#2" state="0" edges="e5 e8 e7 e1 e11 e22 e23 e25 e26 e29 e37 e49 e43"/>
    <route id="!v444" state="0" edges="e5 e9 e12 e27 e28 e29 e37 e49 e42 e41 e44"/>
    <route id="!v444!var#2" state="0" edges="e5 e8 e7 e1 e11 e22 e23 e25 e26 e29 e37 e49 e43"/>
    <route id="!v445" state="0" edges="e5 e8 e6 e2 e12 e27 e23 e25 e26 e29 e32 e31 e30 e33 e48 e45 e47 e44"/>
    <route id="!v445!var#2" state="0" edges="e5 e8 e7 e1 e11 e22 e23 e25 e26 e29 e37 e49 e43"/>
    <route id="!v449" state="0" edges="e5 e9 e12 e13 e14 e15 e16 e17 e18 e19 e20 e21 e33 e48 e45 e47 e44"/>
    <route id="!v449!var#3" state="0" edges="e5 e8 e7 e1 e11 e22 e23 e25 e26 e29 e32 e31 e30 e33 e39 e40 e46 e45 e47 e44"/>
    <route id="!v451" state="0" edges="e5 e8 e6 e2 e12 e27 e23 e25 e26 e29 e32 e31 e30 e33 e39 e38 e49 e43"/>
    <route id="!v451!var#3" state="0" edges="e5 e8 e7 e1 e11 e22 e23 e25 e26 e29 e32 e31 e30 e33 e39 e40 e46 e45 e47 e44"/>
    <route id="!v458" state="0" edges="e5 e9 e12 e13 e14 e15 e16 e17 e18 e19 e20 e21 e33 e48 e45 e47 e44"/>
    <route id="!v458!var#3" state="0" edges="e5 e8 e7 e1 e11 e22 e23 e25 e26 e29 e32 e31 e30 e33 e39 e40 e46 e45 e47 e44"/>
    <route id="!v459" state="0" edges="e5 e8 e7 e1 e11 e22 e23 e25 e26 e29 e34 e36 e40 e41 e44"/>
    <route id="!v459!var#3" state="0" edges="e5 e8 e7 e1 e11 e22 e23 e25 e26 e29 e32 e31 e30 e33 e39 e40 e46 e45 e47 e44"/>
    <route id="!v464" state="0" edges="e5 e9 e12 e27 e23 e25 e26 e29 e37 e49 e43"/>
    <route id="!v464!var#3" state="0" edges="e5 e8 e7 e1 e11 e22 e23 e25 e26 e29 e32 e31 e30 e33 e39 e40 e46 e45 e47 e44"/>
    <route id="!v471" state="0" edges="e5 e8 e7 e1 e11 e2 e12 e27 e28 e29 e37 e49 e42 e46 e45 e47 e44"/>
    <route id="!v471!var#3" state="0" edges="e5 e8 e7 e1 e11 e22 e23 e25 e26 e29 e32 e31 e30 e33 e39 e40 e46 e45 e47 e44"/>
    <route id="!v484" state="0" edges="e5 e9 e12 e27 e23 e25 e26 e29 e37 e49 e43"/>
    <route id="!v484!var#3" state="0" edges="e5 e8 e7 e1 e11 e22 e23 e25 e26 e29 e32 e31 e30 e33 e39 e40 e46 e45 e47 e44"/>
    <route id="!v488" state="0" edges="e5 e8 e7 e1 e24 e29 e34 e36 e40 e46 e45 e47 e44"/>
    <route id="!v488!var#3" state="0" edges="e5 e8 e7 e1 e11 e22 e23 e25 e26 e29 e32 e31 e30 e33 e39 e40 e46 e45 e47 e44"/>
    <route id="!v492" state="0" edges="e5 e8 e6 e2 e12 e27 e28 e29 e34 e35 e33 e48 e45 e47 e44"/>
    <route id="!v492!var#3" state="0" edges="e5 e8 e7 e1 e11 e22 e23 e25 e26 e29 e32 e31 e30 e33 e39 e40 e46 e45 e47 e44"/>
    <route id="!v495" state="0" edges="e5 e9 e12 e13 e14 e15 e16 e17 e18 e19 e20 e21 e33 e48 e45 e47 e44"/>
    <route id="!v495!var#3" state="0" edges="e5 e8 e7 e1 e11 e22 e23 e25 e26 e29 e32 e31 e30 e33 e39 e40 e46 e45 e47 e44"/>
    <route id="!v497" state="0" edges="e5 e9 e12 e27 e28 e29 e34 e36 e38 e49 e42 e41 e44"/>
    <route id="!v497!var#3" state="0" edges="e5 e8 e7 e1 e11 e22 e23 e25 e26 e29 e32 e31 e30 e33 e39 e40 e46 e45 e47 e44"/>
    <route id="!v506" state="0" edges="e5 e9 e12 e13 e14 e15 e16 e17 e18 e19 e20 e21 e33 e48 e45 e47 e44"/>
    <route id="!v506!var#3" state="0" edges="e5 e8 e7 e1 e11 e22 e23 e25 e26 e29 e32 e31 e30 e33 e39 e40 e46 e45 e47 e44"/>
    <route id="!v507" state="0" edges="e5 e8 e7 e1 e11 e22 e28 e29 e37 e49 e42 e41 e44"/>
    <route id="!v507!var#3" state="0" edges="e5 e8 e7 e1 e11 e22 e23 e25 e26 e29 e32 e31 e30 e33 e39 e40 e46 e45 e47 e44"/>
    <route id="!v512" state="0" edges="e5 e9 e12 e13 e14 e15 e16 e17 e18 e19 e20 e21 e33 e39 e38 e49 e42 e46 e45 e47 e44"/>
    <route id="!v512!var#3" state="0" edges="e5 e8 e7 e1 e11 e22 e23 e25 e26 e29 e32 e31 e30 e33 e39 e40 e46 e45 e47 e44"/>
    <route id="!v514" state="0" edges="e5 e8 e7 e1 e11 e22 e28 e29 e37 e49 e42 e46 e45 e47 e44"/>
    <route id="!v514!var#3" state="0" edges="e5 e8 e7 e1 e11 e22 e23 e25 e26 e29 e32 e31 e30 e33 e39 e40 e46 e45 e47 e44"/>
    <route id="!v518" state="0" edges="e5 e8 e7 e1 e11 e22 e28 e29 e32 e31 e30 e33 e39 e40 e46 e45 e47 e44"/>
    <route id="!v518!var#2" state="0" edges="e5 e8 e7 e1 e11 e22 e23 e25 e26 e29 e32 e31 e30 e33 e39 e40 e46 e45 e47 e44"/>
    <route id="!v521" state="0" edges="e5 e8 e6 e22 e28 e29 e37 e49 e43"/>
    <route id="!v521!var#2" state="0" edges="e5 e8 e7 e1 e11 e22 e23 e25 e26 e29 e32 e31 e30 e33 e39 e40 e46 e45 e47 e44"/>
    <route id="!v522" state="0" edges="e5 e9 e12 e27 e23 e25 e26 e29 e37 e49 e42 e46 e45 e47 e44"/>
    <route id="!v522!var#2" state="0" edges="e5 e8 e7 e1 e11 e22 e23 e25 e26 e29 e32 e31 e30 e33 e39 e40 e46 e45 e47 e44"/>
    <route id="!v525" state="0" edges="e5 e8 e7 e1 e11 e2 e12 e13 e14 e15 e16 e17 e18 e19 e20 e21 e33 e48 e45 e47 e44"/>
    <route id="!v525!var#2" state="0" edges="e5 e8 e7 e1 e11 e22 e23 e25 e26 e29 e32 e31 e30 e33 e39 e40 e46 e45 e47 e44"/>
    <route id="!v528" state="0" edges="e5 e9 e12 e27 e23 e25 e26 e29 e32 e31 e30 e33 e39 e40 e46 e45 e47 e44"/>
    <route id="!v528!var#2" state="0" edges="e5 e8 e7 e1 e11 e22 e23 e25 e26 e29 e32 e31 e30 e33 e39 e40 e46 e45 e47 e44"/>
    <route id="!v531" state="0" edges="e5 e9 e12 e27 e28 e29 e34 e35 e33 e48 e45 e47 e44"/>
    <route id="!v531!var#2" state="0" edges="e5 e8 e7 e1 e11 e22 e23 e25 e26 e29 e32 e31 e30 e33 e39 e40 e46 e45 e47 e44"/>
    <route id="!v534" state="0" edges="e5 e9 e12 e27 e23 e25 e26 e29 e34 e36 e40 e41 e44"/>
    <route id="!v534!var#2" state="0" edges="e5 e8 e7 e1 e11 e22 e23 e25 e26 e29 e32 e31 e30 e33 e39 e40 e46 e45 e47 e44"/>
    <route id="!v535" state="0" edges="e5 e9 e12 e13 e14 e15 e16 e17 e18 e19 e20 e21 e33 e48 e45 e47 e44"/>
    <route id="!v535!var#2" state="0" edges="e5 e8 e7 e1 e11 e22 e23 e25 e26 e29 e32 e31 e30 e33 e39 e40 e46 e45 e47 e44"/>
    <route id="!v540" state="0" edges="e5 e8 e6 e22 e23 e25 e26 e29 e34 e35 e33 e39 e40 e41 e44"/>
    <route id="!v540!var#2" state="0" edges="e5 e8 e7 e1 e11 e22 e23 e25 e26 e29 e32 e31 e30 e33 e39 e40 e46 e45 e47 e44"/>
    <route id="!v542" state="0" edges="e5 e8 e7 e1 e11 e22 e28 e29 e37 e49 e42 e41 e44"/>
    <route id="!v542!var#2" state="0" edges="e5 e8 e7 e1 e11 e22 e23 e25 e26 e29 e32 e31 e30 e33 e39 e40 e46 e45 e47 e44"/>
    <route id="!v543" state="0" edges="e5 e8 e6 e22 e23 e25 e26 e29 e32 e31 e30 e33 e39 e38 e49 e43"/>
    <route id="!v543!var#2" state="0" edges="e5 e8 e7 e1 e11 e22 e23 e25 e26 e29 e32 e31 e30 e33 e39 e40 e46 e45 e47 e44"/>
    <route id="!v557" state="0" edges="e5 e9 e12 e13 e14 e15 e16 e17 e18 e19 e20 e21 e33 e39 e38 e49 e43"/>
    <route id="!v557!var#2" state="0" edges="e5 e8 e7 e1 e11 e22 e23 e25 e26 e29 e32 e31 e30 e33 e39 e40 e46 e45 e47 e44"/>
    <route id="!v559" state="0" edges="e5 e9 e12 e13 e14 e15 e16 e17 e18 e19 e20 e21 e33 e48 e45 e47 e44"/>
    <route id="!v559!var#2" state="0" edges="e5 e8 e7 e1 e11 e22 e23 e25 e26 e29 e32 e31 e30 e33 e39 e40 e46 e45 e47 e44"/>
    <route id="!v560" state="0" edges="e5 e9 e12 e13 e14 e15 e16 e17 e18 e19 e20 e21 e33 e48 e45 e47 e44"/>
    <route id="!v560!var#2" state="0" edges="e5 e8 e7 e1 e11 e22 e23 e25 e26 e29 e32 e31 e30 e33 e39 e40 e46 e45 e47 e44"/>
    <route id="!v561" state="0" edges="e5 e9 e12 e27 e23 e25 e26 e29 e37 e49 e43"/>
    <route id="!v561!var#2" state="0" edges="e5 e8 e7 e1 e11 e22 e23 e25 e26 e29 e32 e31 e30 e33 e39 e40 e46 e45 e47 e44"/>
    <route id="!v563" state="0" edges="e5 e8 e7 e1 e24 e29 e32 e31 e30 e33 e39 e38 e49 e43"/>
    <route id="!v563!var#2" state="0" edges="e5 e8 e7 e1 e11 e22 e23 e25 e26 e29 e32 e31 e30 e33 e39 e40 e46 e45 e47 e44"/>
    <route id="!v564" state="0" edges="e5 e9 e12 e13 e14 e15 e16 e17 e18 e19 e20 e21 e33 e39 e40 e46 e45 e47 e44"/>
    <route id="!v564!var#2" state="0" edges="e5 e8 e7 e1 e11 e22 e23 e25 e26 e29 e32 e31 e30 e33 e39 e40 e46 e45 e47 e44"/>
    <route id="!v567" state="0" edges="e5 e8 e7 e1 e24 e29 e34 e36 e38 e49 e43"/>
    <route id="!v567!var#2" state="0" edges="e5 e8 e7 e1 e11 e22 e23 e25 e26 e29 e32 e31 e30 e33 e39 e40 e46 e45 e47 e44"/>
    <route id="!v569" state="0" edges="e5 e9 e12 e13 e14 e15 e16 e17 e18 e19 e20 e21 e33 e39 e38 e49 e43"/>
    <route id="!v569!var#2" state="0" edges="e5 e8 e7 e1 e11 e22 e23 e25 e26 e29 e32 e31 e30 e33 e39 e40 e46 e45 e47 e44"/>
    <route id="!v574" state="0" edges="e5 e9 e12 e27 e23 e25 e26 e29 e37 e49 e42 e46 e45 e47 e44"/>
    <route id="!v574!var#2" state="0" edges="e5 e8 e7 e1 e11 e22 e23 e25 e26 e29 e32 e31 e30 e33 e39 e40 e46 e45 e47 e44"/>
    <route id="!v577" state="0" edges="e5 e9 e12 e27 e28 e29 e32 e31 e30 e33 e39 e38 e49 e43"/>
    <route id="!v577!var#2" state="0" edges="e5 e8 e7 e1 e11 e22 e23 e25 e26 e29 e32 e31 e30 e33 e39 e40 e46 e45 e47 e44"/>
    <route id="!v579" state="0" edges="e5 e8 e6 e22 e23 e25 e26 e29 e34 e36 e40 e41 e44"/>
    <route id="!v579!var#2" state="0" edges="e5 e8 e7 e1 e11 e22 e23 e25 e26 e29 e32 e31 e30 e33 e39 e40 e46 e45 e47 e44"/>
    <route id="!v580" state="0" edges="e5 e9 e12 e13 e14 e15 e16 e17 e18 e19 e20 e21 e33 e39 e40 e46 e45 e47 e44"/>
    <route id="!v580!var#2" state="0" edges="e5 e8 e7 e1 e11 e22 e23 e25 e26 e29 e32 e31 e30 e33 e39 e40 e46 e45 e47 e44"/>
    <route id="!v586" state="0" edges="e5 e9 e12 e13 e14 e15 e16 e17 e18 e19 e20 e21 e33 e48 e45 e47 e44"/>
    <route id="!v586!var#2" state="0" edges="e5 e8 e7 e1 e11 e22 e23 e25 e26 e29 e32 e31 e30 e33 e39 e40 e46 e45 e47 e44"/>
    <route id="!v588" state="0" edges="e5 e8 e6 e22 e23 e25 e26 e29 e34 e35 e33 e39 e38 e49 e43"/>
    <route id="!v588!var#2" state="0" edges="e5 e8 e7 e1 e11 e22 e23 e25 e26 e29 e32 e31 e30 e33 e39 e40 e46 e45 e47 e44"/>
    <route id="!v591" state="0" edges="e5 e8 e7 e1 e11 e2 e12 e13 e14 e15 e16 e17 e18 e19 e20 e21 e33 e48 e45 e47 e44"/>
    <route id="!v591!var#2" state="0" edges="e5 e8 e7 e1 e11 e22 e23 e25 e26 e29 e32 e31 e30 e33 e39 e40 e46 e45 e47 e44"/>
    <route id="!v592" state="0" edges="e5 e8 e6 e2 e12 e13 e14 e15 e16 e17 e18 e19 e20 e21 e33 e48 e45 e47 e44"/>
    <route id="!v592!var#2" state="0" edges="e5 e8 e7 e1 e11 e22 e23 e25 e26 e29 e32 e31 e30 e33 e39 e40 e46 e45 e47 e44"/>
    <route id="!v595" state="0" edges="e5 e8 e7 e1 e11 e2 e12 e13 e14 e15 e16 e17 e18 e19 e20 e21 e33 e48 e45 e47 e44"/>
    <route id="!v595!var#2" state="0" edges="e5 e8 e7 e1 e11 e22 e23 e25 e26 e29 e32 e31 e30 e33 e39 e40 e46 e45 e47 e44"/>
    <route id="!v596" state="0" edges="e5 e9 e12 e13 e14 e15 e16 e17 e18 e19 e20 e21 e33 e39 e38 e49 e43"/>
    <route id="!v596!var#2" state="0" edges="e5 e8 e7 e1 e11 e22 e23 e25 e26 e29 e32 e31 e30 e33 e39 e40 e46 e45 e47 e44"/>
    <route id="!v597" state="0" edges="e5 e8 e6 e2 e12 e27 e28 e29 e34 e36 e38 e49 e42 e41 e44"/>
    <route id="!v597!var#2" state="0" edges="e5 e8 e7 e1 e11 e22 e23 e25 e26 e29 e32 e31 e30 e33 e39 e40 e46 e45 e47 e44"/>
    <route id="!v605" state="0" edges="e5 e8 e7 e1 e11 e22 e23 e25 e26 e29 e32 e31 e30 e33 e39 e38 e49 e43"/>
    <route id="!v605!var#2" state="0" edges="e5 e8 e7 e1 e11 e22 e23 e25 e26 e29 e32 e31 e30 e33 e39 e40 e46 e45 e47 e44"/>
    <route id="!v606" state="0" edges="e5 e9 e12 e27 e28 e29 e34 e35 e33 e48 e45 e47 e44"/>
    <route id="!v606!var#2" state="0" edges="e5 e8 e7 e1 e11 e22 e23 e25 e26 e29 e32 e31 e30 e33 e39 e40 e46 e45 e47 e44"/>
    <route id="!v609" state="0" edges="e5 e9 e12 e27 e23 e25 e26 e29 e32 e31 e30 e33 e39 e40 e46 e45 e47 e44"/>
    <route id="!v609!var#2" state="0" edges="e5 e8 e7 e1 e11 e22 e23 e25 e26 e29 e32 e31 e30 e33 e39 e40 e46 e45 e47 e44"/>
    <route id="!v610" state="0" edges="e5 e8 e7 e1 e24 e29 e32 e31 e30 e33 e39 e40 e46 e45 e47 e44"/>
    <route id="!v610!var#2" state="0" edges="e5 e8 e7 e1 e11 e22 e23 e25 e26 e29 e32 e31 e30 e33 e39 e40 e46 e45 e47 e44"/>
    <route id="!v611" state="0" edges="e5 e8 e6 e2 e12 e13 e14 e15 e16 e17 e18 e19 e20 e21 e33 e39 e40 e41 e44"/>
    <route id="!v611!var#2" state="0" edges="e5 e8 e7 e1 e11 e22 e23 e25 e26 e29 e32 e31 e30 e33 e39 e40 e46 e45 e47 e44"/>
    <route id="!v615" state="0" edges="e5 e9 e12 e13 e14 e15 e16 e17 e18 e19 e20 e21 e33 e48 e45 e47 e44"/>
    <route id="!v615!var#2" state="0" edges="e5 e8 e7 e1 e11 e22 e23 e25 e26 e29 e32 e31 e30 e33 e39 e40 e46 e45 e47 e44"/>
    <route id="!v620" state="0" edges="e5 e9 e12 e13 e14 e15 e16 e17 e18 e19 e20 e21 e33 e48 e45 e47 e44"/>
    <route id="!v620!var#2" state="0" edges="e5 e8 e7 e1 e11 e22 e23 e25 e26 e29 e32 e31 e30 e33 e39 e40 e46 e45 e47 e44"/>
    <route id="!v627" state="0" edges="e5 e9 e12 e13 e14 e15 e16 e17 e18 e19 e20 e21 e33 e39 e40 e41 e44"/>
    <route id="!v627!var#2" state="0" edges="e5 e8 e7 e1 e11 e22 e23 e25 e26 e29 e32 e31 e30 e33 e39 e40 e46 e45 e47 e44"/>
    <route id="!v632" state="0" edges="e5 e8 e6 e2 e12 e27 e23 e25 e26 e29 e34 e35 e33 e39 e40 e46 e45 e47 e44"/>
    <route id="!v632!var#2" state="0" edges="e5 e8 e7 e1 e11 e22 e23 e25 e26 e29 e32 e31 e30 e33 e39 e40 e46 e45 e47 e44"/>
    <route id="!v635" state="0" edges="e5 e9 e12 e13 e14 e15 e16 e17 e18 e19 e20 e21 e33 e48 e45 e47 e44"/>
    <route id="!v635!var#2" state="0" edges="e5 e8 e7 e1 e11 e22 e23 e25 e26 e29 e32 e31 e30 e33 e39 e40 e46 e45 e47 e44"/>
    <route id="!v636" state="0" edges="e5 e9 e12 e13 e14 e15 e16 e17 e18 e19 e20 e21 e33 e48 e45 e47 e44"/>
    <route id="!v636!var#2" state="0" edges="e5 e8 e7 e1 e11 e22 e23 e25 e26 e29 e32 e31 e30 e33 e39 e40 e46 e45 e47 e44"/>
    <route id="!v639" state="0" edges="e5 e8 e7 e1 e11 e2 e12 e13 e14 e15 e16 e17 e18 e19 e20 e21 e33 e48 e45 e47 e44"/>
    <route id="!v639!var#2" state="0" edges="e5 e8 e7 e1 e11 e22 e23 e25 e26 e29 e32 e31 e30 e33 e39 e40 e46 e45 e47 e44"/>
    <route id="!v645" state="0" edges="e5 e9 e12 e13 e14 e15 e16 e17 e18 e19 e20 e21 e33 e48 e45 e47 e44"/>
    <route id="!v645!var#1" state="0" edges="e5 e8 e7 e1 e11 e22 e23 e25 e26 e29 e32 e31 e30 e33 e39 e40 e46 e45 e47 e44"/>
    <route id="!v648" state="0" edges="e5 e9 e12 e13 e14 e15 e16 e17 e18 e19 e20 e21 e33 e39 e40 e41 e44"/>
    <route id="!v648!var#1" state="0" edges="e5 e8 e7 e1 e11 e22 e23 e25 e26 e29 e32 e31 e30 e33 e39 e40 e46 e45 e47 e44"/>
    <route id="!v650" state="0" edges="e5 e9 e12 e13 e14 e15 e16 e17 e18 e19 e20 e21 e33 e39 e38 e49 e43"/>
    <route id="!v650!var#1" state="0" edges="e5 e8 e7 e1 e11 e22 e23 e25 e26 e29 e32 e31 e30 e33 e39 e40 e46 e45 e47 e44"/>
    <route id="!v655" state="0" edges="e5 e8 e7 e1 e11 e2 e12 e13 e14 e15 e16 e17 e18 e19 e20 e21 e33 e48 e45 e47 e44"/>
    <route id="!v655!var#1" state="0" edges="e5 e8 e7 e1 e11 e22 e23 e25 e26 e29 e32 e31 e30 e33 e39 e40 e46 e45 e47 e44"/>
    <route id="!v656" state="0" edges="e5 e8 e6 e22 e28 e29 e37 e49 e42 e46 e45 e47 e44"/>
    <route id="!v656!var#1" state="0" edges="e5 e8 e7 e1 e11 e22 e23 e25 e26 e29 e32 e31 e30 e33 e39 e40 e46 e45 e47 e44"/>
    <route id="!v662" state="0" edges="e5 e9 e12 e13 e14 e15 e16 e17 e18 e19 e20 e21 e33 e48 e45 e47 e44"/>
    <route id="!v662!var#1" state="0" edges="e5 e8 e7 e1 e11 e22 e23 e25 e26 e29 e32 e31 e30 e33 e39 e40 e46 e45 e47 e44"/>
    <route id="!v668" state="0" edges="e5 e8 e6 e22 e28 e29 e37 e49 e43"/>
    <route id="!v668!var#1" state="0" edges="e5 e8 e7 e1 e11 e22 e23 e25 e26 e29 e32 e31 e30 e33 e39 e40 e46 e45 e47 e44"/>
    <route id="!v669" state="0" edges="e5 e8 e6 e22 e28 e29 e34 e35 e33 e39 e38 e49 e42 e41 e44"/>
    <route id="!v669!var#1" state="0" edges="e5 e8 e7 e1 e11 e22 e23 e25 e26 e29 e32 e31 e30 e33 e39 e40 e46 e45 e47 e44"/>
    <route id="!v671" state="0" edges="e5 e8 e7 e1 e11 e2 e12 e27 e23 e25 e26 e29 e32 e31 e30 e33 e48 e45 e47 e44"/>
    <route id="!v671!var#1" state="0" edges="e5 e8 e7 e1 e11 e22 e23 e25 e26 e29 e32 e31 e30 e33 e39 e40 e46 e45 e47 e44"/>
    <route id="!v672" state="0" edges="e5 e9 e12 e27 e28 e29 e32 e31 e30 e33 e48 e45 e47 e44"/>
    <route id="!v672!var#1" state="0" edges="e5 e8 e7 e1 e11 e22 e23 e25 e26 e29 e32 e31 e30 e33 e39 e40 e46 e45 e47 e44"/>
    <route id="!v674" state="0" edges="e5 e9 e12 e27 e23 e25 e26 e29 e34 e36 e38 e49 e43"/>
    <route id="!v674!var#1" state="0" edges="e5 e8 e7 e1 e11 e22 e23 e25 e26 e29 e32 e31 e30 e33 e39 e40 e46 e45 e47 e44"/>
    <route id="!v676" state="0" edges="e5 e9 e12 e13 e14 e15 e16 e17 e18 e19 e20 e21 e33 e48 e45 e47 e44"/>
    <route id="!v676!var#1" state="0" edges="e5 e8 e7 e1 e11 e22 e23 e25 e26 e29 e32 e31 e30 e33 e39 e40 e46 e45 e47 e44"/>
    <route id="!v679" state="0" edges="e5 e8 e7 e1 e24 e29 e37 e49 e42 e46 e45 e47 e44"/>
    <route id="!v679!var#1" state="0" edges="e5 e8 e7 e1 e11 e22 e23 e25 e26 e29 e32 e31 e30 e33 e39 e40 e46 e45 e47 e44"/>
    <route id="!v681" state="0" edges="e5 e9 e12 e13 e14 e15 e16 e17 e18 e19 e20 e21 e33 e48 e45 e47 e44"/>
    <route id="!v681!var#1" state="0" edges="e5 e8 e7 e1 e11 e22 e23 e25 e26 e29 e32 e31 e30 e33 e39 e40 e46 e45 e47 e44"/>
    <route id="!v682" state="0" edges="e5 e9 e12 e13 e14 e15 e16 e17 e18 e19 e20 e21 e33 e39 e38 e49 e43"/>
    <route id="!v682!var#1" state="0" edges="e5 e8 e7 e1 e11 e22 e23 e25 e26 e29 e32 e31 e30 e33 e39 e40 e46 e45 e47 e44"/>
    <route id="!v686" state="0" edges="e5 e9 e12 e27 e23 e25 e26 e29 e32 e31 e30 e33 e39 e38 e49 e42 e46 e45 e47 e44"/>
    <route id="!v686!var#1" state="0" edges="e5 e8 e7 e1 e11 e22 e23 e25 e26 e29 e32 e31 e30 e33 e39 e40 e46 e45 e47 e44"/>
    <route id="!v688" state="0" edges="e5 e9 e12 e27 e23 e25 e26 e29 e37 e49 e42 e41 e44"/>
    <route id="!v688!var#1" state="0" edges="e5 e8 e7 e1 e11 e22 e23 e25 e26 e29 e32 e31 e30 e33 e39 e40 e46 e45 e47 e44"/>
    <route id="!v689" state="0" edges="e5 e8 e6 e2 e12 e27 e28 e29 e34 e36 e38 e49 e43"/>
    <route id="!v689!var#1" state="0" edges="e5 e8 e7 e1 e11 e22 e23 e25 e26 e29 e32 e31 e30 e33 e39 e40 e46 e45 e47 e44"/>
    <route id="!v691" state="0" edges="e5 e9 e12 e27 e28 e29 e32 e31 e30 e33 e39 e40 e46 e45 e47 e44"/>
    <route id="!v691!var#1" state="0" edges="e5 e8 e7 e1 e11 e22 e23 e25 e26 e29 e32 e31 e30 e33 e39 e40 e46 e45 e47 e44"/>
    <route id="!v693" state="0" edges="e5 e9 e12 e27 e28 e29 e37 e49 e43"/>
    <route id="!v693!var#1" state="0" edges="e5 e8 e7 e1 e11 e22 e23 e25 e26 e29 e32 e31 e30 e33 e39 e40 e46 e45 e47 e44"/>
    <route id="!v694" state="0" edges="e5 e8 e6 e22 e28 e29 e37 e49 e42 e46 e45 e47 e44"/>
    <route id="!v694!var#1" state="0" edges="e5 e8 e7 e1 e11 e22 e23 e25 e26 e29 e32 e31 e30 e33 e39 e40 e46 e45 e47 e44"/>
    <route id="!v696" state="0" edges="e5 e8 e6 e2 e12 e13 e14 e15 e16 e17 e18 e19 e20 e21 e33 e48 e45 e47 e44"/>
    <route id="!v696!var#1" state="0" edges="e5 e8 e7 e1 e11 e22 e23 e25 e26 e29 e32 e31 e30 e33 e39 e40 e46 e45 e47 e44"/>
    <route id="!v697" state="0" edges="e5 e9 e12 e13 e14 e15 e16 e17 e18 e19 e20 e21 e33 e48 e45 e47 e44"/>
    <route id="!v697!var#1" state="0" edges="e5 e8 e7 e1 e11 e22 e23 e25 e26 e29 e32 e31 e30 e33 e39 e40 e46 e45 e47 e44"/>
    <route id="!v701" state="0" edges="e5 e8 e6 e2 e12 e13 e14 e15 e16 e17 e18 e19 e20 e21 e33 e48 e45 e47 e44"/>
    <route id="!v701!var#1" state="0" edges="e5 e8 e7 e1 e11 e22 e23 e25 e26 e29 e32 e31 e30 e33 e39 e40 e46 e45 e47 e44"/>
    <route id="!v712" state="0" edges="e5 e9 e12 e13 e14 e15 e16 e17 e18 e19 e20 e21 e33 e39 e38 e49 e43"/>
    <route id="!v714" state="0" edges="e5 e9 e12 e27 e23 e25 e26 e29 e34 e36 e40 e46 e45 e47 e44"/>
    <route id="!v715" state="0" edges="e5 e9 e12 e27 e28 e29 e37 e49 e42 e46 e45 e47 e44"/>
    <route id="!v716" state="0" edges="e5 e9 e12 e27 e23 e25 e26 e29 e37 e49 e43"/>
    <route id="!v717" state="0" edges="e5 e9 e12 e27 e23 e25 e26 e29 e37 e49 e42 e46 e45 e47 e44"/>
    <route id="!v720" state="0" edges="e5 e9 e12 e27 e23 e25 e26 e29 e37 e49 e42 e46 e45 e47 e44"/>
    <route id="!v721" state="0" edges="e5 e8 e7 e1 e24 e29 e34 e36 e40 e41 e44"/>
    <route id="!v723" state="0" edges="e5 e9 e12 e27 e23 e25 e26 e29 e32 e31 e30 e33 e48 e45 e47 e44"/>
    <route id="!v724" state="0" edges="e5 e9 e12 e27 e23 e25 e26 e29 e32 e31 e30 e33 e39 e38 e49 e42 e41 e44"/>
    <route id="!v728" state="0" edges="e5 e9 e12 e13 e14 e15 e16 e17 e18 e19 e20 e21 e33 e39 e38 e49 e42 e46 e45 e47 e44"/>
    <route id="!v730" state="0" edges="e5 e9 e12 e13 e14 e15 e16 e17 e18 e19 e20 e21 e33 e48 e45 e47 e44"/>
    <route id="!v731" state="0" edges="e5 e8 e7 e1 e24 e29 e34 e35 e33 e48 e45 e47 e44"/>
    <route id="!v733" state="0" edges="e5 e8 e7 e1 e11 e22 e28 e29 e34 e36 e38 e49 e42 e41 e44"/>
    <route id="!v734" state="0" edges="e5 e9 e12 e27 e23 e25 e26 e29 e34 e36 e38 e49 e43"/>
    <route id="!v738" state="0" edges="e5 e8 e7 e1 e11 e2 e12 e13 e14 e15 e16 e17 e18 e19 e20 e21 e33 e48 e45 e47 e44"/>
    <route id="!v739" state="0" edges="e5 e8 e6 e22 e23 e25 e26 e29 e32 e31 e30 e33 e48 e45 e47 e44"/>
    <route id="!v740" state="0" edges="e5 e9 e12 e27 e23 e25 e26 e29 e32 e31 e30 e33 e48 e45 e47 e44"/>
    <route id="!v741" state="0" edges="e5 e8 e7 e1 e24 e29 e34 e36 e38 e49 e43"/>
    <route id="!v746" state="0" edges="e5 e8 e6 e22 e28 e29 e32 e31 e30 e33 e48 e45 e47 e44"/>
    <route id="!v749" state="0" edges="e5 e9 e12 e13 e14 e15 e16 e17 e18 e19 e20 e21 e33 e48 e45 e47 e44"/>
    <route id="!v750" state="0" edges="e5 e8 e6 e22 e23 e25 e26 e29 e32 e31 e30 e33 e39 e40 e46 e45 e47 e44"/>
    <route id="!v752" state="0" edges="e5 e8 e6 e2 e12 e27 e28 e29 e32 e31 e30 e33 e48 e45 e47 e44"/>
    <route id="!v753" state="0" edges="e5 e8 e6 e2 e12 e13 e14 e15 e16 e17 e18 e19 e20 e21 e33 e39 e40 e41 e44"/>
    <route id="!v763" state="0" edges="e5 e9 e12 e13 e14 e15 e16 e17 e18 e19 e20 e21 e33 e48 e45 e47 e44"/>
    <route id="!v767" state="0" edges="e5 e8 e7 e1 e24 e29 e37 e49 e43"/>
    <route id="!v773" state="0" edges="e5 e8 e6 e22 e23 e25 e26 e29 e32 e31 e30 e33 e48 e45 e47 e44"/>
    <route id="!v775" state="0" edges="e5 e8 e7 e1 e11 e2 e12 e27 e28 e29 e34 e36 e38 e49 e42 e46 e45 e47 e44"/>
    <route id="!v780" state="0" edges="e5 e8 e7 e1 e11 e22 e23 e25 e26 e29 e34 e36 e40 e46 e45 e47 e44"/>
    <route id="!v781" state="0" edges="e5 e9 e12 e13 e14 e15 e16 e17 e18 e19 e20 e21 e33 e48 e45 e47 e44"/>
    <route id="!v782" state="0" edges="e5 e9 e12 e27 e28 e29 e34 e36 e40 e46 e45 e47 e44"/>
    <route id="!v785" state="0" edges="e5 e9 e12 e27 e23 e25 e26 e29 e37 e49 e42 e41 e44"/>
    <route id="!v788" state="0" edges="e5 e9 e12 e13 e14 e15 e16 e17 e18 e19 e20 e21 e33 e48 e45 e47 e44"/>
    <route id="!v792" state="0" edges="e5 e8 e7 e1 e24 e29 e32 e31 e30 e33 e39 e38 e49 e43"/>
    <route id="!v811" state="0" edges="e5 e9 e12 e27 e23 e25 e26 e29 e34 e35 e33 e48 e45 e47 e44"/>
    <route id="!v814" state="0" edges="e5 e8 e6 e2 e12 e27 e28 e29 e37 e49 e43"/>
    <route id="!v817" state="0" edges="e5 e8 e7 e1 e24 e29 e32 e31 e30 e33 e39 e40 e46 e45 e47 e44"/>
    <route id="!v821" state="0" edges="e5 e9 e12 e13 e14 e15 e16 e17 e18 e19 e20 e21 e33 e39 e38 e49 e42 e46 e45 e47 e44"/>
    <route id="!v822" state="0" edges="e5 e9 e12 e13 e14 e15 e16 e17 e18 e19 e20 e21 e33 e39 e40 e46 e45 e47 e44"/>
    <route id="!v823" state="0" edges="e5 e9 e12 e27 e28 e29 e34 e36 e38 e49 e43"/>
    <route id="!v824" state="0" edges="e5 e9 e12 e27 e28 e29 e37 e49 e43"/>
    <route id="!v825" state="0" edges="e5 e9 e12 e13 e14 e15 e16 e17 e18 e19 e20 e21 e33 e48 e45 e47 e44"/>
    <route id="!v828" state="0" edges="e5 e8 e6 e2 e12 e27 e23 e25 e26 e29 e32 e31 e30 e33 e39 e38 e49 e42 e41 e44"/>
    <route id="!v831" state="0" edges="e5 e8 e6 e2 e12 e27 e28 e29 e34 e36 e38 e49 e43"/>
    <route id="!v842" state="0" edges="e5 e8 e7 e1 e24 e29 e37 e49 e43"/>
    <route id="!v846" state="0" edges="e5 e9 e12 e27 e23 e25 e26 e29 e37 e49 e43"/>
    <route id="!v849" state="0" edges="e5 e8 e7 e1 e11 e2 e12 e27 e28 e29 e32 e31 e30 e33 e48 e45 e47 e44"/>
    <route id="!v852" state="0" edges="e5 e9 e12 e27 e23 e25 e26 e29 e32 e31 e30 e33 e39 e40 e41 e44"/>
    <route id="!v858" state="0" edges="e5 e9 e12 e27 e23 e25 e26 e29 e32 e31 e30 e33 e48 e45 e47 e44"/>
    <route id="!v865" state="0" edges="e5 e8 e6 e22 e23 e25 e26 e29 e34 e35 e33 e48 e45 e47 e44"/>
    <route id="!v873" state="0" edges="e5 e9 e12 e13 e14 e15 e16 e17 e18 e19 e20 e21 e33 e48 e45 e47 e44"/>
    <route id="!v877" state="0" edges="e5 e9 e12 e27 e23 e25 e26 e29 e34 e35 e33 e39 e38 e49 e43"/>
    <route id="!v879" state="0" edges="e5 e8 e7 e1 e11 e22 e23 e25 e26 e29 e32 e31 e30 e33 e39 e38 e49 e43"/>
    <route id="!v880" state="0" edges="e5 e8 e7 e1 e24 e29 e34 e36 e40 e46 e45 e47 e44"/>
    <route id="!v881" state="0" edges="e5 e9 e12 e27 e28 e29 e37 e49 e43"/>
    <route id="!v884" state="0" edges="e5 e9 e12 e13 e14 e15 e16 e17 e18 e19 e20 e21 e33 e39 e38 e49 e43"/>
    <route id="!v889" state="0" edges="e5 e8 e7 e1 e24 e29 e34 e35 e33 e48 e45 e47 e44"/>
    <route id="!v890" state="0" edges="e5 e8 e6 e2 e12 e13 e14 e15 e16 e17 e18 e19 e20 e21 e33 e39 e40 e41 e44"/>
    <route id="!v894" state="0" edges="e5 e9 e12 e27 e28 e29 e32 e31 e30 e33 e39 e40 e41 e44"/>
    <route id="!v895" state="0" edges="e5 e8 e6 e2 e12 e27 e28 e29 e37 e49 e43"/>
    <route id="!v898" state="0" edges="e5 e8 e6 e22 e23 e25 e26 e29 e37 e49 e43"/>
    <route id="!v912" state="0" edges="e5 e9 e12 e13 e14 e15 e16 e17 e18 e19 e20 e21 e33 e48 e45 e47 e44"/>
    <route id="!v914" state="0" edges="e5 e8 e6 e2 e12 e13 e14 e15 e16 e17 e18 e19 e20 e21 e33 e39 e38 e49 e43"/>
    <route id="!v916" state="0" edges="e5 e8 e7 e1 e24 e29 e34 e36 e38 e49 e43"/>
    <route id="!v921" state="0" edges="e5 e8 e7 e1 e11 e22 e23 e25 e26 e29 e37 e49 e43"/>
    <route id="!v925" state="0" edges="e5 e8 e7 e1 e24 e29 e34 e36 e38 e49 e43"/>
    <route id="!v927" state="0" edges="e5 e9 e12 e27 e23 e25 e26 e29 e32 e31 e30 e33 e48 e45 e47 e44"/>
    <route id="!v932" state="0" edges="e5 e8 e7 e1 e11 e2 e12 e27 e28 e29 e32 e31 e30 e33 e48 e45 e47 e44"/>
    <route id="!v934" state="0" edges="e5 e8 e6 e22 e23 e25 e26 e29 e34 e36 e38 e49 e42 e46 e45 e47 e44"/>
    <route id="!v936" state="0" edges="e5 e8 e7 e1 e11 e22 e28 e29 e34 e35 e33 e48 e45 e47 e44"/>
    <route id="!v937" state="0" edges="e5 e8 e7 e1 e24 e29 e32 e31 e30 e33 e39 e40 e46 e45 e47 e44"/>
    <route id="!v943" state="0" edges="e5 e9 e12 e27 e28 e29 e32 e31 e30 e33 e39 e38 e49 e43"/>
    <route id="!v946" state="0" edges="e5 e8 e7 e1 e24 e29 e37 e49 e43"/>
    <route id="!v947" state="0" edges="e5 e8 e7 e1 e11 e22 e28 e29 e34 e36 e38 e49 e42 e46 e45 e47 e44"/>
    <route id="!v953" state="0" edges="e5 e9 e12 e13 e14 e15 e16 e17 e18 e19 e20 e21 e33 e39 e40 e41 e44"/>
    <route id="!v955" state="0" edges="e5 e9 e12 e27 e28 e29 e32 e31 e30 e33 e48 e45 e47 e44"/>
    <route id="!v956" state="0" edges="e5 e8 e6 e2 e12 e27 e28 e29 e32 e31 e30 e33 e39 e38 e49 e43"/>
    <route id="!v959" state="0" edges="e5 e9 e12 e13 e14 e15 e16 e17 e18 e19 e20 e21 e33 e39 e38 e49 e43"/>
    <route id="!v960" state="0" edges="e5 e9 e12 e27 e23 e25 e26 e29 e37 e49 e42 e41 e44"/>
    <route id="!v963" state="0" edges="e5 e9 e12 e13 e14 e15 e16 e17 e18 e19 e20 e21 e33 e48 e45 e47 e44"/>
    <route id="!v969" state="0" edges="e5 e8 e6 e22 e28 e29 e37 e49 e43"/>
    <route id="!v972" state="0" edges="e5 e8 e6 e2 e12 e13 e14 e15 e16 e17 e18 e19 e20 e21 e33 e39 e38 e49 e42 e46 e45 e47 e44"/>
    <route id="!v975" state="0" edges="e5 e8 e7 e1 e11 e2 e12 e27 e28 e29 e32 e31 e30 e33 e39 e40 e41 e44"/>
    <route id="!v976" state="0" edges="e5 e9 e12 e27 e23 e25 e26 e29 e37 e49 e43"/>
    <route id="!v977" state="0" edges="e5 e8 e7 e1 e11 e22 e23 e25 e26 e29 e34 e35 e33 e39 e40 e41 e44"/>
    <route id="!v979" state="0" edges="e5 e9 e12 e27 e28 e29 e32 e31 e30 e33 e39 e40 e41 e44"/>
    <route id="!v984" state="0" edges="e5 e8 e6 e22 e23 e25 e26 e29 e37 e49 e42 e41 e44"/>
    <route id="!v997" state="0" edges="e5 e8 e6 e22 e28 e29 e34 e36 e38 e49 e42 e46 e45 e47 e44"/>
    <route id="!v999" state="0" edges="e5 e8 e7 e1 e11 e22 e28 e29 e34 e36 e38 e49 e43"/>
    <delay number="98" begin="1000" end="815" depart="143954.80" time="206597.60"/>
    <vType id="DEFAULT_BIKETYPE" vClass="bicycle"/>
    <vType id="DEFAULT_PEDTYPE" vClass="pedestrian"/>
    <vType id="DEFAULT_VEHTYPE"/>
    <vehicle id="v251" type="DEFAULT_VEHTYPE" depart="251.00" route="!v251!var#4" speedFactor="0.88" state="1067400 18 5.10 0 1429800" pos="32.18" speed="12.07" posLat="0.00"/>
    <vehicle id="v252" type="DEFAULT_VEHTYPE" depart="252.00" route="!v252!var#4" speedFactor="0.99" state="1070000 18 5.10 0 1429800" pos="7.39" speed="13.34" posLat="0.00"/>
    <vehicle id="v256" type="DEFAULT_VEHTYPE" depart="256.00" route="!v256!var#4" speedFactor="0.96" state="1072600 17 5.10 0 1429800" pos="48.25" speed="13.18" posLat="0.00"/>
    <vehicle id="v259" type="DEFAULT_VEHTYPE" depart="259.00" route="!v259!var#4" speedFactor="0.84" state="1075200 17 5.10 0 1429800" pos="14.97" speed="8.08" posLat="0.00"/>
    <vehicle id="v262" type="DEFAULT_VEHTYPE" depart="262.00" route="!v262!var#4" speedFactor="1.04" state="1078000 16 5.10 0 1429800" pos="1.72" speed="4.11" posLat="0.00"/>
    <vehicle id="v268" type="DEFAULT_VEHTYPE" depart="268.00" route="!v268!var#3" speedFactor="0.96" state="1080800 16 5.10 0 1429800" pos="79.03" speed="4.17" posLat="0.00"/>
    <vehicle id="v278" type="DEFAULT_VEHTYPE" depart="278.00" route="!v278!var#3" speedFactor="0.99" state="1083400 16 5.10 0 1429800" pos="66.81" speed="4.26" posLat="0.00"/>
    <vehicle id="v281" type="DEFAULT_VEHTYPE" depart="281.00" route="!v281!var#3" speedFactor="1.08" state="1086000 16 5.10 0 1429800" pos="54.50" speed="4.53" posLat="0.00"/>
    <vehicle id="v289" type="DEFAULT_VEHTYPE" depart="289.00" route="!v289!var#3" speedFactor="1.19" state="1088600 16 5.10 0 1429800" pos="42.22" speed="4.62" posLat="0.00"/>
    <vehicle id="v290" type="DEFAULT_VEHTYPE" depart="290.00" route="!v290!var#3" speedFactor="0.97" state="1091200 16 5.10 0 1429800" pos="29.85" speed="4.70" posLat="0.00"/>
    <vehicle id="v292" type="DEFAULT_VEHTYPE" depart="292.00" route="!v292!var#3" speedFactor="1.09" state="1093800 16 5.10 0 1429800" pos="17.43" speed="4.73" posLat="0.00"/>
    <vehicle id="v436" type="DEFAULT_VEHTYPE" depart="436.00" route="!v436!var#2" speedFactor="0.88" state="1201600 12 5.10 0 1429800" pos="78.23" speed="12.20" posLat="0.00"/>
    <vehicle id="v441" type="DEFAULT_VEHTYPE" depart="441.00" route="!v441!var#2" speedFactor="0.93" state="1204200 12 5.10 0 1429800" pos="58.23" speed="12.09" posLat="0.00"/>
    <vehicle id="v443" type="DEFAULT_VEHTYPE" depart="443.00" route="!v443!var#2" speedFactor="1.24" state="1207000 12 5.10 0 1429800" pos="38.42" speed="12.15" posLat="0.00"/>
    <vehicle id="v444" type="DEFAULT_VEHTYPE" depart="444.00" route="!v444!var#2" speedFactor="0.96" state="1209600 12 5.10 0 1429800" pos="18.64" speed="12.08" posLat="0.00"/>
    <vehicle id="v445" type="DEFAULT_VEHTYPE" depart="445.00" route="!v445!var#2" speedFactor="0.97" state="1212200 11 5.10 0 1429800" pos="8.28" speed="11.64" posLat="0.00"/>
    <vehicle id="v449" type="DEFAULT_VEHTYPE" depart="449.00" route="!v449!var#3" speedFactor="1.12" state="1215000 16 5.10 0 1429800" pos="3.81" speed="6.72" posLat="0.00"/>
    <vehicle id="v451" type="DEFAULT_VEHTYPE" depart="451.00" route="!v451!var#3" speedFactor="0.89" state="1217600 15 5.10 0 1429800" pos="41.33" speed="12.35" posLat="0.00"/>
    <vehicle id="v458" type="DEFAULT_VEHTYPE" depart="458.00" route="!v458!var#3" speedFactor="0.80" state="1220200 14 5.10 0 1429800" pos="24.12" speed="10.55" posLat="0.00"/>
    <vehicle id="v459" type="DEFAULT_VEHTYPE" depart="459.00" route="!v459!var#3" speedFactor="0.77" state="1222800 13 5.10 0 1429800" pos="160.64" speed="9.87" posLat="0.00"/>
    <vehicle id="v464" type="DEFAULT_VEHTYPE" depart="464.00" route="!v464!var#3" speedFactor="1.21" state="1225400 13 5.10 0 1429800" pos="142.41" speed="10.50" posLat="0.00"/>
    <vehicle id="v471" type="DEFAULT_VEHTYPE" depart="471.00" route="!v471!var#3" speedFactor="0.94" state="1228000 13 5.10 0 1429800" pos="123.91" speed="10.63" posLat="0.00"/>
    <vehicle id="v484" type="DEFAULT_VEHTYPE" depart="484.00" route="!v484!var#3" speedFactor="0.98" state="1230600 13 5.10 0 1429800" pos="105.37" speed="10.50" posLat="0.00"/>
    <vehicle id="v488" type="DEFAULT_VEHTYPE" depart="488.00" route="!v488!var#3" speedFactor="1.09" state="1233400 13 5.10 0 1429800" pos="86.96" speed="10.66" posLat="0.00"/>
    <vehicle id="v492" type="DEFAULT_VEHTYPE" depart="492.00" route="!v492!var#3" speedFactor="1.16" state="1236000 13 5.10 0 1429800" pos="68.48" speed="10.56" posLat="0.00"/>
    <vehicle id="v495" type="DEFAULT_VEHTYPE" depart="495.00" route="!v495!var#3" speedFactor="0.85" state="1238600 13 5.10 0 1429800" pos="48.26" speed="10.98" posLat="0.00"/>
    <vehicle id="v497" type="DEFAULT_VEHTYPE" depart="497.00" route="!v497!var#3" speedFactor="0.93" state="1241200 13 5.10 0 1429800" pos="27.29" speed="11.55" posLat="0.00"/>
    <vehicle id="v506" type="DEFAULT_VEHTYPE" depart="506.00" route="!v506!var#3" speedFactor="1.01" state="1243800 13 5.10 0 1429800" pos="7.59" speed="11.05" posLat="0.00"/>
    <vehicle id="v507" type="DEFAULT_VEHTYPE" depart="507.00" route="!v507!var#3" speedFactor="0.69" state="1246600 11 5.10 0 1429800" pos="54.51" speed="9.42" posLat="0.00"/>
    <vehicle id="v512" type="DEFAULT_VEHTYPE" depart="512.00" route="!v512!var#3" speedFactor="1.09" state="1249400 11 5.10 0 1429800" pos="37.24" speed="9.39" posLat="0.00"/>
    <vehicle id="v514" type="DEFAULT_VEHTYPE" depart="514.00" route="!v514!var#3" speedFactor="1.08" state="1252200 11 5.10 0 1429800" pos="19.91" speed="9.43" posLat="0.00"/>
    <vehicle id="v518" type="DEFAULT_VEHTYPE" depart="518.00" route="!v518!var#2" speedFactor="1.03" state="1254800 11 5.10 0 1429800" pos="2.52" speed="9.47" posLat="0.00"/>
    <vehicle id="v521" type="DEFAULT_VEHTYPE" depart="521.00" route="!v521!var#2" speedFactor="1.11" state="1257400 10 5.10 0 1429800" pos="73.25" speed="9.42" posLat="0.00"/>
    <vehicle id="v522" type="DEFAULT_VEHTYPE" depart="522.00" route="!v522!var#2" speedFactor="0.86" state="1260200 10 5.10 0 1429800" pos="54.50" speed="9.75" posLat="0.00"/>
    <vehicle id="v525" type="DEFAULT_VEHTYPE" depart="525.00" route="!v525!var#2" speedFactor="1.02" state="1262800 10 5.10 0 1429800" pos="36.14" speed="9.99" posLat="0.00"/>
    <vehicle id="v528" type="DEFAULT_VEHTYPE" depart="528.00" route="!v528!var#2" speedFactor="1.02" state="1265600 10 5.10 0 1429800" pos="16.17" speed="10.89" posLat="0.00"/>
    <vehicle id="v531" type="DEFAULT_VEHTYPE" depart="531.00" route="!v531!var#2" speedFactor="1.02" state="1268200 9 5.10 0 1429800" pos="6.20" speed="7.96" posLat="0.00"/>
    <vehicle id="v534" type="DEFAULT_VEHTYPE" depart="534.00" route="!v534!var#2" speedFactor="1.04" state="1270800 9 5.10 0 1429800" pos="348.55" speed="7.90" posLat="0.00"/>
    <vehicle id="v535" type="DEFAULT_VEHTYPE" depart="535.00" route="!v535!var#2" speedFactor="0.86" state="1273400 9 5.10 0 1429800" pos="332.49" speed="8.14" posLat="0.00"/>
    <vehicle id="v540" type="DEFAULT_VEHTYPE" depart="540.00" route="!v540!var#2" speedFactor="1.17" state="1276000 9 5.10 0 1429800" pos="316.26" speed="8.03" posLat="0.00"/>
    <vehicle id="v542" type="DEFAULT_VEHTYPE" depart="542.00" route="!v542!var#2" speedFactor="1.02" state="1278600 9 5.10 0 1429800" pos="300.01" speed="8.34" posLat="0.00"/>
    <vehicle id="v543" type="DEFAULT_VEHTYPE" depart="543.00" route="!v543!var#2" speedFactor="0.90" state="1281200 9 5.10 0 1429800" pos="281.59" speed="9.20" posLat="0.00"/>
    <vehicle id="v557" type="DEFAULT_VEHTYPE" depart="557.00" route="!v557!var#2" speedFactor="0.96" state="1283800 9 5.10 0 1429800" pos="263.04" speed="9.75" posLat="0.00"/>
    <vehicle id="v559" type="DEFAULT_VEHTYPE" depart="559.00" route="!v559!var#2" speedFactor="0.93" state="1286600 9 5.10 0 1429800" pos="230.46" speed="12.78" posLat="0.00"/>
    <vehicle id="v560" type="DEFAULT_VEHTYPE" depart="560.00" route="!v560!var#2" speedFactor="1.13" state="1289200 9 5.10 0 1429800" pos="209.60" speed="12.80" posLat="0.00"/>
    <vehicle id="v561" type="DEFAULT_VEHTYPE" depart="561.00" route="!v561!var#2" speedFactor="0.95" state="1292000 9 5.10 0 1429800" pos="168.97" speed="13.03" posLat="0.00"/>
    <vehicle id="v563" type="DEFAULT_VEHTYPE" depart="563.00" route="!v563!var#2" speedFactor="1.00" state="1294800 9 5.10 0 1429800" pos="142.43" speed="13.69" posLat="0.00"/>
    <vehicle id="v564" type="DEFAULT_VEHTYPE" depart="564.00" route="!v564!var#2" speedFactor="0.83" state="1297400 9 5.10 0 1429800" pos="84.93" speed="11.53" posLat="0.00"/>
    <vehicle id="v567" type="DEFAULT_VEHTYPE" depart="567.00" route="!v567!var#2" speedFactor="1.07" state="1300200 9 5.10 0 1429800" pos="64.72" speed="11.72" posLat="0.00"/>
    <vehicle id="v569" type="DEFAULT_VEHTYPE" depart="569.00" route="!v569!var#2" speedFactor="0.86" state="1303000 9 5.10 0 1429800" pos="23.87" speed="10.58" posLat="0.00"/>
    <vehicle id="v574" type="DEFAULT_VEHTYPE" depart="574.00" route="!v574!var#2" speedFactor="0.90" state="1305800 9 5.10 0 1429800" pos="1.19" speed="6.05" posLat="0.00"/>
    <vehicle id="v577" type="DEFAULT_VEHTYPE" depart="577.00" route="!v577!var#2" speedFactor="0.97" state="1308600 8 5.10 0 1429800" pos="82.69" speed="7.44" posLat="0.00"/>
    <vehicle id="v579" type="DEFAULT_VEHTYPE" depart="579.00" route="!v579!var#2" speedFactor="0.93" state="1311200 8 5.10 0 1429800" pos="59.83" speed="10.23" posLat="0.00"/>
    <vehicle id="v580" type="DEFAULT_VEHTYPE" depart="580.00" route="!v580!var#2" speedFactor="0.95" state="1313800 8 5.10 0 1429800" pos="29.33" speed="11.42" posLat="0.00"/>
    <vehicle id="v586" type="DEFAULT_VEHTYPE" depart="586.00" route="!v586!var#2" speedFactor="1.09" state="1316400 8 5.10 0 1429800" pos="7.58" speed="6.87" posLat="0.00"/>
    <vehicle id="v588" type="DEFAULT_VEHTYPE" depart="588.00" route="!v588!var#2" speedFactor="0.95" state="1319000 7 5.10 0 1429800" pos="62.87" speed="5.88" posLat="0.00"/>
    <vehicle id="v591" type="DEFAULT_VEHTYPE" depart="591.00" route="!v591!var#2" speedFactor="1.06" state="1321600 7 5.10 0 1429800" pos="49.87" speed="5.48" posLat="0.00"/>
    <vehicle id="v592" type="DEFAULT_VEHTYPE" depart="592.00" route="!v592!var#2" speedFactor="1.25" state="1324200 7 5.10 0 1429800" pos="37.06" speed="5.00" posLat="0.00"/>
    <vehicle id="v595" type="DEFAULT_VEHTYPE" depart="595.00" route="!v595!var#2" speedFactor="1.12" state="1326800 7 5.10 0 1429800" pos="24.40" speed="4.90" posLat="0.00"/>
    <vehicle id="v596" type="DEFAULT_VEHTYPE" depart="596.00" route="!v596!var#2" speedFactor="0.97" state="1329600 7 5.10 0 1429800" pos="11.46" speed="5.10" posLat="0.00"/>
    <vehicle id="v597" type="DEFAULT_VEHTYPE" depart="597.00" route="!v597!var#2" speedFactor="0.93" state="1332200 6 5.10 0 1429800" pos="100.24" speed="4.67" posLat="0.00"/>
    <vehicle id="v605" type="DEFAULT_VEHTYPE" depart="605.00" route="!v605!var#2" speedFactor="0.92" state="1334800 6 5.10 0 1429800" pos="87.59" speed="5.13" posLat="0.00"/>
    <vehicle id="v606" type="DEFAULT_VEHTYPE" depart="606.00" route="!v606!var#2" speedFactor="0.95" state="1337400 6 5.10 0 1429800" pos="74.86" speed="4.94" posLat="0.00"/>
    <vehicle id="v609" type="DEFAULT_VEHTYPE" depart="609.00" route="!v609!var#2" speedFactor="1.06" state="1340000 6 5.10 0 1429800" pos="62.23" speed="5.05" posLat="0.00"/>
    <vehicle id="v610" type="DEFAULT_VEHTYPE" depart="610.00" route="!v610!var#2" speedFactor="1.05" state="1342600 6 5.10 0 1429800" pos="49.45" speed="4.96" posLat="0.00"/>
    <vehicle id="v611" type="DEFAULT_VEHTYPE" depart="611.00" route="!v611!var#2" speedFactor="1.13" state="1345200 6 5.10 0 1429800" pos="36.81" speed="4.98" posLat="0.00"/>
    <vehicle id="v615" type="DEFAULT_VEHTYPE" depart="615.00" route="!v615!var#2" speedFactor="1.00" state="1347800 6 5.10 0 1429800" pos="24.11" speed="4.96" posLat="0.00"/>
    <vehicle id="v620" type="DEFAULT_VEHTYPE" depart="620.00" route="!v620!var#2" speedFactor="1.18" state="1350400 6 5.10 0 1429800" pos="11.36" speed="4.95" posLat="0.00"/>
    <vehicle id="v627" type="DEFAULT_VEHTYPE" depart="627.00" route="!v627!var#2" speedFactor="0.90" state="1353200 5 5.10 0 1429800" pos="9.89" speed="5.05" posLat="0.00"/>
    <vehicle id="v632" type="DEFAULT_VEHTYPE" depart="632.00" route="!v632!var#2" speedFactor="1.22" state="1356000 5 5.10 0 1429800" pos="142.94" speed="5.59" posLat="0.00"/>
    <vehicle id="v635" type="DEFAULT_VEHTYPE" depart="635.00" route="!v635!var#2" speedFactor="1.13" state="1358600 5 5.10 0 1429800" pos="128.63" speed="5.96" posLat="0.00"/>
    <vehicle id="v636" type="DEFAULT_VEHTYPE" depart="636.00" route="!v636!var#2" speedFactor="1.02" state="1361200 5 5.10 0 1429800" pos="112.60" speed="7.22" posLat="0.00"/>
    <vehicle id="v639" type="DEFAULT_VEHTYPE" depart="639.00" route="!v639!var#2" speedFactor="0.98" state="1363800 5 5.10 0 1429800" pos="91.46" speed="9.63" posLat="0.00"/>
    <vehicle id="v645" type="DEFAULT_VEHTYPE" depart="645.00" route="!v645!var#1" speedFactor="0.84" state="1366400 5 5.10 0 1429800" pos="44.97" speed="11.48" posLat="0.00"/>
    <vehicle id="v648" type="DEFAULT_VEHTYPE" depart="648.00" route="!v648!var#1" speedFactor="0.96" state="1369000 5 5.10 0 1429800" pos="16.36" speed="9.82" posLat="0.00"/>
    <vehicle id="v650" type="DEFAULT_VEHTYPE" depart="650.00" route="!v650!var#1" speedFactor="1.04" state="1371600 4 5.10 0 1429800" pos="6.91" speed="5.99" posLat="0.00"/>
    <vehicle id="v655" type="DEFAULT_VEHTYPE" depart="655.00" route="!v655!var#1" speedFactor="1.00" state="1374200 4 5.10 0 1429800" pos="91.49" speed="7.01" posLat="0.00"/>
    <vehicle id="v656" type="DEFAULT_VEHTYPE" depart="656.00" route="!v656!var#1" speedFactor="1.10" state="1376800 4 5.10 0 1429800" pos="73.25" speed="8.56" posLat="0.00"/>
    <vehicle id="v662" type="DEFAULT_VEHTYPE" depart="662.00" route="!v662!var#1" speedFactor="0.88" state="1379400 4 5.10 0 1429800" pos="40.36" speed="12.05" posLat="0.00"/>
    <vehicle id="v668" type="DEFAULT_VEHTYPE" depart="668.00" route="!v668!var#1" speedFactor="0.94" state="1382000 4 5.10 0 1429800" pos="10.91" speed="7.75" posLat="0.00"/>
    <vehicle id="v669" type="DEFAULT_VEHTYPE" depart="669.00" route="!v669!var#1" speedFactor="1.00" state="1384600 3 5.10 0 1429800" pos="4.59" speed="5.69" posLat="0.00"/>
    <vehicle id="v671" type="DEFAULT_VEHTYPE" depart="671.00" route="!v671!var#1" speedFactor="1.14" state="1387200 3 5.10 0 1429800" pos="144.24" speed="6.08" posLat="0.00"/>
    <vehicle id="v672" type="DEFAULT_VEHTYPE" depart="672.00" route="!v672!var#1" speedFactor="0.88" state="1389800 3 5.10 0 1429800" pos="119.29" speed="10.34" posLat="0.00"/>
    <vehicle id="v674" type="DEFAULT_VEHTYPE" depart="674.00" route="!v674!var#1" speedFactor="0.89" state="1392400 3 5.10 0 1429800" pos="84.98" speed="12.11" posLat="0.00"/>
    <vehicle id="v676" type="DEFAULT_VEHTYPE" depart="676.00" route="!v676!var#1" speedFactor="1.13" state="1395000 3 5.10 0 1429800" pos="63.72" speed="12.58" posLat="0.00"/>
    <vehicle id="v679" type="DEFAULT_VEHTYPE" depart="679.00" route="!v679!var#1" speedFactor="0.99" state="1397600 3 5.10 0 1429800" pos="31.77" speed="13.00" posLat="0.00"/>
    <vehicle id="v681" type="DEFAULT_VEHTYPE" depart="681.00" route="!v681!var#1" speedFactor="1.13" state="1400200 3 5.10 0 1429800" pos="9.49" speed="9.84" posLat="0.00"/>
    <vehicle id="v682" type="DEFAULT_VEHTYPE" depart="682.00" route="!v682!var#1" speedFactor="0.97" state="1402800 2 5.10 0 1429800" pos="77.72" speed="8.79" posLat="0.00"/>
    <vehicle id="v686" type="DEFAULT_VEHTYPE" depart="686.00" route="!v686!var#1" speedFactor="0.89" state="1405400 2 5.10 0 1429800" pos="40.07" speed="12.12" posLat="0.00"/>
    <vehicle id="v688" type="DEFAULT_VEHTYPE" depart="688.00" route="!v688!var#1" speedFactor="0.79" state="1408000 1 5.10 0 1429800" pos="5.80" speed="10.76" posLat="0.00"/>
    <vehicle id="v689" type="DEFAULT_VEHTYPE" depart="689.00" route="!v689!var#1" speedFactor="1.22" state="1410600 1 5.10 0 1429800" pos="65.57" speed="10.66" posLat="0.00"/>
    <vehicle id="v691" type="DEFAULT_VEHTYPE" depart="691.00" route="!v691!var#1" speedFactor="1.10" state="1413200 1 5.10 0 1429800" pos="41.99" speed="12.17" posLat="0.00"/>
    <vehicle id="v693" type="DEFAULT_VEHTYPE" depart="693.00" route="!v693!var#1" speedFactor="0.93" state="1415800 1 5.10 0 1429800" pos="9.28" speed="7.93" posLat="0.00"/>
    <vehicle id="v694" type="DEFAULT_VEHTYPE" depart="694.00" route="!v694!var#1" speedFactor="0.95" state="1418400 0 5.10 0 1429800" pos="1.40" speed="5.73" posLat="0.00"/>
    <vehicle id="v696" type="DEFAULT_VEHTYPE" depart="696.00" route="!v696!var#1" speedFactor="1.10" state="1421000 0 5.10 0 1429800" pos="70.14" speed="8.39" posLat="0.00"/>
    <vehicle id="v697" type="DEFAULT_VEHTYPE" depart="697.00" route="!v697!var#1" speedFactor="0.98" state="1423600 0 5.10 0 1429800" pos="44.05" speed="11.83" posLat="0.00"/>
    <vehicle id="v701" type="DEFAULT_VEHTYPE" depart="701.00" route="!v701!var#1" speedFactor="0.93" state="1426400 0 5.10 0 1429800" pos="17.90" speed="6.88" posLat="0.00"/>
    <vehicle id="v712" type="DEFAULT_VEHTYPE" depart="712.00" route="!v712" speedFactor="1.01" state="1429000 0 5.10 0 1429800" pos="6.07" speed="1.88" posLat="0.00"/>
    <vehicle id="v714" type="DEFAULT_VEHTYPE" depart="714.00" route="!v714" speedFactor="0.99" state="9223372036854775807 0 -1.00 0 0" pos="5.10" speed="0.00" posLat="0.00"/>
    <vehicle id="v715" type="DEFAULT_VEHTYPE" depart="715.00" route="!v715" speedFactor="1.14" state="9223372036854775807 0 -1.00 0 0" pos="0.00" speed="0.00" posLat="0.00"/>
    <vehicle id="v716" type="DEFAULT_VEHTYPE" depart="716.00" route="!v716" speedFactor="0.99" state="9223372036854775807 0 -1.00 0 0" pos="0.00" speed="0.00" posLat="0.00"/>
    <vehicle id="v717" type="DEFAULT_VEHTYPE" depart="717.00" route="!v717" speedFactor="1.18" state="9223372036854775807 0 -1.00 0 0" pos="0.00" speed="0.00" posLat="0.00"/>
    <vehicle id="v720" type="DEFAULT_VEHTYPE" depart="720.00" route="!v720" speedFactor="1.01" state="9223372036854775807 0 -1.00 0 0" pos="0.00" speed="0.00" posLat="0.00"/>
    <vehicle id="v721" type="DEFAULT_VEHTYPE" depart="721.00" route="!v721" speedFactor="0.93" state="9223372036854775807 0 -1.00 0 0" pos="0.00" speed="0.00" posLat="0.00"/>
    <vehicle id="v723" type="DEFAULT_VEHTYPE" depart="723.00" route="!v723" speedFactor="1.07" state="9223372036854775807 0 -1.00 0 0" pos="0.00" speed="0.00" posLat="0.00"/>
    <vehicle id="v724" type="DEFAULT_VEHTYPE" depart="724.00" route="!v724" speedFactor="1.11" state="9223372036854775807 0 -1.00 0 0" pos="0.00" speed="0.00" posLat="0.00"/>
    <vehicle id="v728" type="DEFAULT_VEHTYPE" depart="728.00" route="!v728" speedFactor="1.01" state="9223372036854775807 0 -1.00 0 0" pos="0.00" speed="0.00" posLat="0.00"/>
    <vehicle id="v730" type="DEFAULT_VEHTYPE" depart="730.00" route="!v730" speedFactor="1.01" state="9223372036854775807 0 -1.00 0 0" pos="0.00" speed="0.00" posLat="0.00"/>
    <vehicle id="v731" type="DEFAULT_VEHTYPE" depart="731.00" route="!v731" speedFactor="1.31" state="9223372036854775807 0 -1.00 0 0" pos="0.00" speed="0.00" posLat="0.00"/>
    <vehicle id="v733" type="DEFAULT_VEHTYPE" depart="733.00" route="!v733" speedFactor="0.95" state="9223372036854775807 0 -1.00 0 0" pos="0.00" speed="0.00" posLat="0.00"/>
    <vehicle id="v734" type="DEFAULT_VEHTYPE" depart="734.00" route="!v734" speedFactor="1.01" state="9223372036854775807 0 -1.00 0 0" pos="0.00" speed="0.00" posLat="0.00"/>
    <vehicle id="v738" type="DEFAULT_VEHTYPE" depart="738.00" route="!v738" speedFactor="1.08" state="9223372036854775807 0 -1.00 0 0" pos="0.00" speed="0.00" posLat="0.00"/>
    <vehicle id="v739" type="DEFAULT_VEHTYPE" depart="739.00" route="!v739" speedFactor="0.87" state="9223372036854775807 0 -1.00 0 0" pos="0.00" speed="0.00" posLat="0.00"/>
    <vehicle id="v740" type="DEFAULT_VEHTYPE" depart="740.00" route="!v740" speedFactor="0.99" state="9223372036854775807 0 -1.00 0 0" pos="0.00" speed="0.00" posLat="0.00"/>
    <vehicle id="v741" type="DEFAULT_VEHTYPE" depart="741.00" route="!v741" speedFactor="1.10" state="9223372036854775807 0 -1.00 0 0" pos="0.00" speed="0.00" posLat="0.00"/>
    <vehicle id="v746" type="DEFAULT_VEHTYPE" depart="746.00" route="!v746" speedFactor="0.95" state="9223372036854775807 0 -1.00 0 0" pos="0.00" speed="0.00" posLat="0.00"/>
    <vehicle id="v749" type="DEFAULT_VEHTYPE" depart="749.00" route="!v749" speedFactor="0.95" state="9223372036854775807 0 -1.00 0 0" pos="0.00" speed="0.00" posLat="0.00"/>
    <vehicle id="v750" type="DEFAULT_VEHTYPE" depart="750.00" route="!v750" speedFactor="1.14" state="9223372036854775807 0 -1.00 0 0" pos="0.00" speed="0.00" posLat="0.00"/>
    <vehicle id="v752" type="DEFAULT_VEHTYPE" depart="752.00" route="!v752" speedFactor="0.88" state="9223372036854775807 0 -1.00 0 0" pos="0.00" speed="0.00" posLat="0.00"/>
    <vehicle id="v753" type="DEFAULT_VEHTYPE" depart="753.00" route="!v753" speedFactor="1.03" state="9223372036854775807 0 -1.00 0 0" pos="0.00" speed="0.00" posLat="0.00"/>
    <vehicle id="v763" type="DEFAULT_VEHTYPE" depart="763.00" route="!v763" speedFactor="1.05" state="9223372036854775807 0 -1.00 0 0" pos="0.00" speed="0.00" posLat="0.00"/>
    <vehicle id="v767" type="DEFAULT_VEHTYPE" depart="767.00" route="!v767" speedFactor="1.14" state="9223372036854775807 0 -1.00 0 0" pos="0.00" speed="0.00" posLat="0.00"/>
    <vehicle id="v773" type="DEFAULT_VEHTYPE" depart="773.00" route="!v773" speedFactor="1.14" state="9223372036854775807 0 -1.00 0 0" pos="0.00" speed="0.00" posLat="0.00"/>
    <vehicle id="v775" type="DEFAULT_VEHTYPE" depart="775.00" route="!v775" speedFactor="1.14" state="9223372036854775807 0 -1.00 0 0" pos="0.00" speed="0.00" posLat="0.00"/>
    <vehicle id="v780" type="DEFAULT_VEHTYPE" depart="780.00" route="!v780" speedFactor="1.07" state="9223372036854775807 0 -1.00 0 0" pos="0.00" speed="0.00" posLat="0.00"/>
    <vehicle id="v781" type="DEFAULT_VEHTYPE" depart="781.00" route="!v781" speedFactor="1.00" state="9223372036854775807 0 -1.00 0 0" pos="0.00" speed="0.00" posLat="0.00"/>
    <vehicle id="v782" type="DEFAULT_VEHTYPE" depart="782.00" route="!v782" speedFactor="0.77" state="9223372036854775807 0 -1.00 0 0" pos="0.00" speed="0.00" posLat="0.00"/>
    <vehicle id="v785" type="DEFAULT_VEHTYPE" depart="785.00" route="!v785" speedFactor="0.75" state="9223372036854775807 0 -1.00 0 0" pos="0.00" speed="0.00" posLat="0.00"/>
    <vehicle id="v788" type="DEFAULT_VEHTYPE" depart="788.00" route="!v788" speedFactor="0.98" state="9223372036854775807 0 -1.00 0 0" pos="0.00" speed="0.00" posLat="0.00"/>
    <vehicle id="v792" type="DEFAULT_VEHTYPE" depart="792.00" route="!v792" speedFactor="0.99" state="9223372036854775807 0 -1.00 0 0" pos="0.00" speed="0.00" posLat="0.00"/>
    <vehicle id="v811" type="DEFAULT_VEHTYPE" depart="811.00" route="!v811" speedFactor="0.84" state="9223372036854775807 0 -1.00 0 0" pos="0.00" speed="0.00" posLat="0.00"/>
    <vehicle id="v814" type="DEFAULT_VEHTYPE" depart="814.00" route="!v814" speedFactor="1.19" state="9223372036854775807 0 -1.00 0 0" pos="0.00" speed="0.00" posLat="0.00"/>
    <vehicle id="v817" type="DEFAULT_VEHTYPE" depart="817.00" route="!v817" speedFactor="1.05" state="9223372036854775807 0 -1.00 0 0" pos="0.00" speed="0.00" posLat="0.00"/>
    <vehicle id="v821" type="DEFAULT_VEHTYPE" depart="821.00" route="!v821" speedFactor="0.92" state="9223372036854775807 0 -1.00 0 0" pos="0.00" speed="0.00" posLat="0.00"/>
    <vehicle id="v822" type="DEFAULT_VEHTYPE" depart="822.00" route="!v822" speedFactor="1.03" state="9223372036854775807 0 -1.00 0 0" pos="0.00" speed="0.00" posLat="0.00"/>
    <vehicle id="v823" type="DEFAULT_VEHTYPE" depart="823.00" route="!v823" speedFactor="0.95" state="9223372036854775807 0 -1.00 0 0" pos="0.00" speed="0.00" posLat="0.00"/>
    <vehicle id="v824" type="DEFAULT_VEHTYPE" depart="824.00" route="!v824" speedFactor="1.06" state="9223372036854775807 0 -1.00 0 0" pos="0.00" speed="0.00" posLat="0.00"/>
    <vehicle id="v825" type="DEFAULT_VEHTYPE" depart="825.00" route="!v825" speedFactor="1.11" state="9223372036854775807 0 -1.00 0 0" pos="0.00" speed="0.00" posLat="0.00"/>
    <vehicle id="v828" type="DEFAULT_VEHTYPE" depart="828.00" route="!v828" speedFactor="0.81" state="9223372036854775807 0 -1.00 0 0" pos="0.00" speed="0.00" posLat="0.00"/>
    <vehicle id="v831" type="DEFAULT_VEHTYPE" depart="831.00" route="!v831" speedFactor="1.00" state="9223372036854775807 0 -1.00 0 0" pos="0.00" speed="0.00" posLat="0.00"/>
    <vehicle id="v842" type="DEFAULT_VEHTYPE" depart="842.00" route="!v842" speedFactor="0.79" state="9223372036854775807 0 -1.00 0 0" pos="0.00" speed="0.00" posLat="0.00"/>
    <vehicle id="v846" type="DEFAULT_VEHTYPE" depart="846.00" route="!v846" speedFactor="0.76" state="9223372036854775807 0 -1.00 0 0" pos="0.00" speed="0.00" posLat="0.00"/>
    <vehicle id="v849" type="DEFAULT_VEHTYPE" depart="849.00" route="!v849" speedFactor="0.86" state="9223372036854775807 0 -1.00 0 0" pos="0.00" speed="0.00" posLat="0.00"/>
    <vehicle id="v852" type="DEFAULT_VEHTYPE" depart="852.00" route="!v852" speedFactor="0.96" state="9223372036854775807 0 -1.00 0 0" pos="0.00" speed="0.00" posLat="0.00"/>
    <vehicle id="v858" type="DEFAULT_VEHTYPE" depart="858.00" route="!v858" speedFactor="0.84" state="9223372036854775807 0 -1.00 0 0" pos="0.00" speed="0.00" posLat="0.00"/>
    <vehicle id="v865" type="DEFAULT_VEHTYPE" depart="865.00" route="!v865" speedFactor="1.17" state="9223372036854775807 0 -1.00 0 0" pos="0.00" speed="0.00" posLat="0.00"/>
    <vehicle id="v873" type="DEFAULT_VEHTYPE" depart="873.00" route="!v873" speedFactor="1.05" state="9223372036854775807 0 -1.00 0 0" pos="0.00" speed="0.00" posLat="0.00"/>
    <vehicle id="v877" type="DEFAULT_VEHTYPE" depart="877.00" route="!v877" speedFactor="0.91" state="9223372036854775807 0 -1.00 0 0" pos="0.00" speed="0.00" posLat="0.00"/>
    <vehicle id="v879" type="DEFAULT_VEHTYPE" depart="879.00" route="!v879" speedFactor="1.06" state="9223372036854775807 0 -1.00 0 0" pos="0.00" speed="0.00" posLat="0.00"/>
    <vehicle id="v880" type="DEFAULT_VEHTYPE" depart="880.00" route="!v880" speedFactor="0.98" state="9223372036854775807 0 -1.00 0 0" pos="0.00" speed="0.00" posLat="0.00"/>
    <vehicle id="v881" type="DEFAULT_VEHTYPE" depart="881.00" route="!v881" speedFactor="0.96" state="9223372036854775807 0 -1.00 0 0" pos="0.00" speed="0.00" posLat="0.00"/>
    <vehicle id="v884" type="DEFAULT_VEHTYPE" depart="884.00" route="!v884" speedFactor="1.01" state="9223372036854775807 0 -1.00 0 0" pos="0.00" speed="0.00" posLat="0.00"/>
    <vehicle id="v889" type="DEFAULT_VEHTYPE" depart="889.00" route="!v889" speedFactor="1.05" state="9223372036854775807 0 -1.00 0 0" pos="0.00" speed="0.00" posLat="0.00"/>
    <vehicle id="v890" type="DEFAULT_VEHTYPE" depart="890.00" route="!v890" speedFactor="1.06" state="9223372036854775807 0 -1.00 0 0" pos="0.00" speed="0.00" posLat="0.00"/>
    <vehicle id="v894" type="DEFAULT_VEHTYPE" depart="894.00" route="!v894" speedFactor="1.08" state="9223372036854775807 0 -1.00 0 0" pos="0.00" speed="0.00" posLat="0.00"/>
    <vehicle id="v895" type="DEFAULT_VEHTYPE" depart="895.00" route="!v895" speedFactor="1.02" state="9223372036854775807 0 -1.00 0 0" pos="0.00" speed="0.00" posLat="0.00"/>
    <vehicle id="v898" type="DEFAULT_VEHTYPE" depart="898.00" route="!v898" speedFactor="0.81" state="9223372036854775807 0 -1.00 0 0" pos="0.00" speed="0.00" posLat="0.00"/>
    <vehicle id="v912" type="DEFAULT_VEHTYPE" depart="912.00" route="!v912" speedFactor="1.01" state="9223372036854775807 0 -1.00 0 0" pos="0.00" speed="0.00" posLat="0.00"/>
    <vehicle id="v914" type="DEFAULT_VEHTYPE" depart="914.00" route="!v914" speedFactor="0.92" state="9223372036854775807 0 -1.00 0 0" pos="0.00" speed="0.00" posLat="0.00"/>
    <vehicle id="v916" type="DEFAULT_VEHTYPE" depart="916.00" route="!v916" speedFactor="0.91" state="9223372036854775807 0 -1.00 0 0" pos="0.00" speed="0.00" posLat="0.00"/>
    <vehicle id="v921" type="DEFAULT_VEHTYPE" depart="921.00" route="!v921" speedFactor="0.91" state="9223372036854775807 0 -1.00 0 0" pos="0.00" speed="0.00" posLat="0.00"/>
    <vehicle id="v925" type="DEFAULT_VEHTYPE" depart="925.00" route="!v925" speedFactor="0.97" state="9223372036854775807 0 -1.00 0 0" pos="0.00" speed="0.00" posLat="0.00"/>
    <vehicle id="v927" type="DEFAULT_VEHTYPE" depart="927.00" route="!v927" speedFactor="0.90" state="9223372036854775807 0 -1.00 0 0" pos="0.00" speed="0.00" posLat="0.00"/>
    <vehicle id="v932" type="DEFAULT_VEHTYPE" depart="932.00" route="!v932" speedFactor="0.92" state="9223372036854775807 0 -1.00 0 0" pos="0.00" speed="0.00" posLat="0.00"/>
    <vehicle id="v934" type="DEFAULT_VEHTYPE" depart="934.00" route="!v934" speedFactor="1.02" state="9223372036854775807 0 -1.00 0 0" pos="0.00" speed="0.00" posLat="0.00"/>
    <vehicle id="v936" type="DEFAULT_VEHTYPE" depart="936.00" route="!v936" speedFactor="1.11" state="9223372036854775807 0 -1.00 0 0" pos="0.00" speed="0.00" posLat="0.00"/>
    <vehicle id="v937" type="DEFAULT_VEHTYPE" depart="937.00" route="!v937" speedFactor="1.00" state="9223372036854775807 0 -1.00 0 0" pos="0.00" speed="0.00" posLat="0.00"/>
    <vehicle id="v943" type="DEFAULT_VEHTYPE" depart="943.00" route="!v943" speedFactor="0.92" state="9223372036854775807 0 -1.00 0 0" pos="0.00" speed="0.00" posLat="0.00"/>
    <vehicle id="v946" type="DEFAULT_VEHTYPE" depart="946.00" route="!v946" speedFactor="1.08" state="9223372036854775807 0 -1.00 0 0" pos="0.00" speed="0.00" posLat="0.00"/>
    <vehicle id="v947" type="DEFAULT_VEHTYPE" depart="947.00" route="!v947" speedFactor="1.04" state="9223372036854775807 0 -1.00 0 0" pos="0.00" speed="0.00" posLat="0.00"/>
    <vehicle id="v953" type="DEFAULT_VEHTYPE" depart="953.00" route="!v953" speedFactor="1.03" state="9223372036854775807 0 -1.00 0 0" pos="0.00" speed="0.00" posLat="0.00"/>
    <vehicle id="v955" type="DEFAULT_VEHTYPE" depart="955.00" route="!v955" speedFactor="0.91" state="9223372036854775807 0 -1.00 0 0" pos="0.00" speed="0.00" posLat="0.00"/>
    <vehicle id="v956" type="DEFAULT_VEHTYPE" depart="956.00" route="!v956" speedFactor="0.98" state="9223372036854775807 0 -1.00 0 0" pos="0.00" speed="0.00" posLat="0.00"/>
    <vehicle id="v959" type="DEFAULT_VEHTYPE" depart="959.00" route="!v959" speedFactor="1.11" state="9223372036854775807 0 -1.00 0 0" pos="0.00" speed="0.00" posLat="0.00"/>
    <vehicle id="v960" type="DEFAULT_VEHTYPE" depart="960.00" route="!v960" speedFactor="1.09" state="9223372036854775807 0 -1.00 0 0" pos="0.00" speed="0.00" posLat="0.00"/>
    <vehicle id="v963" type="DEFAULT_VEHTYPE" depart="963.00" route="!v963" speedFactor="1.23" state="9223372036854775807 0 -1.00 0 0" pos="0.00" speed="0.00" posLat="0.00"/>
    <vehicle id="v969" type="DEFAULT_VEHTYPE" depart="969.00" route="!v969" speedFactor="1.09" state="9223372036854775807 0 -1.00 0 0" pos="0.00" speed="0.00" posLat="0.00"/>
    <vehicle id="v972" type="DEFAULT_VEHTYPE" depart="972.00" route="!v972" speedFactor="0.98" state="9223372036854775807 0 -1.00 0 0" pos="0.00" speed="0.00" posLat="0.00"/>
    <vehicle id="v975" type="DEFAULT_VEHTYPE" depart="975.00" route="!v975" speedFactor="0.96" state="9223372036854775807 0 -1.00 0 0" pos="0.00" speed="0.00" posLat="0.00"/>
    <vehicle id="v976" type="DEFAULT_VEHTYPE" depart="976.00" route="!v976" speedFactor="0.85" state="9223372036854775807 0 -1.00 0 0" pos="0.00" speed="0.00" posLat="0.00"/>
    <vehicle id="v977" type="DEFAULT_VEHTYPE" depart="977.00" route="!v977" speedFactor="1.07" state="9223372036854775807 0 -1.00 0 0" pos="0.00" speed="0.00" posLat="0.00"/>
    <vehicle id="v979" type="DEFAULT_VEHTYPE" depart="979.00" route="!v979" speedFactor="0.97" state="9223372036854775807 0 -1.00 0 0" pos="0.00" speed="0.00" posLat="0.00"/>
    <vehicle id="v984" type="DEFAULT_VEHTYPE" depart="984.00" route="!v984" speedFactor="1.20" state="9223372036854775807 0 -1.00 0 0" pos="0.00" speed="0.00" posLat="0.00"/>
    <vehicle id="v997" type="DEFAULT_VEHTYPE" depart="997.00" route="!v997" speedFactor="1.17" state="9223372036854775807 0 -1.00 0 0" pos="0.00" speed="0.00" posLat="0.00"/>
    <vehicle id="v999" type="DEFAULT_VEHTYPE" depart="999.00" route="!v999" speedFactor="0.93" state="9223372036854775807 0 -1.00 0 0" pos="0.00" speed="0.00" posLat="0.00"/>
    <lane id=":n0_0_0">
        <vehicles value=""/>
    </lane>
    <lane id=":n1_0_0">
        <vehicles value=""/>
    </lane>
    <lane id=":n1_1_0">
        <vehicles value=""/>
    </lane>
    <lane id=":n10_0_0">
        <vehicles value=""/>
    </lane>
    <lane id=":n10_1_0">
        <vehicles value=""/>
    </lane>
    <lane id=":n10_2_0">
        <vehicles value="v627"/>
    </lane>
    <lane id=":n10_3_0">
        <vehicles value=""/>
    </lane>
    <lane id=":n11_0_0">
        <vehicles value=""/>
    </lane>
    <lane id=":n11_1_0">
        <vehicles value=""/>
    </lane>
    <lane id=":n11_2_0">
        <vehicles value=""/>
    </lane>
    <lane id=":n12_0_0">
        <vehicles value=""/>
    </lane>
    <lane id=":n13_0_0">
        <vehicles value=""/>
    </lane>
    <lane id=":n14_0_0">
        <vehicles value=""/>
    </lane>
    <lane id=":n15_0_0">
        <vehicles value=""/>
    </lane>
    <lane id=":n16_0_0">
        <vehicles value=""/>
    </lane>
    <lane id=":n17_0_0">
        <vehicles value=""/>
    </lane>
    <lane id=":n18_0_0">
        <vehicles value=""/>
    </lane>
    <lane id=":n19_0_0">
        <vehicles value=""/>
    </lane>
    <lane id=":n20_0_0">
        <vehicles value=""/>
    </lane>
    <lane id=":n21_0_0">
        <vehicles value=""/>
    </lane>
    <lane id=":n22_0_0">
        <vehicles value=""/>
    </lane>
    <lane id=":n22_1_0">
        <vehicles value=""/>
    </lane>
    <lane id=":n22_2_0">
        <vehicles value=""/>
    </lane>
    <lane id=":n23_0_0">
        <vehicles value=""/>
    </lane>
    <lane id=":n24_0_0">
        <vehicles value=""/>
    </lane>
    <lane id=":n25_0_0">
        <vehicles value="v531"/>
    </lane>
    <lane id=":n25_1_0">
        <vehicles value=""/>
    </lane>
    <lane id=":n25_2_0">
        <vehicles value=""/>
    </lane>
    <lane id=":n26_0_0">
        <vehicles value=""/>
    </lane>
    <lane id=":n26_1_0">
        <vehicles value=""/>
    </lane>
    <lane id=":n27_0_0">
        <vehicles value=""/>
    </lane>
    <lane id=":n27_1_0">
        <vehicles value=""/>
    </lane>
    <lane id=":n28_0_0">
        <vehicles value=""/>
    </lane>
    <lane id=":n28_1_0">
        <vehicles value=""/>
    </lane>
    <lane id=":n28_2_0">
        <vehicles value=""/>
    </lane>
    <lane id=":n28_3_0">
        <vehicles value=""/>
    </lane>
    <lane id=":n29_0_0">
        <vehicles value=""/>
    </lane>
    <lane id=":n29_1_0">
        <vehicles value=""/>
    </lane>
    <lane id=":n3_0_0">
        <vehicles value=""/>
    </lane>
    <lane id=":n3_1_0">
        <vehicles value="v694"/>
    </lane>
    <lane id=":n30_0_0">
        <vehicles value=""/>
    </lane>
    <lane id=":n30_1_0">
        <vehicles value="v445"/>
    </lane>
    <lane id=":n31_0_0">
        <vehicles value=""/>
    </lane>
    <lane id=":n31_1_0">
        <vehicles value=""/>
    </lane>
    <lane id=":n31_2_0">
        <vehicles value=""/>
    </lane>
    <lane id=":n31_3_0">
        <vehicles value=""/>
    </lane>
    <lane id=":n32_0_0">
        <vehicles value=""/>
    </lane>
    <lane id=":n32_1_0">
        <vehicles value="v449"/>
    </lane>
    <lane id=":n34_0_0">
        <vehicles value=""/>
    </lane>
    <lane id=":n34_1_0">
        <vehicles value=""/>
    </lane>
    <lane id=":n35_0_0">
        <vehicles value="v262"/>
    </lane>
    <lane id=":n4_0_0">
        <vehicles value=""/>
    </lane>
    <lane id=":n4_1_0">
        <vehicles value="v688"/>
    </lane>
    <lane id=":n4_2_0">
        <vehicles value=""/>
    </lane>
    <lane id=":n4_3_0">
        <vehicles value=""/>
    </lane>
    <lane id=":n5_0_0">
        <vehicles value=""/>
    </lane>
    <lane id=":n5_1_0">
        <vehicles value=""/>
    </lane>
    <lane id=":n6_0_0">
        <vehicles value=""/>
    </lane>
    <lane id=":n6_1_0">
        <vehicles value=""/>
    </lane>
    <lane id=":n7_0_0">
        <vehicles value=""/>
    </lane>
    <lane id=":n7_1_0">
        <vehicles value="v650"/>
    </lane>
    <lane id=":n7_2_0">
        <vehicles value=""/>
    </lane>
    <lane id=":n7_3_0">
        <vehicles value=""/>
    </lane>
    <lane id=":n8_0_0">
        <vehicles value="v669"/>
    </lane>
    <lane id=":n8_1_0">
        <vehicles value=""/>
    </lane>
    <lane id=":n9_0_0">
        <vehicles value=""/>
    </lane>
    <lane id=":n9_1_0">
        <vehicles value=""/>
    </lane>
    <lane id="e0_0">
        <vehicles value=""/>
    </lane>
    <lane id="e1_0">
        <vehicles value="v681 v679 v676 v674 v672 v671"/>
    </lane>
    <lane id="e10_0">
        <vehicles value=""/>
    </lane>
    <lane id="e11_0">
        <vehicles value="v668 v662 v656 v655"/>
    </lane>
    <lane id="e12_0">
        <vehicles value=""/>
    </lane>
    <lane id="e13_0">
        <vehicles value=""/>
    </lane>
    <lane id="e14_0">
        <vehicles value=""/>
    </lane>
    <lane id="e15_0">
        <vehicles value=""/>
    </lane>
    <lane id="e16_0">
        <vehicles value=""/>
    </lane>
    <lane id="e17_0">
        <vehicles value=""/>
    </lane>
    <lane id="e18_0">
        <vehicles value=""/>
    </lane>
    <lane id="e19_0">
        <vehicles value=""/>
    </lane>
    <lane id="e2_0">
        <vehicles value=""/>
    </lane>
    <lane id="e20_0">
        <vehicles value=""/>
    </lane>
    <lane id="e21_0">
        <vehicles value=""/>
    </lane>
    <lane id="e22_0">
        <vehicles value="v648 v645 v639 v636 v635 v632"/>
    </lane>
    <lane id="e23_0">
        <vehicles value="v620 v615 v611 v610 v609 v606 v605 v597"/>
    </lane>
    <lane id="e24_0">
        <vehicles value=""/>
    </lane>
    <lane id="e25_0">
        <vehicles value="v596 v595 v592 v591 v588"/>
    </lane>
    <lane id="e26_0">
        <vehicles value="v586 v580 v579 v577"/>
    </lane>
    <lane id="e27_0">
        <vehicles value=""/>
    </lane>
    <lane id="e28_0">
        <vehicles value=""/>
    </lane>
    <lane id="e29_0">
        <vehicles value="v574 v569 v567 v564 v563 v561 v560 v559 v557 v543 v542 v540 v535 v534"/>
    </lane>
    <lane id="e3_0">
        <vehicles value=""/>
    </lane>
    <lane id="e30_0">
        <vehicles value=""/>
    </lane>
    <lane id="e31_0">
        <vehicles value="v518 v514 v512 v507"/>
    </lane>
    <lane id="e32_0">
        <vehicles value="v528 v525 v522 v521"/>
    </lane>
    <lane id="e33_0">
        <vehicles value="v506 v497 v495 v492 v488 v484 v471 v464 v459"/>
    </lane>
    <lane id="e34_0">
        <vehicles value=""/>
    </lane>
    <lane id="e35_0">
        <vehicles value=""/>
    </lane>
    <lane id="e36_0">
        <vehicles value=""/>
    </lane>
    <lane id="e37_0">
        <vehicles value=""/>
    </lane>
    <lane id="e38_0">
        <vehicles value=""/>
    </lane>
    <lane id="e39_0">
        <vehicles value="v458"/>
    </lane>
    <lane id="e4_0">
        <vehicles value=""/>
    </lane>
    <lane id="e40_0">
        <vehicles value="v451"/>
    </lane>
    <lane id="e41_0">
        <vehicles value=""/>
    </lane>
    <lane id="e42_0">
        <vehicles value=""/>
    </lane>
    <lane id="e43_0">
        <vehicles value="v444 v443 v441 v436"/>
    </lane>
    <lane id="e44_0">
        <vehicles value="v252 v251"/>
    </lane>
    <lane id="e45_0">
        <vehicles value="v292 v290 v289 v281 v278 v268"/>
    </lane>
    <lane id="e46_0">
        <vehicles value=""/>
    </lane>
    <lane id="e47_0">
        <vehicles value="v259 v256"/>
    </lane>
    <lane id="e48_0">
        <vehicles value=""/>
    </lane>
    <lane id="e49_0">
        <vehicles value=""/>
    </lane>
    <lane id="e5_0">
        <vehicles value="v712 v701 v697 v696"/>
    </lane>
    <lane id="e6_0">
        <vehicles value=""/>
    </lane>
    <lane id="e7_0">
        <vehicles value="v686 v682"/>
    </lane>
    <lane id="e8_0">
        <vehicles value="v693 v691 v689"/>
    </lane>
    <lane id="e9_0">
        <vehicles value=""/>
    </lane>
</snapshot>
